ds,temperatura,humedad,velocidad_viento,precipitacion,nubosidad
2020-01-01,19.9375,62.833333333333336,8.929166666666667,0.0,0.4166666666666667
2020-01-02,18.787499999999998,65.5,8.508333333333333,0.0,8.625
2020-01-03,19.375,62.625,8.729166666666666,0.0,7.041666666666667
2020-01-04,20.633333333333333,59.541666666666664,9.045833333333333,0.0,0.375
2020-01-05,20.383333333333333,60.291666666666664,8.691666666666666,0.0,16.75
2020-01-06,21.383333333333336,55.416666666666664,10.616666666666667,0.0,12.166666666666666
2020-01-07,21.587500000000002,53.833333333333336,9.091666666666667,0.0,2.75
2020-01-08,21.479166666666668,54.25,8.666666666666666,0.0,13.0
2020-01-09,20.979166666666668,53.666666666666664,9.666666666666666,0.0,0.041666666666666664
2020-01-10,20.795833333333334,55.25,8.204166666666667,0.0,61.75
2020-01-11,21.220833333333335,54.083333333333336,7.708333333333333,0.0,58.583333333333336
2020-01-12,20.470833333333335,59.208333333333336,8.391666666666667,0.0,0.8333333333333334
2020-01-13,19.1875,65.33333333333333,9.075000000000001,0.0,11.875
2020-01-14,19.870833333333334,64.125,8.779166666666667,0.0,52.333333333333336
2020-01-15,22.087500000000002,56.75,8.262500000000001,0.0,37.666666666666664
2020-01-16,22.34166666666667,51.541666666666664,8.945833333333333,0.0,21.625
2020-01-17,22.066666666666666,48.375,8.6,0.0,45.333333333333336
2020-01-18,21.150000000000002,59.916666666666664,8.679166666666667,0.0,13.875
2020-01-19,22.0625,58.208333333333336,8.991666666666667,0.0,42.208333333333336
2020-01-20,20.816666666666666,65.91666666666667,9.520833333333334,0.0,37.375
2020-01-21,21.349999999999998,63.541666666666664,10.020833333333334,0.0,0.75
2020-01-22,22.758333333333336,56.375,9.7,0.0,48.291666666666664
2020-01-23,23.179166666666664,56.291666666666664,9.512500000000001,0.0,50.083333333333336
2020-01-24,23.695833333333336,53.666666666666664,11.045833333333334,0.0,3.0833333333333335
2020-01-25,23.683333333333334,60.291666666666664,10.183333333333334,0.0,16.625
2020-01-26,23.575,59.25,10.783333333333333,0.0,9.416666666666666
2020-01-27,22.724999999999998,64.04166666666667,9.633333333333333,0.0,0.125
2020-01-28,21.670833333333334,66.54166666666667,9.170833333333333,0.0,15.791666666666666
2020-01-29,21.866666666666664,63.083333333333336,8.725,0.0,45.291666666666664
2020-01-30,21.325,65.33333333333333,8.862499999999999,0.0,0.25
2020-01-31,20.875,66.41666666666667,8.8875,0.0,1.0
2020-02-01,20.604166666666668,66.66666666666667,9.0625,0.0,0.6666666666666666
2020-02-02,20.629166666666666,68.25,8.620833333333334,0.0,0.5
2020-02-03,20.979166666666668,69.5,8.545833333333333,0.0,17.041666666666668
2020-02-04,21.266666666666666,64.54166666666667,8.529166666666667,0.0,17.833333333333332
2020-02-05,22.27916666666667,52.291666666666664,9.112499999999999,0.0,0.2916666666666667
2020-02-06,21.037499999999998,54.875,8.204166666666667,0.0,4.25
2020-02-07,20.620833333333334,54.458333333333336,8.645833333333334,0.0,0.0
2020-02-08,20.533333333333335,55.291666666666664,8.529166666666667,0.0,0.041666666666666664
2020-02-09,19.270833333333332,64.95833333333333,8.245833333333334,0.0,7.791666666666667
2020-02-10,19.466666666666665,68.66666666666667,7.675,0.0,32.625
2020-02-11,19.7375,69.45833333333333,7.7625,0.0,19.458333333333332
2020-02-12,21.195833333333333,62.166666666666664,8.158333333333333,0.0,24.375
2020-02-13,22.025000000000002,58.333333333333336,8.270833333333334,0.0,19.875
2020-02-14,22.491666666666664,53.125,8.0875,0.0,11.583333333333334
2020-02-15,22.483333333333334,51.916666666666664,9.229166666666666,0.0,9.125
2020-02-16,22.650000000000002,56.875,9.0875,0.0,22.416666666666668
2020-02-17,21.954166666666666,59.5,7.6375,0.0,18.75
2020-02-18,22.633333333333336,55.416666666666664,7.716666666666666,0.0,0.0
2020-02-19,21.158333333333335,62.708333333333336,8.004166666666666,0.0,0.625
2020-02-20,18.9375,66.5,7.766666666666667,0.0,21.625
2020-02-21,19.641666666666666,65.29166666666667,9.362499999999999,0.0,4.416666666666667
2020-02-22,20.720833333333335,61.875,8.420833333333333,0.0,4.875
2020-02-23,20.5125,58.291666666666664,8.012500000000001,0.0,3.2916666666666665
2020-02-24,20.587500000000002,59.208333333333336,8.879166666666666,0.0,0.125
2020-02-25,21.099999999999998,54.5,7.491666666666667,0.0,0.0
2020-02-26,20.995833333333334,57.166666666666664,8.704166666666667,0.0,0.0
2020-02-27,20.704166666666666,59.333333333333336,8.645833333333334,0.0,0.0
2020-02-28,21.23333333333333,59.541666666666664,8.058333333333334,0.0,0.0
2020-02-29,19.425,71.0,7.4750000000000005,0.0,0.5833333333333334
2020-03-01,19.575,69.45833333333333,8.266666666666667,0.0,4.25
2020-03-02,19.7625,68.0,8.004166666666666,0.0,0.125
2020-03-03,19.295833333333334,71.20833333333333,7.979166666666667,0.0,17.083333333333332
2020-03-04,19.908333333333335,69.08333333333333,8.395833333333334,0.0,0.5
2020-03-05,19.7375,70.83333333333333,7.9875,0.0,15.125
2020-03-06,19.675,67.04166666666667,7.3125,0.0,39.0
2020-03-07,20.05,64.75,6.8125,0.0,7.666666666666667
2020-03-08,21.245833333333334,62.291666666666664,7.4750000000000005,0.0,5.75
2020-03-09,21.72083333333333,53.458333333333336,8.058333333333334,0.0,27.25
2020-03-10,20.645833333333332,62.333333333333336,9.0375,0.0,57.041666666666664
2020-03-11,21.241666666666667,59.458333333333336,8.404166666666667,0.0,0.08333333333333333
2020-03-12,19.820833333333333,66.25,8.070833333333333,0.0,4.333333333333333
2020-03-13,19.375,70.08333333333333,7.791666666666667,0.0,38.333333333333336
2020-03-14,20.337500000000002,67.45833333333333,7.645833333333333,0.0,29.0
2020-03-15,19.775000000000002,66.66666666666667,7.366666666666667,0.0,1.75
2020-03-16,18.1125,73.25,7.716666666666668,0.0,10.791666666666666
2020-03-17,18.241666666666667,68.33333333333333,6.766666666666667,0.0,26.708333333333332
2020-03-18,19.179166666666667,58.166666666666664,6.675,0.0,0.0
2020-03-19,18.533333333333335,60.166666666666664,7.354166666666667,0.0,0.0
2020-03-20,18.7625,62.166666666666664,7.691666666666666,0.0,0.25
2020-03-21,18.079166666666666,66.95833333333333,8.033333333333333,0.0,26.125
2020-03-22,19.8875,62.916666666666664,6.741666666666667,0.0,2.4166666666666665
2020-03-23,19.233333333333334,63.375,7.466666666666666,0.0,0.125
2020-03-24,17.491666666666667,74.0,7.804166666666667,0.0,10.541666666666666
2020-03-25,18.629166666666666,66.875,7.754166666666666,0.0,12.833333333333334
2020-03-26,18.629166666666666,63.875,6.941666666666666,0.0,0.25
2020-03-27,17.908333333333335,66.625,6.5375000000000005,0.0,8.875
2020-03-28,17.816666666666666,62.166666666666664,6.966666666666666,0.0,0.5
2020-03-29,18.916666666666668,61.666666666666664,6.008333333333333,0.0,72.83333333333333
2020-03-30,20.345833333333335,58.875,6.758333333333333,0.0,53.916666666666664
2020-03-31,19.349999999999998,64.91666666666667,6.395833333333333,0.0,17.5
2020-04-01,19.858333333333334,65.125,6.95,0.0,23.041666666666668
2020-04-02,18.2625,72.54166666666667,6.495833333333334,0.0,28.625
2020-04-03,18.720833333333335,69.375,6.7375,0.0,4.0
2020-04-04,18.608333333333334,67.04166666666667,6.308333333333334,0.0,38.25
2020-04-05,20.354166666666668,58.916666666666664,7.070833333333333,0.0,41.625
2020-04-06,20.583333333333332,55.458333333333336,6.3875,0.0,18.333333333333332
2020-04-07,20.245833333333334,55.583333333333336,6.154166666666666,0.0,1.2916666666666667
2020-04-08,17.929166666666667,70.45833333333333,7.3999999999999995,0.1,20.541666666666668
2020-04-09,17.783333333333335,71.83333333333333,6.216666666666666,0.0,11.916666666666666
2020-04-10,17.104166666666668,74.375,6.866666666666667,0.0,11.416666666666666
2020-04-11,17.354166666666668,71.08333333333333,6.091666666666666,0.0,42.666666666666664
2020-04-12,16.883333333333333,68.79166666666667,6.4375,0.0,35.416666666666664
2020-04-13,17.533333333333335,64.33333333333333,6.7124999999999995,0.0,5.916666666666667
2020-04-14,17.420833333333334,59.125,7.05,0.0,44.958333333333336
2020-04-15,15.508333333333333,70.0,6.279166666666666,0.0,73.33333333333333
2020-04-16,15.558333333333332,71.625,6.733333333333333,0.0,39.166666666666664
2020-04-17,18.329166666666666,64.20833333333333,6.129166666666666,0.0,0.0
2020-04-18,17.587500000000002,69.04166666666667,6.666666666666667,0.0,5.541666666666667
2020-04-19,17.150000000000002,71.16666666666667,6.316666666666666,0.0,18.583333333333332
2020-04-20,17.533333333333335,70.91666666666667,6.083333333333333,0.0,4.958333333333333
2020-04-21,18.316666666666666,61.75,6.0249999999999995,0.0,0.16666666666666666
2020-04-22,16.849999999999998,70.79166666666667,6.5625,0.0,16.208333333333332
2020-04-23,16.804166666666667,67.75,6.3625,0.0,21.541666666666668
2020-04-24,16.145833333333332,67.25,6.004166666666666,0.0,46.0
2020-04-25,17.054166666666667,63.125,5.5625,0.0,23.541666666666668
2020-04-26,17.037499999999998,59.958333333333336,5.908333333333332,0.0,29.583333333333332
2020-04-27,16.808333333333334,57.0,6.05,0.0,0.0
2020-04-28,19.945833333333333,37.375,5.845833333333334,0.0,0.3333333333333333
2020-04-29,17.7375,53.416666666666664,6.329166666666667,0.0,28.75
2020-04-30,13.975,79.33333333333333,5.233333333333333,0.0,95.79166666666667
2020-05-01,14.245833333333332,77.0,5.354166666666667,0.0,65.125
2020-05-02,15.262500000000001,68.625,6.425,0.0,43.541666666666664
2020-05-03,15.575000000000001,70.95833333333333,7.008333333333333,0.0,17.125
2020-05-04,16.2625,65.125,6.116666666666667,0.0,8.833333333333334
2020-05-05,16.091666666666665,64.95833333333333,5.491666666666667,0.0,5.541666666666667
2020-05-06,18.3125,49.25,5.2749999999999995,0.0,3.2083333333333335
2020-05-07,15.795833333333334,66.41666666666667,6.05,0.0,3.25
2020-05-08,14.958333333333334,71.54166666666667,6.545833333333333,0.0,29.416666666666668
2020-05-09,12.975,79.83333333333333,5.5625,0.0,44.375
2020-05-10,12.704166666666666,81.125,6.345833333333334,0.0,30.916666666666668
2020-05-11,14.362499999999999,73.125,6.020833333333333,0.0,9.208333333333334
2020-05-12,13.383333333333333,75.45833333333333,4.904166666666667,0.0,36.958333333333336
2020-05-13,13.583333333333334,69.41666666666667,5.4624999999999995,0.0,25.875
2020-05-14,16.1875,59.041666666666664,4.754166666666666,0.0,0.0
2020-05-15,19.270833333333332,45.958333333333336,4.929166666666666,0.0,0.0
2020-05-16,19.05,40.041666666666664,6.304166666666667,0.0,1.4166666666666667
2020-05-17,13.658333333333333,79.25,4.558333333333334,0.4,56.291666666666664
2020-05-18,14.200000000000001,73.83333333333333,5.3125,0.0,2.25
2020-05-19,13.383333333333333,73.0,5.2375,0.0,33.333333333333336
2020-05-20,12.516666666666666,75.66666666666667,4.3999999999999995,0.0,75.91666666666667
2020-05-21,14.275,62.666666666666664,5.991666666666667,0.0,20.125
2020-05-22,15.737499999999999,50.208333333333336,4.470833333333333,0.0,23.916666666666668
2020-05-23,17.091666666666665,43.958333333333336,4.279166666666667,0.0,10.75
2020-05-24,16.3875,55.375,5.675,0.0,18.833333333333332
2020-05-25,14.6625,64.20833333333333,5.395833333333333,0.0,10.916666666666666
2020-05-26,12.679166666666667,75.70833333333333,4.7124999999999995,0.0,42.875
2020-05-27,13.008333333333333,74.29166666666667,4.266666666666667,0.0,44.125
2020-05-28,14.929166666666667,65.04166666666667,7.5,0.0,26.458333333333332
2020-05-29,15.133333333333333,67.54166666666667,5.241666666666666,0.0,46.791666666666664
2020-05-30,15.129166666666668,72.20833333333333,4.608333333333333,4.5,63.291666666666664
2020-05-31,14.75,82.33333333333333,5.479166666666667,2.2,46.541666666666664
2020-06-01,14.816666666666668,81.41666666666667,4.066666666666666,0.30000000000000004,49.541666666666664
2020-06-02,13.708333333333334,82.625,5.029166666666667,0.0,31.375
2020-06-03,12.408333333333333,76.45833333333333,6.575,1.9000000000000001,76.625
2020-06-04,11.575000000000001,67.66666666666667,5.3125,0.0,32.916666666666664
2020-06-05,13.733333333333334,38.666666666666664,4.4125000000000005,0.0,0.0
2020-06-06,14.804166666666667,32.541666666666664,6.179166666666667,0.0,4.666666666666667
2020-06-07,13.120833333333332,50.041666666666664,6.279166666666666,0.0,8.166666666666666
2020-06-08,15.799999999999999,46.416666666666664,2.858333333333333,0.0,7.041666666666667
2020-06-09,16.841666666666665,46.75,5.720833333333334,0.0,53.75
2020-06-10,14.729166666666666,53.375,5.766666666666667,0.0,85.95833333333333
2020-06-11,11.020833333333334,79.16666666666667,3.0083333333333333,0.2,63.375
2020-06-12,11.533333333333333,75.16666666666667,4.733333333333333,0.0,31.5
2020-06-13,16.483333333333334,40.75,5.591666666666666,0.0,0.0
2020-06-14,13.779166666666667,47.833333333333336,4.254166666666666,0.0,2.8333333333333335
2020-06-15,11.716666666666667,78.33333333333333,5.529166666666666,0.1,25.666666666666668
2020-06-16,11.104166666666666,81.625,5.575,0.0,63.583333333333336
2020-06-17,11.566666666666668,82.875,6.666666666666667,13.0,61.583333333333336
2020-06-18,13.254166666666668,56.083333333333336,3.9916666666666667,0.0,75.125
2020-06-19,13.691666666666668,53.0,3.8708333333333336,0.0,23.125
2020-06-20,12.804166666666667,75.79166666666667,4.645833333333333,0.0,26.291666666666668
2020-06-21,13.395833333333334,76.625,4.370833333333333,0.0,51.25
2020-06-22,13.487499999999999,80.58333333333333,5.0625,0.0,63.416666666666664
2020-06-23,10.7875,94.375,2.75,0.0,92.625
2020-06-24,11.345833333333333,84.70833333333333,4.779166666666667,0.0,63.875
2020-06-25,13.308333333333332,60.083333333333336,4.5,0.0,75.83333333333333
2020-06-26,12.0875,71.66666666666667,4.608333333333333,0.0,47.166666666666664
2020-06-27,15.020833333333334,61.166666666666664,3.7083333333333335,0.0,59.791666666666664
2020-06-28,12.75,65.58333333333333,4.375,0.0,74.125
2020-06-29,11.245833333333332,71.16666666666667,4.991666666666666,0.0,68.5
2020-06-30,13.3375,57.375,4.0,0.0,38.5
2020-07-01,16.5125,42.958333333333336,5.041666666666667,0.0,38.333333333333336
2020-07-02,16.570833333333333,55.666666666666664,5.8374999999999995,0.0,33.291666666666664
2020-07-03,15.987499999999999,56.416666666666664,4.866666666666666,0.0,0.0
2020-07-04,10.083333333333334,84.5,6.358333333333333,0.0,66.16666666666667
2020-07-05,11.308333333333332,71.79166666666667,3.6,0.0,42.458333333333336
2020-07-06,12.808333333333332,57.583333333333336,5.9624999999999995,0.0,17.958333333333332
2020-07-07,11.070833333333333,74.875,5.354166666666667,0.4,37.958333333333336
2020-07-08,12.741666666666667,61.416666666666664,4.645833333333333,0.0,7.583333333333333
2020-07-09,16.0625,32.5,6.041666666666667,0.0,7.291666666666667
2020-07-10,12.533333333333333,54.083333333333336,5.720833333333334,0.0,10.0
2020-07-11,11.5,80.45833333333333,5.833333333333333,0.0,32.5
2020-07-12,13.725,75.875,4.5874999999999995,0.0,42.458333333333336
2020-07-13,10.545833333333333,82.375,4.541666666666667,0.0,39.916666666666664
2020-07-14,13.612499999999999,64.25,3.9458333333333333,0.0,1.0833333333333333
2020-07-15,12.970833333333333,49.916666666666664,6.383333333333333,0.0,2.0416666666666665
2020-07-16,13.141666666666666,47.666666666666664,6.279166666666666,0.0,2.1666666666666665
2020-07-17,11.679166666666667,52.791666666666664,6.45,0.0,13.541666666666666
2020-07-18,9.616666666666667,82.45833333333333,4.633333333333334,0.0,66.25
2020-07-19,10.554166666666667,86.33333333333333,4.166666666666667,0.0,89.70833333333333
2020-07-20,11.979166666666666,75.79166666666667,4.941666666666666,0.0,81.29166666666667
2020-07-21,10.75,69.83333333333333,5.195833333333334,0.0,46.541666666666664
2020-07-22,10.833333333333334,66.45833333333333,5.8500000000000005,0.0,11.666666666666666
2020-07-23,9.579166666666667,67.875,6.791666666666667,0.0,8.291666666666666
2020-07-24,10.125,60.0,3.7916666666666665,0.0,6.833333333333333
2020-07-25,15.058333333333332,29.916666666666668,5.6625000000000005,0.0,21.583333333333332
2020-07-26,14.6625,37.166666666666664,5.783333333333334,0.0,0.8333333333333334
2020-07-27,13.016666666666666,65.08333333333333,4.929166666666666,0.0,0.0
2020-07-28,17.25,34.416666666666664,5.916666666666667,0.0,0.0
2020-07-29,15.424999999999999,45.166666666666664,6.4375,0.0,53.458333333333336
2020-07-30,14.5875,63.125,5.2875000000000005,0.0,36.166666666666664
2020-07-31,18.241666666666667,27.666666666666668,5.195833333333334,0.0,0.0
2020-08-01,12.920833333333334,63.083333333333336,5.7749999999999995,0.0,13.0
2020-08-02,12.408333333333333,73.45833333333333,6.416666666666667,0.0,31.0
2020-08-03,13.295833333333334,68.33333333333333,6.745833333333334,0.0,0.0
2020-08-04,12.466666666666667,79.25,5.8875,0.0,25.083333333333332
2020-08-05,14.6,71.41666666666667,6.995833333333334,0.0,48.541666666666664
2020-08-06,15.291666666666666,64.33333333333333,4.691666666666666,0.0,19.375
2020-08-07,12.479166666666666,78.33333333333333,5.629166666666666,0.0,36.958333333333336
2020-08-08,12.383333333333333,78.33333333333333,5.691666666666666,0.0,20.291666666666668
2020-08-09,13.483333333333334,74.58333333333333,6.0874999999999995,0.0,45.083333333333336
2020-08-10,15.545833333333334,64.5,7.304166666666667,0.0,68.91666666666667
2020-08-11,10.579166666666667,85.0,5.6875,0.0,92.33333333333333
2020-08-12,11.379166666666668,79.5,5.154166666666667,0.0,40.416666666666664
2020-08-13,11.6625,66.66666666666667,5.6000000000000005,0.0,9.875
2020-08-14,10.983333333333334,67.83333333333333,6.691666666666666,0.0,17.916666666666668
2020-08-15,12.683333333333332,58.666666666666664,5.2749999999999995,0.0,0.0
2020-08-16,11.6,68.875,5.454166666666667,0.0,0.041666666666666664
2020-08-17,10.991666666666667,72.83333333333333,5.829166666666667,0.0,0.20833333333333334
2020-08-18,10.370833333333334,75.25,5.233333333333333,0.0,15.875
2020-08-19,11.779166666666667,69.79166666666667,5.966666666666666,0.0,8.416666666666666
2020-08-20,11.549999999999999,69.66666666666667,5.166666666666667,0.0,0.0
2020-08-21,13.516666666666666,61.083333333333336,5.075,0.0,0.0
2020-08-22,13.133333333333333,62.875,7.133333333333333,0.0,5.833333333333333
2020-08-23,11.154166666666667,69.95833333333333,7.333333333333333,0.0,8.0
2020-08-24,11.766666666666666,62.875,9.095833333333333,0.0,48.458333333333336
2020-08-25,11.533333333333333,65.25,7.0874999999999995,0.0,48.333333333333336
2020-08-26,11.9125,67.375,6.1000000000000005,0.0,4.833333333333333
2020-08-27,12.991666666666667,60.083333333333336,5.741666666666667,0.0,0.0
2020-08-28,12.708333333333334,59.958333333333336,6.5,0.0,6.041666666666667
2020-08-29,14.333333333333334,48.291666666666664,6.1375,0.0,5.041666666666667
2020-08-30,15.333333333333334,41.208333333333336,6.091666666666666,0.0,27.208333333333332
2020-08-31,13.666666666666666,62.75,7.233333333333333,0.1,49.666666666666664
2020-09-01,11.737499999999999,72.0,4.5,0.6000000000000001,60.791666666666664
2020-09-02,13.266666666666666,62.625,6.55,0.0,7.041666666666667
2020-09-03,13.995833333333332,61.5,7.058333333333334,0.0,4.708333333333333
2020-09-04,13.591666666666667,69.45833333333333,7.245833333333334,0.0,33.791666666666664
2020-09-05,13.700000000000001,58.75,6.079166666666667,0.0,69.5
2020-09-06,16.1125,37.416666666666664,6.7875000000000005,0.0,43.583333333333336
2020-09-07,13.458333333333334,63.916666666666664,7.233333333333333,0.0,14.0
2020-09-08,12.329166666666666,72.16666666666667,6.5625,0.0,18.291666666666668
2020-09-09,16.125,55.5,6.929166666666667,0.0,13.416666666666666
2020-09-10,18.341666666666665,41.416666666666664,8.25,0.0,0.0
2020-09-11,13.5375,74.75,7.3125,0.0,32.416666666666664
2020-09-12,14.066666666666668,71.04166666666667,6.7250000000000005,0.0,24.375
2020-09-13,15.916666666666666,61.5,6.0249999999999995,0.0,0.0
2020-09-14,15.679166666666667,57.875,6.991666666666667,0.0,0.0
2020-09-15,12.516666666666666,73.70833333333333,7.170833333333333,0.0,30.625
2020-09-16,13.637500000000001,68.625,6.854166666666667,0.0,23.708333333333332
2020-09-17,16.495833333333334,56.666666666666664,7.0125,0.0,0.0
2020-09-18,16.2625,63.083333333333336,7.8999999999999995,0.0,7.791666666666667
2020-09-19,14.866666666666667,67.25,6.2625,0.0,4.083333333333333
2020-09-20,14.941666666666668,68.625,6.829166666666667,0.0,6.666666666666667
2020-09-21,14.233333333333334,72.33333333333333,6.875,0.0,37.375
2020-09-22,16.941666666666666,60.708333333333336,7.533333333333334,0.0,8.0
2020-09-23,17.070833333333333,61.166666666666664,7.370833333333334,0.0,86.58333333333333
2020-09-24,14.554166666666667,69.08333333333333,7.816666666666666,0.0,86.375
2020-09-25,14.1625,66.45833333333333,8.279166666666667,0.0,40.083333333333336
2020-09-26,14.25,60.833333333333336,7.816666666666666,0.0,5.833333333333333
2020-09-27,15.308333333333332,50.833333333333336,7.3,0.0,1.0416666666666667
2020-09-28,15.5375,53.916666666666664,8.35,0.0,2.6666666666666665
2020-09-29,14.341666666666667,64.5,6.966666666666666,0.0,0.2916666666666667
2020-09-30,16.145833333333332,52.0,8.025,0.0,0.0
2020-10-01,16.849999999999998,46.708333333333336,8.225,0.0,0.0
2020-10-02,15.654166666666667,52.208333333333336,7.683333333333334,0.0,31.916666666666668
2020-10-03,15.887500000000001,48.375,7.3374999999999995,0.0,84.04166666666667
2020-10-04,17.3875,35.416666666666664,7.454166666666667,0.0,76.20833333333333
2020-10-05,15.408333333333333,45.0,6.504166666666666,0.0,61.291666666666664
2020-10-06,17.383333333333333,52.916666666666664,8.5125,0.0,53.125
2020-10-07,18.4375,51.625,7.8875,0.0,7.208333333333333
2020-10-08,24.304166666666664,25.833333333333332,6.695833333333333,0.0,32.083333333333336
2020-10-09,21.833333333333332,25.75,7.9624999999999995,0.0,4.041666666666667
2020-10-10,17.041666666666668,57.041666666666664,8.108333333333333,0.0,8.333333333333334
2020-10-11,15.479166666666666,62.0,7.5874999999999995,0.0,3.6666666666666665
2020-10-12,14.820833333333333,66.625,6.516666666666667,0.0,4.0
2020-10-13,15.808333333333332,64.20833333333333,8.049999999999999,0.0,23.875
2020-10-14,16.0125,63.0,8.383333333333333,0.0,8.291666666666666
2020-10-15,16.679166666666667,62.333333333333336,8.358333333333333,0.0,0.9166666666666666
2020-10-16,16.129166666666666,66.25,7.591666666666666,0.0,14.416666666666666
2020-10-17,16.854166666666668,65.25,8.245833333333334,0.0,0.0
2020-10-18,16.283333333333335,66.70833333333333,7.845833333333334,0.0,7.916666666666667
2020-10-19,16.241666666666667,65.25,9.558333333333332,0.0,8.791666666666666
2020-10-20,17.8875,54.583333333333336,8.870833333333334,0.0,0.041666666666666664
2020-10-21,16.729166666666668,57.833333333333336,7.454166666666667,0.0,4.916666666666667
2020-10-22,16.375,60.875,7.5874999999999995,0.0,0.25
2020-10-23,15.854166666666666,66.45833333333333,7.945833333333333,0.0,13.5
2020-10-24,15.270833333333334,69.20833333333333,8.991666666666667,0.0,10.291666666666666
2020-10-25,17.166666666666668,56.583333333333336,7.879166666666666,0.0,12.375
2020-10-26,18.954166666666666,41.875,8.375,0.0,0.0
2020-10-27,15.4375,65.29166666666667,8.083333333333334,0.0,25.166666666666668
2020-10-28,17.220833333333335,54.791666666666664,9.258333333333333,0.0,11.208333333333334
2020-10-29,17.5625,57.833333333333336,8.120833333333334,0.0,0.0
2020-10-30,16.662499999999998,62.416666666666664,7.520833333333333,0.0,1.4166666666666667
2020-10-31,17.083333333333332,58.416666666666664,9.15,0.0,0.4166666666666667
2020-11-01,16.408333333333335,64.875,8.920833333333333,0.0,0.8333333333333334
2020-11-02,16.033333333333335,67.70833333333333,8.3375,0.0,0.5
2020-11-03,15.662500000000001,68.58333333333333,9.575000000000001,0.0,12.208333333333334
2020-11-04,14.758333333333333,74.20833333333333,7.254166666666666,0.1,84.29166666666667
2020-11-05,17.529166666666665,64.20833333333333,8.208333333333334,0.0,16.458333333333332
2020-11-06,18.520833333333332,53.958333333333336,7.291666666666667,0.0,15.833333333333334
2020-11-07,17.033333333333335,62.375,8.112499999999999,0.0,23.375
2020-11-08,17.129166666666666,60.458333333333336,9.424999999999999,0.0,22.25
2020-11-09,16.962500000000002,67.91666666666667,8.204166666666667,0.0,17.333333333333332
2020-11-10,16.2375,68.04166666666667,9.041666666666666,0.0,16.458333333333332
2020-11-11,15.591666666666667,69.54166666666667,8.541666666666666,0.0,21.208333333333332
2020-11-12,17.037499999999998,63.416666666666664,8.533333333333333,0.0,6.666666666666667
2020-11-13,16.087500000000002,66.04166666666667,9.075000000000001,0.0,44.5
2020-11-14,16.912499999999998,56.041666666666664,9.458333333333334,0.0,0.08333333333333333
2020-11-15,16.979166666666668,54.333333333333336,8.3375,0.0,3.125
2020-11-16,16.2625,59.083333333333336,9.020833333333334,0.0,0.08333333333333333
2020-11-17,15.15,62.583333333333336,8.504166666666666,0.2,36.083333333333336
2020-11-18,16.1125,64.625,9.0,0.0,1.0416666666666667
2020-11-19,15.629166666666668,65.58333333333333,9.362499999999999,0.0,11.25
2020-11-20,16.895833333333332,53.25,8.1875,0.0,0.0
2020-11-21,20.191666666666666,37.958333333333336,9.225,0.0,0.0
2020-11-22,19.412499999999998,47.75,8.766666666666667,0.0,0.0
2020-11-23,17.787499999999998,58.625,8.012500000000001,0.0,43.541666666666664
2020-11-24,19.858333333333334,49.083333333333336,8.183333333333334,0.0,40.5
2020-11-25,22.175,40.708333333333336,9.316666666666666,0.0,0.0
2020-11-26,17.804166666666667,59.375,8.366666666666665,0.0,5.708333333333333
2020-11-27,18.183333333333334,59.583333333333336,8.225,0.0,0.0
2020-11-28,19.087500000000002,58.916666666666664,7.408333333333334,0.0,0.0
2020-11-29,19.587500000000002,58.583333333333336,8.375,0.0,0.0
2020-11-30,18.283333333333335,61.875,9.970833333333333,0.0,0.0
2020-12-01,17.425,67.0,8.049999999999999,0.2,33.833333333333336
2020-12-02,18.858333333333334,58.291666666666664,8.137500000000001,0.0,0.0
2020-12-03,18.566666666666666,58.833333333333336,8.966666666666667,0.0,0.0
2020-12-04,18.162499999999998,61.916666666666664,8.266666666666667,0.0,0.9583333333333334
2020-12-05,19.091666666666665,56.041666666666664,8.1875,0.0,0.08333333333333333
2020-12-06,19.158333333333335,57.333333333333336,8.5875,0.0,0.0
2020-12-07,17.770833333333332,65.58333333333333,9.383333333333335,0.0,1.125
2020-12-08,17.370833333333334,68.66666666666667,8.195833333333333,0.0,13.833333333333334
2020-12-09,18.2625,66.5,9.491666666666667,0.0,7.958333333333333
2020-12-10,18.175,64.5,8.924999999999999,0.0,39.791666666666664
2020-12-11,19.412499999999998,54.916666666666664,9.208333333333334,0.0,10.5
2020-12-12,19.400000000000002,54.916666666666664,8.975,0.0,0.25
2020-12-13,19.254166666666666,59.541666666666664,9.225,0.0,0.0
2020-12-14,19.654166666666665,59.083333333333336,9.200000000000001,0.0,0.041666666666666664
2020-12-15,19.604166666666668,60.666666666666664,8.808333333333334,0.0,0.041666666666666664
2020-12-16,19.383333333333333,61.875,9.795833333333333,0.0,0.6666666666666666
2020-12-17,18.675,63.583333333333336,9.025,0.0,0.041666666666666664
2020-12-18,18.295833333333334,58.208333333333336,9.304166666666667,0.0,1.4583333333333333
2020-12-19,19.474999999999998,48.291666666666664,9.679166666666667,0.0,0.0
2020-12-20,19.912499999999998,53.291666666666664,8.504166666666666,0.0,0.0
2020-12-21,19.529166666666665,58.625,8.645833333333334,0.0,0.5
2020-12-22,19.116666666666667,59.125,9.304166666666667,0.0,4.833333333333333
2020-12-23,19.3,58.875,9.575000000000001,0.0,6.5
2020-12-24,19.650000000000002,56.458333333333336,8.883333333333333,0.0,0.041666666666666664
2020-12-25,19.358333333333334,60.333333333333336,9.533333333333333,0.0,0.20833333333333334
2020-12-26,18.650000000000002,59.875,9.15,0.0,26.333333333333332
2020-12-27,19.283333333333335,55.833333333333336,9.620833333333334,0.0,0.0
2020-12-28,19.0,63.041666666666664,9.533333333333333,0.0,0.20833333333333334
2020-12-29,19.895833333333332,62.375,9.733333333333333,0.0,0.0
2020-12-30,21.90833333333333,54.166666666666664,8.737499999999999,0.0,0.0
2020-12-31,20.9375,62.541666666666664,10.137500000000001,0.0,5.5
2021-01-01,20.229166666666668,61.625,9.691666666666666,0.0,3.875
2021-01-02,19.529166666666665,63.666666666666664,8.908333333333333,0.0,3.5416666666666665
2021-01-03,20.162499999999998,57.708333333333336,8.158333333333333,0.0,0.0
2021-01-04,19.983333333333334,61.833333333333336,8.658333333333333,0.0,14.208333333333334
2021-01-05,20.2,62.083333333333336,8.083333333333334,0.0,1.375
2021-01-06,20.358333333333334,57.625,8.362499999999999,0.0,0.0
2021-01-07,19.904166666666665,62.208333333333336,8.799999999999999,0.0,0.0
2021-01-08,20.55,59.166666666666664,8.904166666666667,0.0,0.0
2021-01-09,20.404166666666665,58.208333333333336,8.95,0.0,0.0
2021-01-10,20.833333333333332,50.5,8.858333333333333,0.0,0.0
2021-01-11,21.358333333333334,45.416666666666664,8.258333333333333,0.0,0.16666666666666666
2021-01-12,21.379166666666666,46.625,8.316666666666666,0.0,0.0
2021-01-13,19.583333333333332,54.0,7.645833333333333,0.0,0.08333333333333333
2021-01-14,19.170833333333334,55.208333333333336,8.666666666666666,0.0,0.20833333333333334
2021-01-15,18.2,61.666666666666664,8.116666666666667,0.0,20.333333333333332
2021-01-16,19.133333333333333,59.791666666666664,8.366666666666667,0.0,1.0833333333333333
2021-01-17,20.504166666666666,53.541666666666664,9.299999999999999,0.0,0.0
2021-01-18,20.616666666666667,56.916666666666664,9.633333333333333,0.0,0.0
2021-01-19,20.279166666666665,56.25,10.112499999999999,0.0,0.125
2021-01-20,19.183333333333334,60.958333333333336,9.445833333333333,0.0,0.3333333333333333
2021-01-21,19.595833333333335,64.79166666666667,9.554166666666667,0.0,4.166666666666667
2021-01-22,20.316666666666666,63.166666666666664,10.325000000000001,0.0,1.2083333333333333
2021-01-23,21.275000000000002,59.416666666666664,10.479166666666666,0.0,6.75
2021-01-24,21.116666666666667,58.875,10.370833333333334,0.0,0.8333333333333334
2021-01-25,19.991666666666667,61.75,10.033333333333333,0.0,13.666666666666666
2021-01-26,20.25,63.291666666666664,8.725,0.0,10.541666666666666
2021-01-27,21.5625,57.541666666666664,9.179166666666667,0.0,0.0
2021-01-28,21.34583333333333,59.416666666666664,9.6,0.0,0.125
2021-01-29,20.1375,64.5,9.4125,0.0,1.9166666666666667
2021-01-30,21.150000000000002,59.875,9.245833333333334,0.0,0.2916666666666667
2021-01-31,21.420833333333334,61.875,9.691666666666666,0.0,0.3333333333333333
2021-02-01,22.104166666666668,56.125,8.820833333333333,0.0,3.125
2021-02-02,20.658333333333335,53.5,7.933333333333334,0.0,54.666666666666664
2021-02-03,21.233333333333334,51.833333333333336,7.8999999999999995,0.0,19.25
2021-02-04,20.962500000000002,56.5,8.370833333333334,0.0,20.708333333333332
2021-02-05,19.4375,63.0,8.450000000000001,0.0,12.666666666666666
2021-02-06,19.266666666666666,64.25,8.200000000000001,0.0,12.541666666666666
2021-02-07,19.270833333333332,63.208333333333336,8.200000000000001,0.0,8.458333333333334
2021-02-08,20.4875,53.416666666666664,7.8500000000000005,0.0,0.0
2021-02-09,20.55,51.333333333333336,8.695833333333333,0.0,0.0
2021-02-10,19.866666666666667,63.625,9.366666666666667,0.0,1.375
2021-02-11,20.108333333333334,66.45833333333333,8.654166666666667,0.0,12.666666666666666
2021-02-12,20.808333333333334,63.75,8.858333333333333,0.0,0.16666666666666666
2021-02-13,20.516666666666666,62.583333333333336,8.700000000000001,0.0,0.5416666666666666
2021-02-14,21.400000000000002,56.25,8.408333333333333,0.0,0.0
2021-02-15,20.583333333333332,56.916666666666664,8.241666666666667,0.0,6.083333333333333
2021-02-16,20.224999999999998,54.416666666666664,8.566666666666666,0.0,0.0
2021-02-17,20.6875,54.25,8.516666666666667,0.0,0.0
2021-02-18,20.454166666666666,56.583333333333336,8.5,0.0,0.08333333333333333
2021-02-19,21.974999999999998,47.958333333333336,8.137500000000001,0.0,0.0
2021-02-20,21.349999999999998,48.708333333333336,8.049999999999999,0.0,0.0
2021-02-21,19.599999999999998,64.25,7.183333333333334,0.0,0.125
2021-02-22,18.55,66.58333333333333,7.5625,0.0,50.416666666666664
2021-02-23,18.712500000000002,65.83333333333333,8.458333333333334,0.0,22.833333333333332
2021-02-24,19.520833333333332,63.916666666666664,7.870833333333334,0.0,0.0
2021-02-25,19.091666666666665,66.875,8.375,0.0,4.041666666666667
2021-02-26,19.758333333333333,65.29166666666667,8.299999999999999,0.0,10.0
2021-02-27,21.349999999999998,59.75,8.033333333333333,0.0,0.6666666666666666
2021-02-28,21.054166666666667,59.958333333333336,7.720833333333334,0.0,0.25
2021-03-01,20.175,62.458333333333336,8.125,0.0,1.5
2021-03-02,20.116666666666667,63.5,8.424999999999999,0.0,0.0
2021-03-03,19.912499999999998,65.25,8.654166666666667,0.0,0.041666666666666664
2021-03-04,19.816666666666666,71.08333333333333,8.683333333333334,0.0,0.625
2021-03-05,20.979166666666668,64.625,7.95,0.0,27.375
2021-03-06,20.916666666666668,65.0,8.870833333333334,0.0,1.1666666666666667
2021-03-07,19.8625,70.66666666666667,8.616666666666667,0.0,0.25
2021-03-08,20.900000000000002,67.95833333333333,7.845833333333334,0.0,10.791666666666666
2021-03-09,20.208333333333332,70.16666666666667,7.508333333333333,0.0,22.166666666666668
2021-03-10,20.3,66.66666666666667,8.741666666666667,0.0,30.041666666666668
2021-03-11,19.662499999999998,64.125,9.191666666666666,0.0,57.375
2021-03-12,20.358333333333334,61.416666666666664,8.445833333333333,0.0,12.875
2021-03-13,19.675,65.04166666666667,7.6125,0.0,0.0
2021-03-14,19.058333333333334,67.16666666666667,8.9125,0.0,0.0
2021-03-15,18.416666666666668,65.875,8.879166666666666,0.0,39.875
2021-03-16,19.0,60.083333333333336,7.866666666666667,0.0,0.0
2021-03-17,19.591666666666665,55.958333333333336,6.016666666666667,0.0,0.25
2021-03-18,19.266666666666666,58.666666666666664,8.095833333333333,0.0,14.666666666666666
2021-03-19,19.195833333333333,53.416666666666664,9.387500000000001,0.4,39.541666666666664
2021-03-20,18.804166666666667,51.291666666666664,7.679166666666667,0.0,0.041666666666666664
2021-03-21,21.150000000000002,36.833333333333336,6.570833333333334,0.0,0.0
2021-03-22,21.316666666666666,37.041666666666664,7.429166666666667,0.0,0.0
2021-03-23,19.429166666666667,50.5,6.8999999999999995,0.0,0.0
2021-03-24,18.304166666666667,64.79166666666667,6.179166666666667,0.0,11.25
2021-03-25,19.691666666666666,54.291666666666664,7.208333333333333,0.0,0.0
2021-03-26,19.650000000000002,50.791666666666664,7.816666666666666,0.0,0.0
2021-03-27,18.429166666666667,56.25,7.179166666666667,0.0,0.0
2021-03-28,17.108333333333334,62.916666666666664,6.891666666666667,0.0,0.2916666666666667
2021-03-29,16.162499999999998,68.91666666666667,6.629166666666666,0.0,0.0
2021-03-30,16.604166666666668,67.91666666666667,6.258333333333334,0.0,0.08333333333333333
2021-03-31,16.408333333333335,67.54166666666667,6.741666666666667,0.0,4.25
2021-04-01,16.858333333333334,65.16666666666667,6.275000000000001,0.0,0.5833333333333334
2021-04-02,17.641666666666666,62.333333333333336,5.670833333333333,0.0,37.666666666666664
2021-04-03,18.758333333333333,60.0,6.625,0.0,91.125
2021-04-04,18.3125,61.25,5.908333333333334,0.0,49.875
2021-04-05,19.433333333333334,52.833333333333336,7.508333333333333,0.0,0.0
2021-04-06,18.304166666666667,61.583333333333336,6.658333333333334,0.0,0.9583333333333334
2021-04-07,18.32916666666667,66.70833333333333,7.129166666666666,0.0,68.125
2021-04-08,18.816666666666666,63.333333333333336,7.1375,0.0,24.25
2021-04-09,19.204166666666666,54.375,7.1625000000000005,0.0,9.166666666666666
2021-04-10,18.650000000000002,54.875,7.504166666666666,0.0,10.625
2021-04-11,18.045833333333334,55.041666666666664,6.158333333333334,0.0,0.0
2021-04-12,16.150000000000002,68.08333333333333,6.1625000000000005,0.0,1.0
2021-04-13,17.6875,59.291666666666664,5.816666666666666,0.0,0.20833333333333334
2021-04-14,15.5625,71.04166666666667,6.875,0.0,3.875
2021-04-15,15.870833333333332,72.41666666666667,6.3500000000000005,0.0,53.291666666666664
2021-04-16,16.308333333333334,71.20833333333333,6.004166666666666,0.0,13.083333333333334
2021-04-17,15.8125,73.25,6.320833333333333,0.0,21.833333333333332
2021-04-18,16.904166666666665,68.66666666666667,6.516666666666667,0.0,0.0
2021-04-19,15.916666666666666,68.66666666666667,6.533333333333334,0.0,27.125
2021-04-20,15.629166666666668,62.333333333333336,7.433333333333334,0.0,44.541666666666664
2021-04-21,16.795833333333334,58.083333333333336,6.920833333333333,0.0,24.916666666666668
2021-04-22,17.083333333333332,56.416666666666664,6.3374999999999995,0.0,4.625
2021-04-23,15.441666666666668,66.66666666666667,4.983333333333333,0.1,37.375
2021-04-24,15.137500000000001,68.20833333333333,7.429166666666667,0.0,0.0
2021-04-25,14.345833333333333,79.91666666666667,6.675000000000001,0.0,29.416666666666668
2021-04-26,15.358333333333334,73.41666666666667,5.529166666666666,0.0,19.416666666666668
2021-04-27,14.516666666666666,72.70833333333333,5.658333333333334,0.0,30.25
2021-04-28,15.295833333333334,70.91666666666667,6.283333333333334,0.0,0.08333333333333333
2021-04-29,14.670833333333334,74.08333333333333,6.241666666666667,0.0,15.375
2021-04-30,15.1,64.41666666666667,6.6499999999999995,0.0,8.333333333333334
2021-05-01,15.012500000000001,58.541666666666664,6.491666666666667,0.0,33.708333333333336
2021-05-02,16.037499999999998,47.541666666666664,7.404166666666666,0.0,12.958333333333334
2021-05-03,15.920833333333334,53.125,8.487499999999999,0.0,16.666666666666668
2021-05-04,15.270833333333334,60.875,6.5874999999999995,0.0,0.041666666666666664
2021-05-05,16.345833333333335,56.291666666666664,5.166666666666667,0.0,0.0
2021-05-06,18.033333333333335,34.041666666666664,5.8500000000000005,0.0,46.041666666666664
2021-05-07,14.941666666666668,68.875,5.325,0.30000000000000004,63.958333333333336
2021-05-08,14.3125,70.79166666666667,6.558333333333334,0.0,41.291666666666664
2021-05-09,16.383333333333333,59.5,6.883333333333333,0.0,27.708333333333332
2021-05-10,16.579166666666666,56.625,5.066666666666666,0.0,21.041666666666668
2021-05-11,16.041666666666668,58.541666666666664,5.379166666666666,0.0,1.0
2021-05-12,14.4,65.875,5.633333333333333,0.0,68.58333333333333
2021-05-13,18.241666666666667,49.5,7.354166666666667,0.0,43.791666666666664
2021-05-14,18.991666666666667,52.5,5.670833333333333,0.0,1.5833333333333333
2021-05-15,15.441666666666668,73.08333333333333,5.454166666666667,0.0,63.708333333333336
2021-05-16,17.408333333333335,60.083333333333336,5.6375,0.0,71.5
2021-05-17,16.716666666666665,58.375,5.966666666666666,0.0,21.958333333333332
2021-05-18,13.8375,79.70833333333333,5.704166666666667,1.2,79.54166666666667
2021-05-19,13.887500000000001,77.25,4.316666666666666,0.0,94.25
2021-05-20,14.075000000000001,72.66666666666667,5.3625,0.0,41.125
2021-05-21,14.916666666666666,56.083333333333336,5.258333333333334,0.0,0.3333333333333333
2021-05-22,17.625,27.25,6.245833333333334,0.0,0.0
2021-05-23,16.875,24.5,6.8625,0.0,69.125
2021-05-24,13.204166666666666,65.66666666666667,6.1125,0.0,22.083333333333332
2021-05-25,15.870833333333335,55.708333333333336,4.120833333333334,0.0,37.666666666666664
2021-05-26,18.8875,27.083333333333332,4.316666666666667,0.0,39.083333333333336
2021-05-27,16.5,34.958333333333336,6.633333333333333,0.0,64.95833333333333
2021-05-28,15.158333333333333,69.75,6.633333333333333,0.0,41.75
2021-05-29,18.4375,53.166666666666664,5.175,0.0,0.625
2021-05-30,17.962500000000002,45.125,5.145833333333333,0.0,0.0
2021-05-31,20.587500000000002,31.166666666666668,5.570833333333333,0.0,0.4583333333333333
2021-06-01,19.033333333333335,41.25,6.4375,0.0,6.333333333333333
2021-06-02,16.620833333333334,66.20833333333333,7.408333333333334,0.0,3.375
2021-06-03,14.791666666666666,70.54166666666667,5.925,0.0,10.583333333333334
2021-06-04,12.9125,82.58333333333333,5.3125,0.0,65.58333333333333
2021-06-05,13.549999999999999,80.58333333333333,5.191666666666666,0.0,46.958333333333336
2021-06-06,13.279166666666667,75.58333333333333,5.529166666666666,0.0,20.208333333333332
2021-06-07,13.991666666666667,60.833333333333336,5.4624999999999995,0.0,0.6666666666666666
2021-06-08,15.737499999999999,44.25,6.0625,0.0,0.16666666666666666
2021-06-09,12.1875,74.16666666666667,6.625,0.0,21.25
2021-06-10,15.854166666666666,55.875,4.325,0.0,3.25
2021-06-11,18.212500000000002,41.166666666666664,5.175,0.0,0.041666666666666664
2021-06-12,13.858333333333334,60.958333333333336,5.75,0.0,2.1666666666666665
2021-06-13,10.404166666666667,77.83333333333333,4.391666666666667,0.0,42.791666666666664
2021-06-14,13.6,53.125,5.904166666666666,0.0,2.1666666666666665
2021-06-15,12.933333333333332,66.625,6.595833333333334,4.0,32.041666666666664
2021-06-16,12.591666666666667,71.375,5.095833333333333,0.0,36.458333333333336
2021-06-17,13.491666666666667,70.875,5.2625,0.0,5.541666666666667
2021-06-18,12.120833333333332,77.95833333333333,4.158333333333333,0.0,19.416666666666668
2021-06-19,13.295833333333334,65.625,4.85,0.0,41.458333333333336
2021-06-20,11.495833333333332,64.5,4.716666666666667,0.0,9.333333333333334
2021-06-21,12.387500000000001,64.54166666666667,3.8541666666666665,0.0,0.0
2021-06-22,12.625,53.791666666666664,6.3875,0.0,1.4166666666666667
2021-06-23,9.104166666666666,83.04166666666667,5.2749999999999995,4.0,54.833333333333336
2021-06-24,12.579166666666666,54.416666666666664,5.729166666666667,0.0,0.20833333333333334
2021-06-25,13.066666666666668,60.25,4.75,0.0,73.54166666666667
2021-06-26,13.683333333333332,63.5,4.604166666666667,0.0,1.25
2021-06-27,12.420833333333333,44.166666666666664,5.254166666666666,0.0,0.0
2021-06-28,14.2125,29.75,4.283333333333333,0.0,0.0
2021-06-29,14.266666666666666,28.541666666666668,6.870833333333334,0.0,5.041666666666667
2021-06-30,9.895833333333334,69.04166666666667,5.4375,0.0,71.08333333333333
2021-07-01,9.637500000000001,76.125,4.595833333333333,0.0,63.208333333333336
2021-07-02,11.670833333333334,69.75,4.966666666666667,0.0,89.79166666666667
2021-07-03,13.420833333333334,58.166666666666664,4.220833333333333,0.0,91.41666666666667
2021-07-04,11.366666666666667,74.45833333333333,5.3625,0.0,58.75
2021-07-05,12.966666666666667,58.958333333333336,5.579166666666667,0.0,30.083333333333332
2021-07-06,10.545833333333333,75.04166666666667,5.141666666666667,0.0,18.333333333333332
2021-07-07,14.833333333333334,51.541666666666664,3.4916666666666667,0.0,0.0
2021-07-08,12.25,67.0,4.4375,0.0,9.541666666666666
2021-07-09,10.545833333333333,78.91666666666667,6.029166666666666,0.0,68.33333333333333
2021-07-10,13.3375,59.791666666666664,3.704166666666667,0.0,37.583333333333336
2021-07-11,13.108333333333334,65.25,4.75,0.0,55.541666666666664
2021-07-12,11.5,75.33333333333333,4.183333333333334,0.2,42.291666666666664
2021-07-13,11.4625,79.125,6.504166666666666,0.0,23.333333333333332
2021-07-14,9.970833333333333,81.33333333333333,5.791666666666667,0.0,40.708333333333336
2021-07-15,10.633333333333333,80.0,4.508333333333334,0.0,9.375
2021-07-16,10.8125,76.70833333333333,4.379166666666666,0.0,36.833333333333336
2021-07-17,15.170833333333334,44.541666666666664,5.375,0.0,81.70833333333333
2021-07-18,11.029166666666667,72.83333333333333,4.366666666666666,0.0,94.29166666666667
2021-07-19,12.079166666666666,62.25,5.395833333333333,0.0,9.75
2021-07-20,12.033333333333333,61.458333333333336,4.920833333333333,0.0,4.0
2021-07-21,14.495833333333332,41.583333333333336,5.191666666666666,0.0,9.75
2021-07-22,14.245833333333332,49.625,5.6000000000000005,0.0,32.083333333333336
2021-07-23,12.012500000000001,66.33333333333333,6.304166666666667,0.0,47.916666666666664
2021-07-24,10.495833333333334,77.33333333333333,4.3999999999999995,0.7,44.583333333333336
2021-07-25,10.316666666666666,75.54166666666667,6.291666666666667,0.0,3.125
2021-07-26,12.245833333333332,56.958333333333336,5.216666666666667,0.0,0.0
2021-07-27,12.145833333333334,49.791666666666664,5.158333333333333,0.0,0.0
2021-07-28,12.058333333333332,58.666666666666664,4.333333333333333,0.0,0.20833333333333334
2021-07-29,12.525,42.416666666666664,5.3500000000000005,0.0,0.08333333333333333
2021-07-30,14.445833333333333,33.583333333333336,6.870833333333334,0.0,0.041666666666666664
2021-07-31,13.920833333333334,52.541666666666664,5.354166666666667,0.0,0.0
2021-08-01,19.883333333333333,28.541666666666668,7.0249999999999995,0.0,0.041666666666666664
2021-08-02,13.825000000000001,65.08333333333333,5.8,0.0,18.875
2021-08-03,12.541666666666666,75.625,6.416666666666667,0.0,19.833333333333332
2021-08-04,12.404166666666667,74.41666666666667,7.433333333333334,0.0,49.5
2021-08-05,12.729166666666666,70.54166666666667,6.045833333333333,0.0,9.083333333333334
2021-08-06,12.533333333333333,67.75,7.379166666666666,0.0,31.041666666666668
2021-08-07,10.829166666666666,76.45833333333333,6.4125000000000005,0.2,50.666666666666664
2021-08-08,10.354166666666666,72.79166666666667,7.133333333333333,0.0,10.833333333333334
2021-08-09,13.4375,56.25,5.483333333333333,0.0,23.208333333333332
2021-08-10,14.5625,50.625,5.520833333333333,0.0,0.0
2021-08-11,11.908333333333333,68.25,5.770833333333333,0.0,4.375
2021-08-12,11.370833333333332,65.54166666666667,4.875,0.0,10.541666666666666
2021-08-13,11.6,66.375,6.1125,0.0,21.541666666666668
2021-08-14,11.745833333333332,64.5,6.6375,0.0,38.625
2021-08-15,11.116666666666667,75.95833333333333,6.666666666666667,0.0,63.625
2021-08-16,11.808333333333332,69.83333333333333,6.829166666666667,0.0,38.458333333333336
2021-08-17,16.575,49.958333333333336,5.5249999999999995,0.0,4.291666666666667
2021-08-18,18.829166666666666,33.791666666666664,8.0,0.0,14.833333333333334
2021-08-19,15.208333333333334,62.541666666666664,4.933333333333334,0.0,56.625
2021-08-20,18.645833333333332,39.083333333333336,6.6499999999999995,0.0,3.875
2021-08-21,18.866666666666667,31.208333333333332,6.733333333333333,0.0,0.0
2021-08-22,18.1125,37.333333333333336,6.345833333333334,0.0,3.1666666666666665
2021-08-23,13.575000000000001,55.375,7.6375,0.0,42.208333333333336
2021-08-24,10.362499999999999,70.375,9.262500000000001,1.1,60.875
2021-08-25,12.008333333333333,69.125,5.891666666666667,0.9,41.333333333333336
2021-08-26,16.05,44.75,6.220833333333334,0.0,2.375
2021-08-27,12.091666666666667,75.33333333333333,6.2375,0.0,20.666666666666668
2021-08-28,13.9375,69.45833333333333,6.6625000000000005,0.0,8.291666666666666
2021-08-29,13.674999999999999,73.25,6.325,0.0,33.916666666666664
2021-08-30,13.545833333333334,62.125,6.679166666666667,0.0,3.375
2021-08-31,16.541666666666668,44.625,7.216666666666666,0.0,10.125
2021-09-01,16.608333333333334,48.458333333333336,7.929166666666667,0.0,30.083333333333332
2021-09-02,15.358333333333334,61.625,6.479166666666667,0.0,0.0
2021-09-03,12.370833333333332,77.125,6.991666666666666,0.0,30.541666666666668
2021-09-04,14.283333333333333,62.833333333333336,6.604166666666667,0.0,42.625
2021-09-05,15.916666666666666,47.833333333333336,7.654166666666666,0.0,19.75
2021-09-06,13.9375,59.541666666666664,8.841666666666667,0.0,20.916666666666668
2021-09-07,13.4625,54.291666666666664,8.379166666666666,0.0,1.0416666666666667
2021-09-08,15.404166666666667,38.833333333333336,6.691666666666666,0.0,2.9166666666666665
2021-09-09,17.391666666666666,35.958333333333336,6.779166666666666,0.0,5.666666666666667
2021-09-10,15.954166666666667,51.5,7.1000000000000005,0.0,21.916666666666668
2021-09-11,13.458333333333334,57.5,9.5875,0.0,19.208333333333332
2021-09-12,12.625,63.625,7.829166666666667,0.0,4.708333333333333
2021-09-13,16.566666666666666,46.083333333333336,6.883333333333333,0.0,0.041666666666666664
2021-09-14,16.383333333333333,33.583333333333336,7.533333333333334,0.0,0.0
2021-09-15,14.004166666666668,50.375,6.304166666666667,0.0,0.0
2021-09-16,13.950000000000001,60.916666666666664,6.183333333333334,0.0,0.9166666666666666
2021-09-17,14.079166666666666,62.583333333333336,7.004166666666666,0.0,15.75
2021-09-18,15.804166666666667,53.333333333333336,7.404166666666666,0.0,13.291666666666666
2021-09-19,14.383333333333333,53.333333333333336,7.616666666666667,0.0,47.5
2021-09-20,17.233333333333334,41.166666666666664,6.6000000000000005,0.0,0.0
2021-09-21,13.295833333333334,62.625,7.8625,0.0,28.75
2021-09-22,13.170833333333334,62.875,7.308333333333334,0.0,14.708333333333334
2021-09-23,17.25,44.208333333333336,5.8999999999999995,0.0,0.0
2021-09-24,15.924999999999999,56.625,7.8500000000000005,0.0,2.125
2021-09-25,13.716666666666667,68.79166666666667,7.204166666666667,0.0,11.333333333333334
2021-09-26,18.641666666666666,48.166666666666664,8.108333333333333,0.0,0.0
2021-09-27,17.933333333333334,52.416666666666664,7.2749999999999995,0.0,0.0
2021-09-28,22.054166666666664,36.625,7.816666666666666,0.0,20.75
2021-09-29,21.583333333333332,22.583333333333332,8.454166666666667,0.0,11.916666666666666
2021-09-30,17.279166666666665,49.833333333333336,8.295833333333333,0.0,3.5833333333333335
2021-10-01,18.845833333333335,33.708333333333336,7.2124999999999995,0.0,0.0
2021-10-02,16.275000000000002,49.416666666666664,8.308333333333334,0.0,2.6666666666666665
2021-10-03,17.1375,44.458333333333336,8.466666666666667,0.0,0.0
2021-10-04,17.708333333333332,39.125,7.558333333333334,0.0,0.0
2021-10-05,14.383333333333333,59.375,8.258333333333335,0.0,2.625
2021-10-06,16.1375,53.125,6.733333333333333,0.0,14.625
2021-10-07,15.579166666666666,50.708333333333336,9.191666666666666,0.0,11.041666666666666
2021-10-08,13.983333333333334,56.208333333333336,8.424999999999999,0.0,11.5
2021-10-09,14.783333333333333,49.583333333333336,8.3,0.0,0.0
2021-10-10,17.616666666666667,33.916666666666664,7.2375,0.0,6.958333333333333
2021-10-11,18.754166666666666,30.541666666666668,8.304166666666667,0.0,69.16666666666667
2021-10-12,13.1,70.875,9.666666666666666,0.2,62.875
2021-10-13,14.016666666666666,64.25,8.533333333333333,0.0,0.875
2021-10-14,17.741666666666667,50.208333333333336,8.804166666666667,0.0,0.0
2021-10-15,18.054166666666667,36.75,9.2875,0.0,1.125
2021-10-16,15.387500000000001,55.333333333333336,8.191666666666666,0.0,1.1666666666666667
2021-10-17,15.933333333333332,56.958333333333336,8.075000000000001,0.0,0.0
2021-10-18,15.820833333333333,61.958333333333336,8.866666666666667,0.0,0.041666666666666664
2021-10-19,15.029166666666667,68.33333333333333,9.108333333333333,0.0,18.291666666666668
2021-10-20,14.591666666666667,64.95833333333333,8.604166666666666,0.0,31.291666666666668
2021-10-21,15.395833333333334,60.583333333333336,8.275,0.0,0.0
2021-10-22,15.358333333333334,58.416666666666664,9.075000000000001,0.0,4.625
2021-10-23,15.033333333333333,58.541666666666664,8.791666666666666,0.0,1.4166666666666667
2021-10-24,17.308333333333334,55.916666666666664,9.254166666666666,0.0,0.0
2021-10-25,15.262500000000001,67.54166666666667,8.629166666666666,0.0,28.416666666666668
2021-10-26,16.133333333333333,63.791666666666664,8.645833333333334,0.0,2.0
2021-10-27,17.662499999999998,57.583333333333336,7.7875000000000005,0.0,1.9166666666666667
2021-10-28,18.541666666666668,55.708333333333336,8.875,0.0,32.75
2021-10-29,16.954166666666666,64.41666666666667,8.258333333333333,0.0,46.541666666666664
2021-10-30,17.558333333333334,61.791666666666664,8.454166666666667,0.0,12.208333333333334
2021-10-31,17.808333333333334,52.416666666666664,8.116666666666667,0.0,13.625
2021-11-01,15.6625,61.666666666666664,8.316666666666666,0.0,49.0
2021-11-02,16.870833333333334,60.125,7.75,0.0,0.0
2021-11-03,16.570833333333333,62.666666666666664,9.058333333333334,0.0,12.291666666666666
2021-11-04,17.291666666666668,56.041666666666664,8.366666666666667,0.0,36.916666666666664
2021-11-05,18.054166666666667,51.375,8.616666666666667,0.0,43.541666666666664
2021-11-06,16.929166666666667,56.666666666666664,8.033333333333333,0.0,21.125
2021-11-07,17.591666666666665,51.416666666666664,8.625,0.0,3.5
2021-11-08,17.541666666666668,55.791666666666664,9.491666666666665,0.0,3.5
2021-11-09,15.758333333333333,63.791666666666664,8.079166666666667,0.1,29.916666666666668
2021-11-10,16.758333333333333,59.208333333333336,8.120833333333334,0.0,0.0
2021-11-11,17.962500000000002,55.375,8.608333333333333,0.0,0.625
2021-11-12,17.0,59.708333333333336,8.737499999999999,0.0,0.20833333333333334
2021-11-13,19.4875,49.333333333333336,9.891666666666667,0.0,0.0
2021-11-14,19.370833333333334,48.708333333333336,10.041666666666666,0.0,0.0
2021-11-15,17.070833333333333,60.708333333333336,9.049999999999999,0.0,14.5
2021-11-16,18.245833333333334,54.708333333333336,8.7875,0.0,0.0
2021-11-17,16.916666666666668,59.541666666666664,9.154166666666667,0.0,9.958333333333334
2021-11-18,15.720833333333333,66.0,9.2125,0.0,0.2916666666666667
2021-11-19,16.820833333333333,63.375,9.9,0.0,0.3333333333333333
2021-11-20,17.391666666666666,62.541666666666664,8.679166666666665,0.0,4.166666666666667
2021-11-21,17.829166666666666,61.833333333333336,8.983333333333333,0.0,25.541666666666668
2021-11-22,17.529166666666665,64.33333333333333,9.645833333333334,0.0,72.75
2021-11-23,16.770833333333332,61.541666666666664,9.762500000000001,0.0,46.208333333333336
2021-11-24,16.866666666666667,57.791666666666664,8.7875,0.0,13.0
2021-11-25,17.025000000000002,62.208333333333336,8.745833333333334,0.0,0.0
2021-11-26,17.354166666666668,64.29166666666667,8.958333333333334,0.2,29.208333333333332
2021-11-27,18.341666666666665,59.25,10.054166666666665,0.0,12.625
2021-11-28,20.162499999999998,48.916666666666664,8.908333333333333,0.0,0.0
2021-11-29,17.7,67.20833333333333,7.891666666666667,0.6000000000000001,28.958333333333332
2021-11-30,18.2,61.041666666666664,8.9375,0.0,2.1666666666666665
2021-12-01,19.283333333333335,52.5,9.241666666666667,0.0,0.08333333333333333
2021-12-02,18.537499999999998,56.625,9.191666666666666,0.0,54.208333333333336
2021-12-03,18.216666666666665,58.958333333333336,8.466666666666667,0.0,11.875
2021-12-04,19.858333333333334,51.875,8.633333333333333,0.0,0.0
2021-12-05,18.379166666666666,56.583333333333336,9.237499999999999,0.0,34.125
2021-12-06,17.358333333333334,61.708333333333336,9.883333333333333,0.0,16.875
2021-12-07,17.366666666666667,61.875,9.491666666666667,0.0,29.0
2021-12-08,17.708333333333332,62.958333333333336,8.491666666666667,0.0,23.458333333333332
2021-12-09,17.041666666666668,68.16666666666667,8.154166666666667,0.1,25.708333333333332
2021-12-10,16.5,65.29166666666667,9.395833333333334,0.7000000000000001,51.708333333333336
2021-12-11,16.912499999999998,60.291666666666664,9.975,0.0,9.0
2021-12-12,18.2625,55.125,9.879166666666666,0.0,0.0
2021-12-13,19.233333333333334,49.416666666666664,8.5875,0.0,0.25
2021-12-14,19.754166666666666,50.083333333333336,8.304166666666667,0.0,0.0
2021-12-15,19.929166666666667,50.708333333333336,8.85,0.0,0.0
2021-12-16,18.629166666666666,56.541666666666664,8.416666666666666,0.0,0.0
2021-12-17,18.95,57.583333333333336,8.991666666666667,0.0,0.0
2021-12-18,18.458333333333332,61.5,9.637500000000001,0.0,0.9583333333333334
2021-12-19,17.3875,69.125,8.920833333333333,0.30000000000000004,73.5
2021-12-20,18.783333333333335,65.41666666666667,9.141666666666667,0.0,94.04166666666667
2021-12-21,19.516666666666666,62.708333333333336,9.012500000000001,0.0,51.541666666666664
2021-12-22,19.641666666666666,59.625,9.95,0.0,45.541666666666664
2021-12-23,21.245833333333334,52.875,10.091666666666667,0.0,21.458333333333332
2021-12-24,22.520833333333332,44.791666666666664,12.091666666666667,0.0,6.666666666666667
2021-12-25,21.8625,47.666666666666664,8.904166666666667,0.2,53.041666666666664
2021-12-26,21.974999999999998,46.333333333333336,9.858333333333333,0.0,11.041666666666666
2021-12-27,19.537499999999998,63.291666666666664,9.75,0.0,15.583333333333334
2021-12-28,19.279166666666665,63.0,9.866666666666667,0.0,6.041666666666667
2021-12-29,18.195833333333333,65.20833333333333,8.65,0.1,28.041666666666668
2021-12-30,18.1375,68.75,9.225,0.0,12.791666666666666
2021-12-31,19.145833333333332,65.20833333333333,7.854166666666667,0.0,33.625
2022-01-01,20.816666666666666,57.458333333333336,9.141666666666667,0.0,2.2083333333333335
2022-01-02,21.2,54.041666666666664,9.241666666666665,0.0,0.16666666666666666
2022-01-03,21.087500000000002,56.125,8.170833333333333,0.0,0.375
2022-01-04,20.7625,61.208333333333336,10.2125,0.0,0.041666666666666664
2022-01-05,20.5,61.916666666666664,9.512500000000001,0.0,2.8333333333333335
2022-01-06,20.820833333333333,58.375,8.241666666666667,0.0,0.9166666666666666
2022-01-07,21.2,55.375,9.141666666666667,0.0,9.958333333333334
2022-01-08,20.345833333333335,58.791666666666664,9.841666666666667,0.0,7.916666666666667
2022-01-09,19.716666666666665,57.291666666666664,10.316666666666666,0.0,51.625
2022-01-10,20.516666666666666,56.25,10.0875,0.0,65.25
2022-01-11,21.204166666666666,56.375,10.133333333333333,0.0,32.541666666666664
2022-01-12,21.625,58.583333333333336,10.041666666666666,0.0,6.583333333333333
2022-01-13,21.275000000000002,61.916666666666664,9.85,0.0,62.458333333333336
2022-01-14,22.266666666666666,57.833333333333336,9.095833333333333,0.0,79.91666666666667
2022-01-15,22.233333333333334,59.666666666666664,8.820833333333333,2.8,66.08333333333333
2022-01-16,21.670833333333334,58.75,9.179166666666667,0.0,18.583333333333332
2022-01-17,21.14166666666667,57.041666666666664,9.245833333333334,0.0,2.4583333333333335
2022-01-18,21.758333333333336,53.0,9.633333333333333,0.0,1.1666666666666667
2022-01-19,21.075,52.625,9.2875,0.0,8.875
2022-01-20,22.329166666666666,42.791666666666664,9.083333333333334,0.0,0.0
2022-01-21,21.337500000000002,47.333333333333336,9.479166666666666,0.0,0.041666666666666664
2022-01-22,20.741666666666667,48.416666666666664,9.433333333333334,0.0,0.0
2022-01-23,19.349999999999998,55.833333333333336,9.404166666666667,0.0,40.333333333333336
2022-01-24,20.287499999999998,57.833333333333336,9.241666666666667,0.0,59.416666666666664
2022-01-25,20.833333333333332,58.958333333333336,9.275,0.0,31.833333333333332
2022-01-26,20.258333333333333,60.625,9.408333333333333,0.0,2.9166666666666665
2022-01-27,19.75,60.75,9.216666666666667,0.0,6.5
2022-01-28,20.033333333333335,59.416666666666664,9.320833333333335,0.0,0.0
2022-01-29,18.837500000000002,65.91666666666667,8.637500000000001,0.2,26.208333333333332
2022-01-30,19.641666666666666,59.208333333333336,8.416666666666666,0.0,4.583333333333333
2022-01-31,20.1875,59.958333333333336,8.679166666666667,0.0,2.9166666666666665
2022-02-01,19.724999999999998,61.083333333333336,8.529166666666667,0.0,39.583333333333336
2022-02-02,19.75,60.708333333333336,9.045833333333333,0.0,0.0
2022-02-03,20.533333333333335,53.708333333333336,8.454166666666667,0.0,0.0
2022-02-04,20.795833333333334,44.958333333333336,8.4,0.0,0.0
2022-02-05,21.25,50.875,9.316666666666666,0.0,0.0
2022-02-06,21.008333333333333,57.5,9.091666666666667,0.0,0.0
2022-02-07,18.579166666666666,70.375,8.870833333333334,0.1,25.375
2022-02-08,19.358333333333334,65.95833333333333,8.825000000000001,0.0,4.458333333333333
2022-02-09,18.754166666666666,70.04166666666667,9.308333333333334,0.0,16.416666666666668
2022-02-10,18.883333333333333,67.66666666666667,7.679166666666667,0.6000000000000001,40.0
2022-02-11,19.770833333333332,62.041666666666664,8.141666666666667,0.0,2.375
2022-02-12,19.504166666666666,62.833333333333336,9.6875,0.0,0.0
2022-02-13,19.516666666666666,60.875,8.145833333333334,0.0,2.875
2022-02-14,19.7,58.791666666666664,7.854166666666667,0.0,0.0
2022-02-15,20.099999999999998,58.333333333333336,8.083333333333334,0.0,0.2916666666666667
2022-02-16,19.991666666666667,59.875,8.15,0.0,1.6666666666666667
2022-02-17,19.395833333333332,67.875,7.3500000000000005,0.0,24.791666666666668
2022-02-18,18.9375,70.79166666666667,7.0125,0.0,33.125
2022-02-19,20.8625,60.125,6.995833333333334,0.0,0.08333333333333333
2022-02-20,21.037499999999998,56.791666666666664,7.470833333333334,0.0,0.8333333333333334
2022-02-21,21.366666666666664,53.041666666666664,8.245833333333334,0.0,0.0
2022-02-22,20.158333333333335,52.625,7.6875,0.0,0.0
2022-02-23,18.158333333333335,62.041666666666664,7.425,0.5,28.791666666666668
2022-02-24,20.599999999999998,50.875,8.158333333333333,0.0,0.0
2022-02-25,20.816666666666666,50.083333333333336,8.887500000000001,0.0,0.875
2022-02-26,20.604166666666668,57.541666666666664,8.704166666666667,0.0,0.041666666666666664
2022-02-27,20.695833333333333,58.625,9.033333333333333,0.0,6.791666666666667
2022-02-28,20.787499999999998,55.458333333333336,9.333333333333334,0.0,0.0
2022-03-01,19.879166666666666,58.0,7.779166666666666,0.0,1.0833333333333333
2022-03-02,20.904166666666665,53.5,8.4,0.0,0.0
2022-03-03,20.625,53.291666666666664,8.645833333333334,0.0,0.0
2022-03-04,20.308333333333334,64.45833333333333,8.358333333333333,0.0,0.0
2022-03-05,21.004166666666666,60.125,8.362499999999999,0.0,15.458333333333334
2022-03-06,21.65833333333333,52.291666666666664,8.520833333333334,0.0,0.0
2022-03-07,21.2625,53.833333333333336,9.237499999999999,0.0,0.0
2022-03-08,20.166666666666668,60.125,7.408333333333334,0.0,0.0
2022-03-09,21.125,50.583333333333336,7.866666666666666,0.0,0.0
2022-03-10,19.9875,57.375,8.970833333333333,0.0,0.0
2022-03-11,19.541666666666668,62.375,7.616666666666666,0.0,0.5833333333333334
2022-03-12,18.541666666666668,68.83333333333333,7.954166666666667,0.0,20.25
2022-03-13,18.833333333333332,64.95833333333333,8.012500000000001,0.0,5.791666666666667
2022-03-14,19.604166666666668,62.416666666666664,7.908333333333334,0.0,4.333333333333333
2022-03-15,19.245833333333334,62.541666666666664,8.879166666666666,0.0,16.958333333333332
2022-03-16,19.20416666666667,62.333333333333336,9.237499999999999,0.0,17.958333333333332
2022-03-17,19.058333333333334,60.5,8.387500000000001,0.0,10.875
2022-03-18,22.15833333333333,52.166666666666664,7.333333333333333,0.0,0.0
2022-03-19,20.662499999999998,52.541666666666664,7.7875000000000005,0.0,0.0
2022-03-20,16.683333333333334,73.54166666666667,8.095833333333333,0.0,25.916666666666668
2022-03-21,16.729166666666668,70.5,7.25,0.0,12.125
2022-03-22,18.345833333333335,60.541666666666664,7.191666666666666,0.0,0.0
2022-03-23,16.745833333333334,69.79166666666667,7.7124999999999995,0.0,21.625
2022-03-24,18.566666666666666,60.0,7.258333333333333,0.0,0.0
2022-03-25,17.091666666666665,67.83333333333333,7.208333333333333,0.0,0.0
2022-03-26,16.291666666666668,72.91666666666667,7.016666666666667,0.0,33.875
2022-03-27,16.808333333333334,72.25,7.395833333333333,0.0,22.916666666666668
2022-03-28,16.966666666666665,71.29166666666667,7.491666666666667,0.0,0.0
2022-03-29,16.3875,70.25,7.25,0.0,18.041666666666668
2022-03-30,17.283333333333335,60.583333333333336,6.0249999999999995,0.0,0.0
2022-03-31,14.570833333333333,77.625,6.5625,0.0,21.833333333333332
2022-04-01,15.483333333333334,72.45833333333333,6.762499999999999,0.0,24.541666666666668
2022-04-02,15.529166666666667,67.83333333333333,6.7625,0.0,7.125
2022-04-03,15.670833333333334,69.41666666666667,7.008333333333333,0.0,8.166666666666666
2022-04-04,18.6125,52.083333333333336,6.154166666666666,0.0,0.0
2022-04-05,18.566666666666666,51.25,6.841666666666666,0.0,2.1666666666666665
2022-04-06,20.070833333333333,44.166666666666664,7.583333333333333,0.0,14.375
2022-04-07,21.9875,31.583333333333332,6.8875,0.0,0.0
2022-04-08,19.441666666666666,44.625,6.958333333333333,0.0,0.7083333333333334
2022-04-09,15.108333333333334,71.25,7.8125,0.0,2.125
2022-04-10,14.65,71.20833333333333,6.520833333333333,0.0,8.0
2022-04-11,14.8125,70.29166666666667,7.108333333333333,0.0,8.833333333333334
2022-04-12,14.387500000000001,71.125,6.370833333333334,0.0,8.958333333333334
2022-04-13,15.166666666666666,64.91666666666667,6.4750000000000005,0.0,0.0
2022-04-14,13.333333333333334,73.625,7.933333333333334,0.0,32.125
2022-04-15,13.058333333333332,74.0,6.8125,0.0,53.041666666666664
2022-04-16,13.141666666666666,73.70833333333333,7.1625000000000005,0.0,0.125
2022-04-17,13.5,78.20833333333333,6.379166666666666,0.0,23.916666666666668
2022-04-18,13.629166666666668,75.08333333333333,6.166666666666667,0.0,37.958333333333336
2022-04-19,14.070833333333333,72.83333333333333,7.358333333333333,0.0,50.833333333333336
2022-04-20,14.141666666666666,69.54166666666667,6.620833333333334,0.0,58.625
2022-04-21,16.866666666666667,59.958333333333336,6.458333333333333,0.0,0.0
2022-04-22,16.758333333333333,64.95833333333333,6.7124999999999995,0.0,1.5
2022-04-23,16.016666666666666,69.25,7.5375000000000005,0.0,3.0
2022-04-24,14.620833333333332,76.91666666666667,5.9624999999999995,0.2,43.75
2022-04-25,15.883333333333333,69.79166666666667,6.079166666666667,0.0,0.75
2022-04-26,14.299999999999999,77.29166666666667,6.2,0.0,31.166666666666668
2022-04-27,16.058333333333334,62.833333333333336,7.070833333333333,0.0,0.0
2022-04-28,18.783333333333335,40.166666666666664,6.570833333333333,0.0,0.0
2022-04-29,12.358333333333334,79.25,4.208333333333333,0.2,54.666666666666664
2022-04-30,14.079166666666666,68.08333333333333,6.179166666666667,0.0,41.041666666666664
2022-05-01,14.7875,64.70833333333333,6.183333333333334,0.0,31.333333333333332
2022-05-02,14.924999999999999,63.291666666666664,5.654166666666666,0.0,23.875
2022-05-03,14.741666666666667,64.83333333333333,5.879166666666666,0.0,16.708333333333332
2022-05-04,13.816666666666668,59.916666666666664,6.791666666666667,0.0,48.958333333333336
2022-05-05,13.783333333333333,75.125,5.858333333333333,0.0,99.625
2022-05-06,13.025,79.04166666666667,5.829166666666667,0.0,98.33333333333333
2022-05-07,12.779166666666667,80.95833333333333,6.425,0.1,93.83333333333333
2022-05-08,13.35,76.08333333333333,7.070833333333333,0.4,84.16666666666667
2022-05-09,15.758333333333333,59.666666666666664,6.329166666666667,0.0,2.7083333333333335
2022-05-10,19.166666666666668,28.375,6.766666666666667,0.0,0.16666666666666666
2022-05-11,12.799999999999999,76.5,6.558333333333334,0.0,38.5
2022-05-12,12.091666666666667,76.75,5.425,0.0,79.45833333333333
2022-05-13,12.654166666666667,74.625,5.020833333333333,0.0,49.916666666666664
2022-05-14,14.266666666666666,62.375,4.95,0.0,0.041666666666666664
2022-05-15,12.570833333333333,70.45833333333333,5.358333333333333,0.0,5.458333333333333
2022-05-16,10.195833333333333,79.45833333333333,5.354166666666667,0.0,58.916666666666664
2022-05-17,10.6,77.20833333333333,5.079166666666667,0.0,42.041666666666664
2022-05-18,14.054166666666667,51.25,7.166666666666667,0.1,17.5
2022-05-19,12.916666666666666,69.875,7.245833333333334,0.1,32.291666666666664
2022-05-20,15.0625,63.416666666666664,5.75,0.0,0.0
2022-05-21,16.804166666666667,50.083333333333336,4.416666666666667,0.0,22.916666666666668
2022-05-22,14.116666666666667,74.54166666666667,5.133333333333334,0.0,41.916666666666664
2022-05-23,16.8125,60.208333333333336,5.495833333333334,0.0,21.0
2022-05-24,14.0625,70.91666666666667,6.129166666666666,0.0,64.25
2022-05-25,14.841666666666667,68.33333333333333,5.3,0.0,50.375
2022-05-26,12.683333333333332,74.75,5.358333333333333,0.0,61.041666666666664
2022-05-27,13.041666666666666,70.83333333333333,5.625,0.0,43.333333333333336
2022-05-28,10.174999999999999,81.54166666666667,5.545833333333333,0.0,31.208333333333332
2022-05-29,11.079166666666666,77.5,5.108333333333333,0.0,30.958333333333332
2022-05-30,13.799999999999999,54.875,4.179166666666666,0.0,77.08333333333333
2022-05-31,12.629166666666668,62.833333333333336,3.8541666666666665,0.0,98.83333333333333
2022-06-01,11.408333333333333,69.95833333333333,5.4125000000000005,0.0,77.45833333333333
2022-06-02,12.783333333333333,60.333333333333336,4.733333333333333,0.0,33.833333333333336
2022-06-03,14.529166666666667,33.875,5.7749999999999995,0.0,80.08333333333333
2022-06-04,14.458333333333334,30.458333333333332,6.016666666666667,0.0,67.54166666666667
2022-06-05,12.741666666666667,59.666666666666664,5.141666666666667,1.1,61.916666666666664
2022-06-06,13.370833333333332,68.375,5.75,0.0,0.041666666666666664
2022-06-07,15.258333333333333,52.041666666666664,5.5625,0.0,19.083333333333332
2022-06-08,10.85,87.25,4.520833333333333,0.0,60.333333333333336
2022-06-09,11.266666666666666,85.75,5.2875,0.0,45.458333333333336
2022-06-10,11.745833333333332,78.58333333333333,5.545833333333333,0.0,46.041666666666664
2022-06-11,9.137500000000001,79.04166666666667,4.704166666666667,0.0,55.125
2022-06-12,10.120833333333334,74.25,5.316666666666666,0.0,31.125
2022-06-13,8.637500000000001,78.33333333333333,5.5249999999999995,0.0,96.08333333333333
2022-06-14,9.1,81.375,4.3125,0.0,100.0
2022-06-15,11.083333333333334,71.0,5.283333333333333,0.0,96.29166666666667
2022-06-16,11.0625,71.79166666666667,4.9624999999999995,0.0,4.666666666666667
2022-06-17,11.775,65.54166666666667,5.620833333333334,0.0,12.041666666666666
2022-06-18,13.741666666666667,47.708333333333336,5.416666666666667,0.0,53.75
2022-06-19,8.970833333333333,87.08333333333333,4.6125,0.0,73.29166666666667
2022-06-20,9.845833333333333,70.0,4.8500000000000005,0.0,43.458333333333336
2022-06-21,9.987499999999999,71.54166666666667,8.375,0.0,57.875
2022-06-22,10.341666666666667,80.41666666666667,5.75,8.4,85.625
2022-06-23,11.275,69.79166666666667,5.3625,0.0,70.45833333333333
2022-06-24,12.229166666666666,66.41666666666667,3.795833333333333,0.0,87.66666666666667
2022-06-25,12.379166666666668,53.166666666666664,5.291666666666667,0.0,100.0
2022-06-26,11.991666666666667,56.0,4.929166666666666,0.0,99.95833333333333
2022-06-27,10.9625,65.5,5.229166666666667,0.2,54.791666666666664
2022-06-28,13.079166666666666,46.458333333333336,5.108333333333333,0.0,0.0
2022-06-29,17.154166666666665,30.583333333333332,5.55,0.0,0.0
2022-06-30,11.6,73.625,4.829166666666667,0.0,1.0
2022-07-01,8.933333333333334,85.16666666666667,4.95,0.0,80.70833333333333
2022-07-02,13.075000000000001,61.291666666666664,4.179166666666666,0.0,82.45833333333333
2022-07-03,14.2125,41.833333333333336,4.683333333333334,0.0,63.0
2022-07-04,12.5,56.375,4.1000000000000005,0.0,24.166666666666668
2022-07-05,13.5,41.375,5.129166666666666,0.0,88.29166666666667
2022-07-06,12.1625,52.875,4.629166666666666,0.0,87.33333333333333
2022-07-07,14.0875,36.041666666666664,4.825,0.0,40.583333333333336
2022-07-08,14.029166666666667,50.0,8.241666666666667,1.0,36.041666666666664
2022-07-09,9.9125,71.95833333333333,5.741666666666667,0.0,23.291666666666668
2022-07-10,10.504166666666666,70.04166666666667,5.95,2.0,63.5
2022-07-11,11.870833333333332,72.58333333333333,5.695833333333333,6.6000000000000005,41.333333333333336
2022-07-12,13.625,40.0,5.766666666666667,0.0,0.0
2022-07-13,10.058333333333334,77.95833333333333,7.479166666666667,0.2,68.29166666666667
2022-07-14,10.625,82.16666666666667,9.1875,21.9,83.04166666666667
2022-07-15,8.579166666666667,82.875,11.341666666666667,38.7,99.45833333333333
2022-07-16,7.745833333333334,65.125,6.7,3.4000000000000004,24.666666666666668
2022-07-17,11.200000000000001,46.791666666666664,4.795833333333333,0.0,2.3333333333333335
2022-07-18,12.266666666666666,52.666666666666664,3.9458333333333333,0.0,0.0
2022-07-19,11.941666666666668,67.83333333333333,4.7,0.0,16.875
2022-07-20,10.495833333333334,87.91666666666667,5.5874999999999995,0.0,99.58333333333333
2022-07-21,11.366666666666667,86.625,5.9125000000000005,0.0,51.125
2022-07-22,10.504166666666666,90.20833333333333,4.945833333333334,0.0,84.08333333333333
2022-07-23,10.233333333333333,91.70833333333333,4.9875,0.0,80.875
2022-07-24,11.070833333333333,83.33333333333333,4.720833333333333,0.0,51.333333333333336
2022-07-25,11.108333333333333,83.04166666666667,5.570833333333333,0.0,30.833333333333332
2022-07-26,10.0875,86.95833333333333,5.2625,0.0,60.708333333333336
2022-07-27,12.470833333333333,79.125,4.675,0.0,36.916666666666664
2022-07-28,13.704166666666666,62.833333333333336,4.166666666666667,0.0,75.875
2022-07-29,11.525,73.91666666666667,4.495833333333334,0.0,81.83333333333333
2022-07-30,10.295833333333333,87.79166666666667,5.054166666666666,0.30000000000000004,74.25
2022-07-31,9.6,87.25,4.370833333333333,0.0,65.16666666666667
2022-08-01,10.666666666666666,87.75,4.779166666666667,0.2,93.20833333333333
2022-08-02,10.8125,83.75,5.5625,0.2,75.375
2022-08-03,10.2625,81.16666666666667,5.004166666666666,1.1,74.375
2022-08-04,12.362499999999999,55.458333333333336,4.645833333333333,0.0,35.5
2022-08-05,13.816666666666668,57.458333333333336,5.533333333333334,0.0,48.791666666666664
2022-08-06,10.266666666666667,82.08333333333333,5.4125000000000005,0.0,44.666666666666664
2022-08-07,12.5,59.333333333333336,5.783333333333334,0.0,26.583333333333332
2022-08-08,14.424999999999999,43.708333333333336,5.925,0.0,13.333333333333334
2022-08-09,16.629166666666666,34.041666666666664,5.5874999999999995,0.0,4.625
2022-08-10,14.887500000000001,37.625,5.608333333333333,0.0,64.875
2022-08-11,10.291666666666666,88.29166666666667,4.933333333333334,0.0,99.375
2022-08-12,9.683333333333334,84.70833333333333,4.695833333333334,0.4,60.625
2022-08-13,11.083333333333334,79.25,6.170833333333333,0.0,0.0
2022-08-14,10.108333333333333,84.5,6.554166666666667,0.0,32.75
2022-08-15,12.283333333333333,72.375,4.1125,0.0,8.833333333333334
2022-08-16,15.137500000000001,46.25,5.729166666666667,0.0,0.0
2022-08-17,12.620833333333335,71.625,6.3500000000000005,0.0,12.833333333333334
2022-08-18,16.345833333333335,53.875,5.2875000000000005,0.0,0.20833333333333334
2022-08-19,15.15,45.958333333333336,6.458333333333333,0.0,11.541666666666666
2022-08-20,11.429166666666667,81.75,6.008333333333333,0.0,65.33333333333333
2022-08-21,10.779166666666667,84.875,6.295833333333333,0.30000000000000004,54.625
2022-08-22,10.395833333333334,84.04166666666667,5.425,0.1,52.25
2022-08-23,11.679166666666667,80.125,5.820833333333333,0.0,38.583333333333336
2022-08-24,11.920833333333334,82.125,6.658333333333334,0.0,43.958333333333336
2022-08-25,11.770833333333334,79.375,6.345833333333334,0.0,69.5
2022-08-26,10.154166666666667,87.125,6.133333333333333,0.0,69.08333333333333
2022-08-27,11.362499999999999,81.79166666666667,5.379166666666666,0.0,50.333333333333336
2022-08-28,14.658333333333333,59.583333333333336,4.883333333333334,0.0,0.625
2022-08-29,11.904166666666667,78.29166666666667,6.345833333333334,0.0,36.708333333333336
2022-08-30,10.1625,84.29166666666667,6.545833333333333,0.0,47.958333333333336
2022-08-31,10.216666666666667,80.58333333333333,5.6625000000000005,0.8,67.33333333333333
2022-09-01,11.237499999999999,73.95833333333333,7.325,0.0,27.25
2022-09-02,14.370833333333332,57.041666666666664,6.291666666666667,0.0,0.0
2022-09-03,15.275,48.75,6.320833333333333,0.0,0.125
2022-09-04,16.5625,41.791666666666664,6.375,0.0,1.5
2022-09-05,15.029166666666667,70.20833333333333,5.720833333333334,0.0,48.958333333333336
2022-09-06,13.170833333333334,67.54166666666667,7.3125,0.0,28.125
2022-09-07,10.525,74.91666666666667,7.066666666666666,0.0,32.666666666666664
2022-09-08,10.275,68.70833333333333,6.758333333333333,0.0,15.166666666666666
2022-09-09,13.145833333333334,61.291666666666664,6.75,0.0,0.0
2022-09-10,11.620833333333332,68.625,7.170833333333333,0.0,12.583333333333334
2022-09-11,11.008333333333333,74.25,7.079166666666667,0.0,51.791666666666664
2022-09-12,12.625,64.95833333333333,7.2625,0.0,0.0
2022-09-13,12.366666666666667,64.875,6.604166666666667,0.0,11.541666666666666
2022-09-14,17.287499999999998,44.75,8.133333333333333,0.0,0.0
2022-09-15,14.583333333333334,61.333333333333336,7.170833333333333,0.0,19.875
2022-09-16,11.941666666666668,79.08333333333333,6.7749999999999995,0.2,99.875
2022-09-17,12.404166666666667,71.625,7.791666666666667,0.1,53.125
2022-09-18,12.862499999999999,62.666666666666664,6.295833333333333,0.0,3.5833333333333335
2022-09-19,14.383333333333333,50.791666666666664,9.15,0.0,0.0
2022-09-20,11.758333333333333,62.458333333333336,8.070833333333333,0.0,20.541666666666668
2022-09-21,16.358333333333334,37.916666666666664,6.058333333333334,0.0,0.041666666666666664
2022-09-22,18.766666666666666,24.291666666666668,7.983333333333333,0.0,0.0
2022-09-23,12.1,73.70833333333333,7.520833333333333,0.0,29.083333333333332
2022-09-24,13.408333333333333,68.20833333333333,8.783333333333333,0.0,7.083333333333333
2022-09-25,15.229166666666666,52.5,8.320833333333333,0.0,9.916666666666666
2022-09-26,15.845833333333333,45.75,7.616666666666667,0.0,4.625
2022-09-27,14.295833333333334,56.958333333333336,7.754166666666666,0.0,14.416666666666666
2022-09-28,13.220833333333333,72.20833333333333,8.154166666666667,0.0,28.708333333333332
2022-09-29,12.291666666666666,77.125,7.2625,0.0,24.166666666666668
2022-09-30,12.829166666666666,76.33333333333333,6.425,0.0,47.541666666666664
2022-10-01,13.891666666666666,70.83333333333333,7.558333333333334,0.0,24.166666666666668
2022-10-02,14.970833333333333,63.458333333333336,6.8999999999999995,0.0,12.416666666666666
2022-10-03,13.279166666666667,72.58333333333333,8.216666666666667,0.0,40.666666666666664
2022-10-04,12.829166666666666,69.16666666666667,7.354166666666667,0.0,8.416666666666666
2022-10-05,14.145833333333334,58.375,7.3374999999999995,0.0,13.833333333333334
2022-10-06,20.179166666666667,32.125,6.904166666666666,0.0,2.5416666666666665
2022-10-07,20.758333333333333,34.75,7.891666666666667,0.0,14.541666666666666
2022-10-08,15.808333333333332,63.916666666666664,9.0875,0.0,63.958333333333336
2022-10-09,15.700000000000001,62.5,8.883333333333333,0.0,8.375
2022-10-10,12.908333333333333,70.16666666666667,8.7875,0.0,25.0
2022-10-11,14.533333333333333,60.958333333333336,8.533333333333333,0.0,0.0
2022-10-12,15.195833333333333,62.875,9.758333333333333,0.0,13.291666666666666
2022-10-13,14.166666666666666,71.41666666666667,7.595833333333334,0.0,24.083333333333332
2022-10-14,16.104166666666668,64.58333333333333,8.450000000000001,0.0,0.0
2022-10-15,13.783333333333333,75.375,6.920833333333333,0.30000000000000004,41.916666666666664
2022-10-16,14.887500000000001,71.29166666666667,8.012500000000001,0.0,11.375
2022-10-17,15.424999999999999,64.625,8.200000000000001,0.0,11.083333333333334
2022-10-18,15.933333333333332,51.333333333333336,8.391666666666667,0.0,0.875
2022-10-19,15.804166666666667,48.333333333333336,8.204166666666667,0.0,0.0
2022-10-20,16.620833333333334,57.041666666666664,8.933333333333334,0.0,0.041666666666666664
2022-10-21,15.1,70.16666666666667,8.454166666666667,0.0,20.416666666666668
2022-10-22,15.299999999999999,69.33333333333333,7.366666666666666,0.0,18.75
2022-10-23,15.166666666666666,65.29166666666667,7.625,0.0,0.041666666666666664
2022-10-24,15.612499999999999,62.666666666666664,7.608333333333333,0.0,5.708333333333333
2022-10-25,13.870833333333332,67.875,7.933333333333334,0.6000000000000001,39.083333333333336
2022-10-26,15.654166666666667,54.291666666666664,9.141666666666667,0.0,0.0
2022-10-27,15.916666666666666,60.375,9.008333333333333,0.0,0.5416666666666666
2022-10-28,14.891666666666666,69.58333333333333,8.091666666666667,0.0,21.375
2022-10-29,16.208333333333332,67.375,9.237499999999999,0.0,6.25
2022-10-30,15.200000000000001,70.54166666666667,7.8999999999999995,0.0,54.708333333333336
2022-10-31,17.370833333333334,57.375,7.616666666666667,0.0,0.0
2022-11-01,18.337500000000002,42.041666666666664,7.658333333333334,0.0,0.0
2022-11-02,17.2375,53.583333333333336,8.866666666666667,0.0,0.08333333333333333
2022-11-03,15.85,60.875,8.483333333333333,0.0,3.5416666666666665
2022-11-04,14.708333333333334,64.08333333333333,9.075000000000001,0.0,9.583333333333334
2022-11-05,13.8375,72.33333333333333,8.645833333333334,0.0,25.833333333333332
2022-11-06,15.15,70.45833333333333,8.333333333333334,0.0,38.75
2022-11-07,15.970833333333333,70.25,8.799999999999999,0.0,93.91666666666667
2022-11-08,16.6875,69.75,8.8375,0.0,92.95833333333333
2022-11-09,16.758333333333333,64.29166666666667,9.4125,0.0,37.958333333333336
2022-11-10,16.391666666666666,58.5,8.625,0.0,41.0
2022-11-11,16.3875,61.416666666666664,7.829166666666667,0.0,90.16666666666667
2022-11-12,16.029166666666665,64.375,8.870833333333334,0.0,78.0
2022-11-13,18.337500000000002,52.0,7.820833333333333,0.0,0.0
2022-11-14,23.05,34.166666666666664,8.320833333333335,0.0,1.125
2022-11-15,17.545833333333334,63.875,8.7875,0.0,73.83333333333333
2022-11-16,16.791666666666668,71.58333333333333,9.204166666666667,0.0,45.166666666666664
2022-11-17,16.804166666666667,74.375,7.9375,0.0,36.333333333333336
2022-11-18,17.283333333333335,71.0,9.220833333333333,0.0,14.791666666666666
2022-11-19,17.9375,69.08333333333333,8.420833333333333,0.0,28.791666666666668
2022-11-20,18.691666666666666,64.91666666666667,9.012500000000001,0.0,7.166666666666667
2022-11-21,18.333333333333332,64.25,9.166666666666666,0.0,0.041666666666666664
2022-11-22,18.304166666666667,61.541666666666664,9.745833333333334,0.0,0.5833333333333334
2022-11-23,17.370833333333334,65.20833333333333,9.475,0.0,2.25
2022-11-24,19.645833333333332,53.583333333333336,8.674999999999999,0.0,2.75
2022-11-25,19.858333333333334,49.083333333333336,9.3875,0.0,5.708333333333333
2022-11-26,17.804166666666667,65.0,9.691666666666666,0.0,8.291666666666666
2022-11-27,16.8625,73.70833333333333,9.979166666666666,0.0,16.166666666666668
2022-11-28,16.166666666666668,76.125,9.754166666666666,0.1,47.25
2022-11-29,16.145833333333332,75.41666666666667,9.279166666666667,0.4,59.666666666666664
2022-11-30,16.308333333333334,74.625,9.341666666666667,0.0,39.375
2022-12-01,18.283333333333335,66.625,9.195833333333335,0.0,8.0
2022-12-02,19.254166666666666,62.0,9.2125,0.0,0.0
2022-12-03,18.708333333333332,65.45833333333333,10.245833333333334,0.0,1.9166666666666667
2022-12-04,20.254166666666666,54.833333333333336,9.775,0.0,0.041666666666666664
2022-12-05,19.091666666666665,58.75,9.6875,0.0,0.0
2022-12-06,18.2375,68.20833333333333,8.775,0.0,11.875
2022-12-07,17.8125,70.45833333333333,8.887500000000001,0.0,55.0
2022-12-08,18.333333333333332,68.375,8.520833333333334,0.0,38.791666666666664
2022-12-09,19.133333333333333,68.08333333333333,9.179166666666667,0.1,47.375
2022-12-10,20.458333333333332,64.20833333333333,10.466666666666667,0.0,0.2916666666666667
2022-12-11,21.445833333333336,60.25,8.9,0.0,33.541666666666664
2022-12-12,21.55,56.25,10.895833333333334,0.0,5.083333333333333
2022-12-13,22.854166666666668,38.541666666666664,10.141666666666667,0.0,0.0
2022-12-14,21.691666666666666,47.125,9.404166666666667,0.0,0.375
2022-12-15,20.8125,57.75,10.170833333333333,0.0,0.0
2022-12-16,19.420833333333334,67.25,7.954166666666667,0.6000000000000001,32.666666666666664
2022-12-17,18.6875,66.83333333333333,8.299999999999999,0.30000000000000004,41.208333333333336
2022-12-18,20.3625,60.208333333333336,8.641666666666667,0.0,0.0
2022-12-19,20.533333333333335,59.583333333333336,8.975,0.0,0.041666666666666664
2022-12-20,21.462500000000002,51.125,8.8875,0.0,0.0
2022-12-21,22.629166666666666,47.541666666666664,8.729166666666666,0.0,0.0
2022-12-22,21.474999999999998,54.041666666666664,9.25,0.0,0.0
2022-12-23,22.712500000000002,46.083333333333336,8.866666666666665,0.0,0.041666666666666664
2022-12-24,20.474999999999998,61.083333333333336,10.691666666666668,0.0,2.0833333333333335
2022-12-25,17.966666666666665,65.83333333333333,9.9375,0.6000000000000001,40.875
2022-12-26,19.183333333333334,56.0,9.241666666666667,0.0,41.125
2022-12-27,20.508333333333333,52.208333333333336,9.429166666666667,0.0,0.0
2022-12-28,21.520833333333332,52.416666666666664,9.095833333333333,0.0,0.0
2022-12-29,19.595833333333335,63.666666666666664,9.35,0.0,1.125
2022-12-30,18.720833333333335,66.70833333333333,9.275,0.0,34.625
2022-12-31,19.095833333333335,59.041666666666664,8.799999999999999,0.0,24.375
2023-01-01,20.841666666666665,50.5,9.866666666666667,0.0,0.0
2023-01-02,20.791666666666668,54.958333333333336,8.979166666666666,0.0,2.75
2023-01-03,20.929166666666667,55.875,9.683333333333334,0.0,0.0
2023-01-04,20.07916666666667,61.625,9.9375,0.0,9.916666666666666
2023-01-05,20.516666666666666,55.708333333333336,10.708333333333334,0.0,5.5
2023-01-06,21.045833333333334,54.75,10.1,0.0,5.583333333333333
2023-01-07,21.058333333333334,56.125,9.112499999999999,0.0,0.041666666666666664
2023-01-08,20.875,58.916666666666664,10.2875,0.0,0.0
2023-01-09,19.866666666666667,68.625,9.291666666666666,0.0,11.875
2023-01-10,19.875,66.91666666666667,9.341666666666667,0.0,19.583333333333332
2023-01-11,20.4375,64.20833333333333,9.700000000000001,0.0,27.916666666666668
2023-01-12,19.8625,66.95833333333333,9.1875,0.0,16.375
2023-01-13,19.741666666666667,58.833333333333336,9.675,0.0,1.5833333333333333
2023-01-14,20.508333333333333,57.75,9.733333333333333,0.0,0.0
2023-01-15,20.712500000000002,57.666666666666664,9.0875,0.0,0.0
2023-01-16,19.595833333333335,59.5,8.695833333333333,0.0,4.166666666666667
2023-01-17,20.491666666666667,54.458333333333336,7.291666666666667,0.0,0.0
2023-01-18,20.666666666666668,49.416666666666664,9.316666666666666,0.0,0.0
2023-01-19,19.270833333333332,60.375,8.487499999999999,0.0,14.166666666666666
2023-01-20,20.008333333333333,56.625,8.75,0.0,1.2916666666666667
2023-01-21,19.95,57.541666666666664,8.266666666666667,0.0,0.125
2023-01-22,20.3,61.416666666666664,9.004166666666666,0.0,0.0
2023-01-23,20.645833333333332,60.541666666666664,8.975,0.0,0.0
2023-01-24,21.795833333333334,57.583333333333336,8.591666666666667,0.0,0.0
2023-01-25,21.675,61.25,8.675,0.0,3.5
2023-01-26,21.420833333333334,58.708333333333336,8.979166666666666,0.0,0.0
2023-01-27,21.833333333333332,52.666666666666664,8.716666666666667,0.0,0.0
2023-01-28,21.120833333333334,54.791666666666664,9.479166666666666,0.0,0.0
2023-01-29,19.9375,60.375,9.3375,0.0,0.0
2023-01-30,20.254166666666666,59.375,8.533333333333333,0.0,0.0
2023-01-31,21.933333333333334,54.958333333333336,9.279166666666667,0.0,4.208333333333333
2023-02-01,21.691666666666666,53.375,9.733333333333333,0.0,0.0
2023-02-02,21.96666666666667,56.208333333333336,9.929166666666667,0.0,0.0
2023-02-03,21.96666666666667,56.041666666666664,9.804166666666667,0.0,0.25
2023-02-04,22.508333333333336,57.083333333333336,9.35,0.0,22.125
2023-02-05,23.179166666666664,54.5,9.3375,0.0,7.333333333333333
2023-02-06,22.570833333333336,59.125,8.9375,0.0,1.25
2023-02-07,22.3875,62.0,9.691666666666666,0.0,1.875
2023-02-08,21.3875,66.875,9.7125,0.0,7.125
2023-02-09,21.541666666666668,60.375,9.2,0.0,0.0
2023-02-10,22.02916666666667,57.416666666666664,9.4375,0.0,0.20833333333333334
2023-02-11,22.05,58.416666666666664,8.862499999999999,0.0,29.958333333333332
2023-02-12,21.537499999999998,62.916666666666664,8.420833333333333,0.0,8.75
2023-02-13,21.995833333333334,60.25,8.4625,0.0,0.0
2023-02-14,22.0,58.958333333333336,9.158333333333333,0.0,0.7916666666666666
2023-02-15,20.854166666666668,65.41666666666667,8.391666666666667,0.0,14.375
2023-02-16,20.845833333333335,63.791666666666664,8.295833333333333,0.0,4.291666666666667
2023-02-17,21.004166666666666,64.91666666666667,9.354166666666666,0.0,0.25
2023-02-18,22.133333333333336,63.166666666666664,8.049999999999999,0.0,24.75
2023-02-19,22.304166666666664,62.291666666666664,9.295833333333333,0.0,1.375
2023-02-20,22.254166666666666,60.208333333333336,9.108333333333333,0.0,64.5
2023-02-21,20.683333333333334,70.04166666666667,8.512500000000001,0.0,3.875
2023-02-22,20.325,67.875,9.137500000000001,0.0,0.16666666666666666
2023-02-23,19.9375,66.75,9.204166666666667,0.0,0.0
2023-02-24,19.825,68.75,8.308333333333334,0.0,20.291666666666668
2023-02-25,19.2625,70.875,8.325000000000001,0.0,0.0
2023-02-26,20.287499999999998,66.79166666666667,8.424999999999999,0.0,0.0
2023-02-27,20.420833333333334,68.70833333333333,8.416666666666666,0.0,0.5
2023-02-28,18.754166666666666,73.25,7.925,0.0,18.791666666666668
2023-03-01,19.1875,69.20833333333333,8.3125,0.0,19.041666666666668
2023-03-02,19.408333333333335,70.41666666666667,8.845833333333333,0.0,9.958333333333334
2023-03-03,20.412499999999998,62.291666666666664,7.691666666666666,0.0,2.7083333333333335
2023-03-04,19.791666666666668,68.04166666666667,8.204166666666667,0.0,0.0
2023-03-05,20.0625,72.20833333333333,7.804166666666667,0.0,27.5
2023-03-06,21.670833333333334,60.75,7.854166666666667,0.0,0.041666666666666664
2023-03-07,20.633333333333333,66.04166666666667,8.475,0.0,0.5
2023-03-08,20.766666666666666,64.41666666666667,8.358333333333333,0.0,0.0
2023-03-09,21.1125,63.458333333333336,8.758333333333333,0.0,0.0
2023-03-10,20.883333333333333,65.25,8.512500000000001,0.0,0.0
2023-03-11,20.958333333333332,63.5,8.512500000000001,0.0,0.9166666666666666
2023-03-12,20.55,60.75,7.9125000000000005,0.0,0.0
2023-03-13,20.412499999999998,66.20833333333333,7.8,0.0,3.4166666666666665
2023-03-14,20.712500000000002,67.29166666666667,7.570833333333334,0.0,0.0
2023-03-15,20.008333333333333,70.45833333333333,7.766666666666667,0.0,0.0
2023-03-16,21.754166666666666,62.458333333333336,6.983333333333333,0.0,0.0
2023-03-17,22.724999999999998,56.375,9.154166666666667,0.0,0.0
2023-03-18,21.25,59.458333333333336,8.762500000000001,0.0,0.0
2023-03-19,20.516666666666666,64.66666666666667,7.904166666666666,0.0,6.041666666666667
2023-03-20,21.304166666666667,61.791666666666664,7.929166666666666,0.0,0.0
2023-03-21,22.070833333333336,55.833333333333336,8.979166666666666,0.0,0.0
2023-03-22,20.991666666666667,61.583333333333336,7.891666666666667,0.0,0.0
2023-03-23,21.379166666666666,60.958333333333336,7.858333333333333,0.0,1.7916666666666667
2023-03-24,20.158333333333335,67.625,7.208333333333333,0.0,4.208333333333333
2023-03-25,18.966666666666665,74.95833333333333,7.170833333333333,0.0,15.333333333333334
2023-03-26,20.095833333333335,68.79166666666667,7.058333333333334,0.0,0.0
2023-03-27,20.004166666666666,65.04166666666667,7.558333333333334,0.0,0.0
2023-03-28,18.991666666666667,69.66666666666667,6.5249999999999995,0.0,0.0
2023-03-29,19.358333333333334,69.25,7.420833333333333,0.0,0.5416666666666666
2023-03-30,20.258333333333333,67.20833333333333,6.933333333333334,0.0,0.0
2023-03-31,18.4875,74.58333333333333,6.791666666666667,0.0,8.958333333333334
2023-04-01,19.404166666666665,72.45833333333333,8.108333333333333,0.0,27.75
2023-04-02,19.0625,70.54166666666667,7.583333333333333,0.0,6.125
2023-04-03,19.533333333333335,68.83333333333333,6.595833333333334,0.0,12.25
2023-04-04,18.695833333333333,70.79166666666667,6.895833333333333,0.0,47.0
2023-04-05,18.7375,66.95833333333333,7.5249999999999995,0.0,1.25
2023-04-06,18.404166666666665,68.16666666666667,7.233333333333333,0.0,12.333333333333334
2023-04-07,19.408333333333335,61.416666666666664,7.3,0.0,0.0
2023-04-08,17.599999999999998,73.625,7.179166666666667,0.0,13.666666666666666
2023-04-09,16.879166666666666,77.29166666666667,6.841666666666666,0.0,38.375
2023-04-10,18.820833333333333,63.208333333333336,7.220833333333334,0.0,0.125
2023-04-11,18.175,71.45833333333333,7.266666666666667,0.0,15.083333333333334
2023-04-12,17.658333333333335,75.04166666666667,7.3500000000000005,0.0,18.958333333333332
2023-04-13,17.683333333333334,66.625,6.6499999999999995,0.0,35.208333333333336
2023-04-14,17.633333333333333,56.208333333333336,6.545833333333333,0.0,0.0
2023-04-15,19.0,46.041666666666664,6.4375,0.0,25.791666666666668
2023-04-16,16.945833333333333,55.0,6.375,0.0,2.1666666666666665
2023-04-17,15.991666666666667,60.958333333333336,7.495833333333334,0.0,0.0
2023-04-18,16.125,63.333333333333336,6.5874999999999995,0.0,0.0
2023-04-19,19.929166666666667,46.958333333333336,5.816666666666666,0.0,0.0
2023-04-20,15.325000000000001,69.375,7.3374999999999995,0.0,69.0
2023-04-21,15.341666666666667,74.5,5.808333333333334,0.0,91.83333333333333
2023-04-22,16.337500000000002,66.29166666666667,5.795833333333333,0.0,0.20833333333333334
2023-04-23,16.129166666666666,70.95833333333333,7.0625,0.0,0.0
2023-04-24,16.2,71.75,7.1000000000000005,0.0,0.0
2023-04-25,16.845833333333335,67.625,6.566666666666666,0.0,6.458333333333333
2023-04-26,13.845833333333333,78.33333333333333,7.070833333333333,0.0,33.416666666666664
2023-04-27,13.158333333333333,80.58333333333333,5.420833333333333,0.0,44.208333333333336
2023-04-28,13.7125,78.41666666666667,5.9750000000000005,0.0,36.333333333333336
2023-04-29,13.7875,80.54166666666667,6.654166666666666,0.0,51.333333333333336
2023-04-30,19.275000000000002,62.166666666666664,6.5375000000000005,0.0,83.25
2023-05-01,19.55,51.0,7.2625,0.0,50.083333333333336
2023-05-02,14.941666666666668,68.95833333333333,6.545833333333333,0.0,23.666666666666668
2023-05-03,14.254166666666668,62.041666666666664,5.745833333333334,0.0,0.0
2023-05-04,12.2125,67.91666666666667,4.891666666666667,0.0,0.0
2023-05-05,11.333333333333334,74.5,6.583333333333333,0.0,24.666666666666668
2023-05-06,13.383333333333333,62.416666666666664,5.758333333333333,0.0,21.083333333333332
2023-05-07,14.329166666666666,58.875,5.529166666666666,0.0,0.0
2023-05-08,16.483333333333334,59.791666666666664,5.3125,0.0,3.1666666666666665
2023-05-09,15.924999999999999,66.33333333333333,6.141666666666667,0.0,13.75
2023-05-10,14.5625,71.70833333333333,6.45,0.0,58.958333333333336
2023-05-11,14.858333333333334,73.0,5.641666666666667,0.0,62.208333333333336
2023-05-12,16.325,65.125,5.720833333333334,0.0,4.583333333333333
2023-05-13,16.183333333333334,67.58333333333333,5.991666666666667,0.0,0.0
2023-05-14,16.966666666666665,58.125,6.829166666666667,0.0,19.166666666666668
2023-05-15,14.683333333333332,81.66666666666667,6.4875,0.0,38.958333333333336
2023-05-16,15.379166666666668,72.83333333333333,5.754166666666666,0.0,22.166666666666668
2023-05-17,15.15,74.25,7.425,4.3,14.375
2023-05-18,16.433333333333334,69.66666666666667,5.120833333333333,0.0,21.083333333333332
2023-05-19,14.345833333333333,81.125,5.733333333333333,0.0,83.58333333333333
2023-05-20,13.4375,80.16666666666667,5.620833333333334,0.0,62.916666666666664
2023-05-21,12.141666666666666,83.16666666666667,4.945833333333334,0.0,95.0
2023-05-22,14.608333333333334,67.41666666666667,4.7250000000000005,0.0,92.875
2023-05-23,14.4625,72.5,5.166666666666667,0.0,30.041666666666668
2023-05-24,14.120833333333332,76.70833333333333,4.816666666666666,0.0,50.875
2023-05-25,15.054166666666667,72.0,6.029166666666666,0.0,19.958333333333332
2023-05-26,15.35,70.58333333333333,5.291666666666667,0.0,44.791666666666664
2023-05-27,17.916666666666668,42.166666666666664,4.3875,0.0,10.333333333333334
2023-05-28,16.508333333333333,52.25,4.8500000000000005,0.0,38.208333333333336
2023-05-29,15.541666666666666,65.08333333333333,7.125,0.0,30.625
2023-05-30,13.254166666666668,79.375,4.954166666666667,0.0,96.04166666666667
2023-05-31,16.333333333333332,68.41666666666667,4.05,0.0,43.916666666666664
2023-06-01,14.0375,74.95833333333333,4.7375,0.0,8.875
2023-06-02,11.25,82.125,4.666666666666667,0.0,79.83333333333333
2023-06-03,15.216666666666667,63.75,6.220833333333334,0.0,33.291666666666664
2023-06-04,15.945833333333333,60.625,4.75,0.0,18.125
2023-06-05,12.858333333333334,79.5,5.941666666666666,0.0,36.583333333333336
2023-06-06,12.095833333333333,81.625,5.408333333333334,0.0,56.916666666666664
2023-06-07,13.054166666666667,79.625,4.795833333333333,0.0,46.375
2023-06-08,11.445833333333333,86.625,5.329166666666667,0.0,60.416666666666664
2023-06-09,14.4375,73.45833333333333,6.7,0.0,17.583333333333332
2023-06-10,15.566666666666668,64.5,5.7375,0.0,0.75
2023-06-11,14.845833333333333,64.45833333333333,6.1000000000000005,0.0,5.625
2023-06-12,11.341666666666667,67.91666666666667,5.191666666666666,0.0,6.791666666666667
2023-06-13,7.6499999999999995,82.33333333333333,5.845833333333334,0.0,25.708333333333332
2023-06-14,10.579166666666667,65.54166666666667,4.6499999999999995,0.0,36.166666666666664
2023-06-15,17.900000000000002,15.625,4.4750000000000005,0.0,21.083333333333332
2023-06-16,18.25,18.416666666666668,2.954166666666667,0.0,18.458333333333332
2023-06-17,15.775,41.583333333333336,5.529166666666666,0.0,61.458333333333336
2023-06-18,12.200000000000001,65.95833333333333,5.8,0.0,43.791666666666664
2023-06-19,13.1625,69.25,5.716666666666666,0.0,41.541666666666664
2023-06-20,14.279166666666667,67.95833333333333,4.233333333333333,0.2,92.375
2023-06-21,14.700000000000001,63.916666666666664,4.1000000000000005,0.0,76.375
2023-06-22,17.154166666666665,51.5,5.466666666666666,0.0,71.0
2023-06-23,21.104166666666668,37.625,6.4875,0.0,39.041666666666664
2023-06-24,23.704166666666666,32.708333333333336,7.6375,0.0,0.041666666666666664
2023-06-25,21.104166666666668,41.791666666666664,5.820833333333333,0.0,0.08333333333333333
2023-06-26,18.725,44.541666666666664,5.991666666666667,0.0,3.2083333333333335
2023-06-27,17.995833333333334,44.708333333333336,4.758333333333334,0.0,7.416666666666667
2023-06-28,17.183333333333334,40.333333333333336,5.3,0.0,2.4166666666666665
2023-06-29,16.479166666666668,41.958333333333336,6.1000000000000005,0.0,1.0
2023-06-30,14.691666666666668,64.45833333333333,4.820833333333334,0.0,0.5416666666666666
2023-07-01,11.379166666666668,80.20833333333333,4.791666666666667,0.0,41.791666666666664
2023-07-02,10.674999999999999,83.33333333333333,5.075,0.0,51.583333333333336
2023-07-03,13.104166666666666,75.08333333333333,4.829166666666667,0.0,28.416666666666668
2023-07-04,12.279166666666667,72.41666666666667,6.095833333333334,0.0,28.583333333333332
2023-07-05,15.404166666666667,50.375,4.141666666666667,0.0,46.833333333333336
2023-07-06,16.224999999999998,37.666666666666664,4.145833333333333,0.0,96.91666666666667
2023-07-07,11.808333333333332,58.791666666666664,5.133333333333334,0.0,56.041666666666664
2023-07-08,11.179166666666667,72.33333333333333,4.8374999999999995,0.0,40.333333333333336
2023-07-09,12.3375,66.79166666666667,4.716666666666667,0.0,99.16666666666667
2023-07-10,12.4,69.04166666666667,3.1666666666666665,0.0,100.0
2023-07-11,12.166666666666666,68.125,6.366666666666667,0.6000000000000001,28.416666666666668
2023-07-12,13.637500000000001,66.20833333333333,5.604166666666667,0.2,15.125
2023-07-13,16.608333333333334,29.0,7.408333333333334,0.0,2.7916666666666665
2023-07-14,15.825000000000001,35.5,7.029166666666666,0.0,4.333333333333333
2023-07-15,10.591666666666667,86.5,5.6499999999999995,0.0,65.91666666666667
2023-07-16,13.5,71.125,4.883333333333334,0.1,75.625
2023-07-17,12.154166666666667,70.875,4.829166666666667,0.0,29.5
2023-07-18,17.316666666666666,34.666666666666664,4.870833333333334,0.0,23.625
2023-07-19,16.683333333333334,37.708333333333336,3.3833333333333333,0.0,99.875
2023-07-20,15.420833333333334,57.958333333333336,3.2458333333333336,0.0,99.16666666666667
2023-07-21,11.316666666666668,90.0,4.145833333333333,0.0,87.45833333333333
2023-07-22,12.375,79.5,4.820833333333334,0.0,91.16666666666667
2023-07-23,16.974999999999998,48.375,4.670833333333333,0.0,77.75
2023-07-24,13.708333333333334,72.45833333333333,4.820833333333334,0.0,18.583333333333332
2023-07-25,13.179166666666667,80.45833333333333,6.2875000000000005,0.0,52.416666666666664
2023-07-26,12.754166666666668,83.91666666666667,6.379166666666666,0.0,44.375
2023-07-27,12.825000000000001,86.125,5.429166666666667,0.0,52.916666666666664
2023-07-28,13.229166666666666,81.79166666666667,5.358333333333333,0.0,48.625
2023-07-29,12.575000000000001,82.75,5.633333333333333,0.0,63.833333333333336
2023-07-30,13.045833333333333,79.95833333333333,4.3625,0.0,65.125
2023-07-31,12.220833333333333,81.125,4.8625,0.0,48.166666666666664
2023-08-01,11.275,82.08333333333333,6.308333333333334,0.0,48.541666666666664
2023-08-02,12.358333333333334,84.91666666666667,4.1625000000000005,0.0,57.958333333333336
2023-08-03,12.466666666666667,87.16666666666667,5.216666666666667,0.0,83.08333333333333
2023-08-04,12.058333333333332,86.25,5.095833333333333,0.0,52.416666666666664
2023-08-05,12.558333333333332,83.16666666666667,5.770833333333333,0.0,52.458333333333336
2023-08-06,12.841666666666667,80.16666666666667,4.908333333333333,0.0,63.5
2023-08-07,16.650000000000002,57.291666666666664,6.066666666666666,0.0,26.625
2023-08-08,13.904166666666667,75.33333333333333,5.529166666666666,0.1,58.375
2023-08-09,13.354166666666666,77.95833333333333,6.6125,0.0,85.875
2023-08-10,12.5,77.79166666666667,6.354166666666667,0.0,58.333333333333336
2023-08-11,18.175,39.333333333333336,6.516666666666667,0.0,53.541666666666664
2023-08-12,13.308333333333332,71.75,5.654166666666666,0.0,13.583333333333334
2023-08-13,13.604166666666666,83.41666666666667,5.625,0.0,47.333333333333336
2023-08-14,13.883333333333333,80.16666666666667,5.029166666666667,0.0,54.916666666666664
2023-08-15,13.904166666666667,79.0,4.408333333333333,0.0,72.83333333333333
2023-08-16,13.341666666666667,79.625,6.929166666666667,0.2,72.41666666666667
2023-08-17,14.183333333333332,74.125,5.8374999999999995,0.0,55.5
2023-08-18,18.1875,43.375,6.491666666666667,0.0,26.791666666666668
2023-08-19,20.216666666666665,28.916666666666668,7.791666666666667,0.0,62.041666666666664
2023-08-20,22.09583333333333,27.666666666666668,9.35,0.0,25.458333333333332
2023-08-21,20.283333333333335,29.041666666666668,7.145833333333333,0.0,2.875
2023-08-22,16.599999999999998,48.0,6.6375,0.0,1.4166666666666667
2023-08-23,15.329166666666666,57.5,6.495833333333334,0.0,0.0
2023-08-24,15.833333333333334,59.666666666666664,6.083333333333333,0.0,0.0
2023-08-25,17.233333333333334,49.375,6.4875,0.0,14.125
2023-08-26,20.229166666666668,30.291666666666668,5.745833333333334,0.0,2.7083333333333335
2023-08-27,20.345833333333335,25.541666666666668,6.458333333333333,0.0,0.0
2023-08-28,16.979166666666668,54.541666666666664,6.170833333333333,0.0,7.375
2023-08-29,18.162499999999998,37.333333333333336,6.8,0.0,0.0
2023-08-30,16.808333333333334,53.416666666666664,7.241666666666667,0.0,3.75
2023-08-31,15.883333333333333,62.958333333333336,7.345833333333334,0.0,0.08333333333333333
2023-09-01,13.679166666666667,77.91666666666667,6.1625000000000005,0.0,44.291666666666664
2023-09-02,14.512500000000001,69.91666666666667,7.0125,0.0,75.66666666666667
2023-09-03,14.654166666666667,64.66666666666667,8.429166666666667,0.2,55.25
2023-09-04,16.266666666666666,54.75,4.5874999999999995,0.0,66.25
2023-09-05,19.020833333333332,36.166666666666664,6.870833333333334,0.0,87.20833333333333
2023-09-06,16.745833333333334,62.166666666666664,6.629166666666666,0.0,96.79166666666667
2023-09-07,17.408333333333335,55.708333333333336,6.425,0.0,49.666666666666664
2023-09-08,18.704166666666666,45.583333333333336,5.641666666666667,0.0,25.125
2023-09-09,20.404166666666665,33.458333333333336,4.125,0.0,92.29166666666667
2023-09-10,22.587500000000002,24.166666666666668,7.545833333333333,0.0,99.83333333333333
2023-09-11,18.066666666666666,45.625,7.204166666666667,0.0,83.125
2023-09-12,15.379166666666668,54.375,7.9875,0.0,8.208333333333334
2023-09-13,17.6125,34.625,6.829166666666667,0.0,24.916666666666668
2023-09-14,21.958333333333332,22.0,6.4750000000000005,0.0,0.16666666666666666
2023-09-15,20.958333333333332,33.083333333333336,8.708333333333334,0.0,0.125
2023-09-16,14.066666666666668,77.58333333333333,6.770833333333333,0.2,46.041666666666664
2023-09-17,16.541666666666668,61.75,6.3999999999999995,0.0,11.875
2023-09-18,19.04583333333333,50.541666666666664,7.454166666666667,0.0,17.791666666666668
2023-09-19,18.133333333333333,57.0,7.270833333333333,0.0,0.0
2023-09-20,14.391666666666666,72.5,7.25,0.0,26.166666666666668
2023-09-21,15.754166666666668,59.083333333333336,7.1000000000000005,0.0,40.0
2023-09-22,21.054166666666667,37.541666666666664,7.166666666666667,0.0,4.208333333333333
2023-09-23,19.162499999999998,50.791666666666664,7.454166666666667,0.0,7.833333333333333
2023-09-24,17.745833333333334,56.791666666666664,7.75,0.0,39.666666666666664
2023-09-25,17.845833333333335,55.625,8.575000000000001,0.0,1.0416666666666667
2023-09-26,17.916666666666668,45.583333333333336,8.716666666666667,0.0,0.16666666666666666
2023-09-27,14.887500000000001,55.333333333333336,8.841666666666667,0.0,0.0
2023-09-28,14.174999999999999,67.41666666666667,7.470833333333334,0.0,16.375
2023-09-29,16.658333333333335,57.208333333333336,6.679166666666667,0.0,18.791666666666668
2023-09-30,15.725,61.166666666666664,8.029166666666667,0.0,11.041666666666666
2023-10-01,15.387500000000001,61.666666666666664,7.879166666666666,0.0,1.2916666666666667
2023-10-02,14.275,69.75,7.904166666666666,0.0,24.958333333333332
2023-10-03,15.208333333333334,60.958333333333336,8.533333333333333,0.0,44.875
2023-10-04,17.4875,47.0,8.420833333333333,0.0,54.166666666666664
2023-10-05,15.725,54.25,7.829166666666667,0.0,0.0
2023-10-06,13.479166666666666,61.875,8.625,0.0,2.8333333333333335
2023-10-07,15.5,54.0,7.379166666666666,0.0,0.0
2023-10-08,19.558333333333334,42.166666666666664,7.5125,0.0,0.0
2023-10-09,18.916666666666668,47.375,8.104166666666666,0.0,0.0
2023-10-10,15.299999999999999,72.875,7.191666666666666,0.1,37.25
2023-10-11,18.5,50.25,6.466666666666666,0.0,0.0
2023-10-12,20.691666666666666,38.25,7.879166666666666,0.0,0.0
2023-10-13,18.254166666666666,49.541666666666664,7.7250000000000005,0.0,28.708333333333332
2023-10-14,16.575,65.95833333333333,6.925,0.0,5.208333333333333
2023-10-15,17.366666666666667,60.791666666666664,6.966666666666668,0.0,67.41666666666667
2023-10-16,18.974999999999998,55.208333333333336,7.516666666666667,0.0,89.25
2023-10-17,19.033333333333335,55.75,7.770833333333333,0.0,59.083333333333336
2023-10-18,17.304166666666667,60.625,7.7250000000000005,0.0,19.333333333333332
2023-10-19,20.266666666666666,48.041666666666664,8.275,0.0,4.625
2023-10-20,18.075,59.708333333333336,8.466666666666667,0.0,1.5833333333333333
2023-10-21,16.629166666666666,61.666666666666664,8.408333333333333,0.0,3.9166666666666665
2023-10-22,16.125,60.208333333333336,6.391666666666667,0.0,56.375
2023-10-23,16.958333333333332,63.458333333333336,7.670833333333333,0.0,10.666666666666666
2023-10-24,18.854166666666668,52.541666666666664,8.183333333333334,0.0,16.0
2023-10-25,18.212500000000002,55.875,9.095833333333333,0.0,0.0
2023-10-26,14.862499999999999,69.08333333333333,8.820833333333333,0.0,24.0
2023-10-27,14.975,61.916666666666664,9.091666666666667,0.0,40.541666666666664
2023-10-28,16.0,57.916666666666664,8.299999999999999,0.0,2.5833333333333335
2023-10-29,17.5,56.666666666666664,7.2625,0.0,17.75
2023-10-30,19.520833333333332,49.5,8.395833333333334,0.0,53.708333333333336
2023-10-31,21.083333333333332,39.916666666666664,8.470833333333333,0.0,28.791666666666668
2023-11-01,17.179166666666667,51.541666666666664,9.291666666666666,0.0,42.958333333333336
2023-11-02,18.029166666666665,43.541666666666664,9.541666666666666,0.0,0.0
2023-11-03,20.5125,32.208333333333336,8.158333333333333,0.0,0.0
2023-11-04,16.641666666666666,55.833333333333336,8.641666666666667,0.0,19.833333333333332
2023-11-05,16.841666666666665,57.5,7.8,0.0,0.0
2023-11-06,16.695833333333333,62.958333333333336,8.612499999999999,0.0,1.5833333333333333
2023-11-07,19.254166666666666,52.208333333333336,7.579166666666667,0.0,0.0
2023-11-08,20.658333333333335,44.75,7.841666666666666,0.0,0.6666666666666666
2023-11-09,18.775000000000002,61.375,6.8625,1.0,75.625
2023-11-10,19.5125,60.625,9.991666666666667,0.4,49.0
2023-11-11,18.675,57.25,7.908333333333334,0.0,0.0
2023-11-12,19.45,45.0,8.395833333333334,0.0,8.708333333333334
2023-11-13,18.8875,44.75,8.112499999999999,0.0,0.0
2023-11-14,18.116666666666667,51.791666666666664,8.8125,0.0,13.5
2023-11-15,17.5625,58.416666666666664,7.699999999999999,0.0,99.54166666666667
2023-11-16,17.724999999999998,50.0,9.725,0.0,25.416666666666668
2023-11-17,17.462500000000002,45.916666666666664,7.520833333333333,0.0,6.291666666666667
2023-11-18,19.758333333333333,43.291666666666664,8.820833333333333,0.0,0.0
2023-11-19,18.7625,59.0,9.479166666666666,0.0,20.458333333333332
2023-11-20,17.066666666666666,67.83333333333333,9.195833333333333,0.0,19.25
2023-11-21,17.333333333333332,64.875,8.904166666666667,0.0,15.75
2023-11-22,18.283333333333335,62.375,8.395833333333334,0.0,1.9583333333333333
2023-11-23,19.525000000000002,53.333333333333336,8.483333333333333,0.0,0.2916666666666667
2023-11-24,17.816666666666666,61.541666666666664,8.808333333333334,0.0,9.916666666666666
2023-11-25,18.05,59.916666666666664,8.691666666666666,0.0,0.0
2023-11-26,18.25,63.291666666666664,8.075000000000001,0.0,14.625
2023-11-27,17.375,67.20833333333333,8.862499999999999,0.0,17.083333333333332
2023-11-28,17.8,64.91666666666667,8.345833333333333,0.0,6.708333333333333
2023-11-29,19.208333333333332,58.708333333333336,8.704166666666667,0.0,0.0
2023-11-30,17.816666666666666,64.08333333333333,8.804166666666667,0.0,25.875
2023-12-01,18.420833333333334,60.125,9.245833333333334,0.0,8.0
2023-12-02,19.900000000000002,51.458333333333336,7.9750000000000005,0.0,0.0
2023-12-03,20.808333333333334,47.708333333333336,8.320833333333333,0.0,0.0
2023-12-04,19.270833333333332,53.958333333333336,8.195833333333333,0.0,2.8333333333333335
2023-12-05,18.6125,54.791666666666664,8.741666666666667,0.0,5.458333333333333
2023-12-06,18.958333333333332,48.291666666666664,8.916666666666666,0.0,0.0
2023-12-07,18.287499999999998,60.833333333333336,8.616666666666667,0.0,0.4166666666666667
2023-12-08,17.974999999999998,64.25,7.125,0.1,22.666666666666668
2023-12-09,20.045833333333334,55.916666666666664,7.2124999999999995,0.0,0.0
2023-12-10,18.929166666666667,61.75,8.049999999999999,0.0,24.0
2023-12-11,18.579166666666666,61.25,8.679166666666665,0.0,5.125
2023-12-12,20.291666666666668,57.875,8.045833333333333,0.0,0.5
2023-12-13,19.941666666666666,60.416666666666664,9.200000000000001,0.0,0.5416666666666666
2023-12-14,18.925,64.29166666666667,9.033333333333333,0.1,34.25
2023-12-15,21.166666666666668,54.291666666666664,8.695833333333333,0.0,2.5
2023-12-16,18.754166666666666,61.208333333333336,10.729166666666666,0.0,7.75
2023-12-17,20.216666666666665,52.75,8.108333333333333,0.0,0.0
2023-12-18,21.425,48.583333333333336,9.129166666666666,0.0,1.0
2023-12-19,19.166666666666668,60.458333333333336,8.841666666666667,0.0,18.875
2023-12-20,20.275000000000002,52.916666666666664,8.375,0.0,0.0
2023-12-21,19.8,56.291666666666664,8.770833333333334,0.0,0.7083333333333334
2023-12-22,19.329166666666666,62.166666666666664,8.895833333333334,0.0,0.625
2023-12-23,18.320833333333333,66.58333333333333,8.808333333333334,0.0,26.791666666666668
2023-12-24,17.833333333333332,68.41666666666667,8.158333333333333,0.1,57.875
2023-12-25,19.145833333333332,64.54166666666667,8.429166666666667,0.0,49.041666666666664
2023-12-26,19.691666666666666,60.625,8.579166666666667,0.0,45.541666666666664
2023-12-27,19.954166666666666,60.791666666666664,10.1875,0.0,18.666666666666668
2023-12-28,19.754166666666666,58.833333333333336,8.325000000000001,0.0,53.75
2023-12-29,20.729166666666668,51.291666666666664,9.7125,0.0,12.333333333333334
2023-12-30,20.575,53.333333333333336,9.345833333333333,0.0,56.166666666666664
2023-12-31,21.104166666666668,52.958333333333336,8.783333333333333,0.0,0.0
2024-01-01,21.041666666666668,56.333333333333336,8.779166666666667,0.0,0.0
2024-01-02,20.295833333333334,60.166666666666664,8.200000000000001,0.0,1.0416666666666667
2024-01-03,19.537499999999998,62.625,7.583333333333333,0.0,25.125
2024-01-04,20.025000000000002,62.041666666666664,8.804166666666667,0.0,6.666666666666667
2024-01-05,19.941666666666666,62.583333333333336,8.620833333333334,0.0,10.5
2024-01-06,19.616666666666667,59.041666666666664,9.454166666666667,0.0,0.0
2024-01-07,20.733333333333334,60.708333333333336,8.054166666666667,0.0,6.875
2024-01-08,21.120833333333334,61.458333333333336,9.450000000000001,0.0,30.041666666666668
2024-01-09,19.883333333333333,64.95833333333333,8.204166666666667,0.0,26.583333333333332
2024-01-10,21.9375,52.083333333333336,9.633333333333333,0.0,0.0
2024-01-11,20.566666666666666,54.791666666666664,7.958333333333333,0.0,2.4166666666666665
2024-01-12,19.875,60.25,8.05,0.0,0.6666666666666666
2024-01-13,20.291666666666668,57.0,8.254166666666666,0.0,0.041666666666666664
2024-01-14,21.995833333333334,51.75,9.320833333333333,0.0,0.0
2024-01-15,18.75,66.5,8.325000000000001,0.0,19.708333333333332
2024-01-16,20.7625,57.125,8.174999999999999,0.0,0.0
2024-01-17,20.375,57.791666666666664,8.424999999999999,0.0,2.7916666666666665
2024-01-18,20.412499999999998,60.875,8.870833333333334,0.0,6.958333333333333
2024-01-19,22.295833333333334,53.708333333333336,8.845833333333333,0.0,0.0
2024-01-20,21.733333333333334,59.291666666666664,8.854166666666666,0.0,0.7083333333333334
2024-01-21,21.308333333333334,58.25,9.033333333333333,0.0,0.0
2024-01-22,21.270833333333332,60.666666666666664,9.225,0.0,0.041666666666666664
2024-01-23,20.408333333333335,65.08333333333333,8.991666666666667,0.0,1.625
2024-01-24,21.95,58.916666666666664,9.104166666666666,0.0,0.0
2024-01-25,21.662499999999998,59.5,10.1,0.0,1.1666666666666667
2024-01-26,22.03333333333333,55.625,9.7375,0.0,6.5
2024-01-27,21.741666666666664,62.708333333333336,9.8375,0.0,1.75
2024-01-28,21.241666666666667,66.375,9.204166666666667,0.0,20.0
2024-01-29,21.508333333333336,64.0,9.450000000000001,0.0,1.25
2024-01-30,21.40833333333333,66.70833333333333,9.279166666666667,0.0,0.6666666666666666
2024-01-31,21.84166666666667,66.16666666666667,8.608333333333333,0.0,0.16666666666666666
2024-02-01,20.466666666666665,69.41666666666667,8.1,0.0,25.25
2024-02-02,20.370833333333334,68.625,8.0375,0.0,9.791666666666666
2024-02-03,21.391666666666666,63.166666666666664,8.2125,0.0,8.166666666666666
2024-02-04,21.608333333333334,62.916666666666664,8.895833333333334,0.0,57.541666666666664
2024-02-05,21.708333333333332,63.458333333333336,9.129166666666666,0.30000000000000004,15.666666666666666
2024-02-06,23.120833333333334,59.958333333333336,9.066666666666666,0.0,32.666666666666664
2024-02-07,24.162499999999998,55.0,9.0,0.0,54.958333333333336
2024-02-08,23.258333333333336,59.208333333333336,9.395833333333334,0.0,73.58333333333333
2024-02-09,23.379166666666666,57.833333333333336,9.358333333333333,0.0,0.0
2024-02-10,23.40833333333333,61.25,9.295833333333333,0.0,0.0
2024-02-11,21.116666666666667,69.58333333333333,8.270833333333334,0.0,20.291666666666668
2024-02-12,21.40416666666667,64.25,7.945833333333333,0.0,12.458333333333334
2024-02-13,20.787499999999998,66.16666666666667,7.3374999999999995,0.0,37.125
2024-02-14,20.95,66.04166666666667,8.195833333333333,0.0,24.708333333333332
2024-02-15,20.358333333333334,71.95833333333333,8.833333333333334,0.0,33.458333333333336
2024-02-16,20.5,70.58333333333333,8.858333333333333,0.0,49.0
2024-02-17,20.570833333333333,71.41666666666667,7.875,0.0,52.958333333333336
2024-02-18,20.8,67.5,7.445833333333333,0.0,30.333333333333332
2024-02-19,20.633333333333333,67.125,8.308333333333334,0.0,45.666666666666664
2024-02-20,20.483333333333334,64.45833333333333,9.304166666666667,0.0,46.0
2024-02-21,20.875,59.625,8.929166666666667,0.0,66.20833333333333
2024-02-22,21.3125,59.583333333333336,7.979166666666667,0.1,33.416666666666664
2024-02-23,22.429166666666664,56.916666666666664,8.641666666666667,0.0,0.041666666666666664
2024-02-24,20.945833333333333,66.125,7.920833333333333,0.0,12.875
2024-02-25,20.066666666666666,70.83333333333333,7.949999999999999,0.0,60.833333333333336
2024-02-26,19.041666666666668,75.0,7.8125,0.0,38.041666666666664
2024-02-27,19.008333333333333,71.79166666666667,7.3125,0.0,22.666666666666668
2024-02-28,19.349999999999998,72.91666666666667,7.4375,0.0,17.916666666666668
2024-02-29,20.208333333333332,72.125,8.208333333333334,0.0,16.208333333333332
2024-03-01,20.754166666666666,70.83333333333333,7.891666666666667,0.0,32.958333333333336
2024-03-02,20.470833333333335,68.91666666666667,7.845833333333334,0.0,47.875
2024-03-03,21.304166666666667,59.625,8.108333333333333,0.0,77.08333333333333
2024-03-04,20.604166666666668,58.916666666666664,8.291666666666666,0.0,17.75
2024-03-05,20.1875,67.45833333333333,8.075000000000001,0.0,0.625
2024-03-06,20.495833333333334,64.29166666666667,7.270833333333333,0.0,6.458333333333333
2024-03-07,20.5125,65.79166666666667,7.875,0.0,0.041666666666666664
2024-03-08,21.079166666666666,60.75,6.925,0.0,0.041666666666666664
2024-03-09,21.3875,55.583333333333336,8.141666666666667,0.0,20.416666666666668
2024-03-10,20.379166666666666,64.25,7.016666666666667,0.0,5.291666666666667
2024-03-11,19.2,68.20833333333333,7.0625,0.0,9.75
2024-03-12,20.720833333333335,57.25,6.883333333333333,0.0,0.0
2024-03-13,19.933333333333334,59.083333333333336,7.9875,0.0,44.166666666666664
2024-03-14,20.375,58.791666666666664,7.1375,0.0,0.0
2024-03-15,19.662499999999998,60.333333333333336,7.204166666666667,0.0,2.3333333333333335
2024-03-16,19.375,59.375,6.908333333333334,0.0,0.16666666666666666
2024-03-17,19.654166666666665,58.958333333333336,7.595833333333334,0.0,0.125
2024-03-18,21.020833333333332,54.25,6.633333333333333,0.0,0.0
2024-03-19,19.420833333333334,62.666666666666664,8.637500000000001,0.0,1.625
2024-03-20,19.625,66.66666666666667,6.3500000000000005,0.2,44.541666666666664
2024-03-21,21.46666666666667,56.25,7.2250000000000005,0.0,0.0
2024-03-22,20.341666666666665,59.416666666666664,7.654166666666666,0.0,0.20833333333333334
2024-03-23,17.383333333333333,73.41666666666667,7.6000000000000005,0.0,0.2916666666666667
2024-03-24,18.25,73.70833333333333,7.804166666666667,0.0,15.541666666666666
2024-03-25,19.408333333333335,70.79166666666667,6.520833333333333,0.0,35.083333333333336
2024-03-26,19.416666666666668,70.08333333333333,7.341666666666666,0.0,0.5416666666666666
2024-03-27,19.962500000000002,66.70833333333333,7.320833333333333,0.0,7.375
2024-03-28,21.116666666666667,62.583333333333336,8.229166666666666,0.0,3.0833333333333335
2024-03-29,19.741666666666667,71.75,8.066666666666666,0.0,17.875
2024-03-30,19.958333333333332,71.29166666666667,7.625,0.0,9.166666666666666
2024-03-31,18.833333333333332,76.5,7.654166666666666,0.0,15.541666666666666
2024-04-01,18.729166666666668,74.79166666666667,6.3875,0.0,42.833333333333336
2024-04-02,18.6125,71.54166666666667,7.1000000000000005,0.0,9.583333333333334
2024-04-03,17.204166666666666,75.33333333333333,6.358333333333333,0.0,41.291666666666664
2024-04-04,17.729166666666668,71.54166666666667,7.0625,0.0,4.5
2024-04-05,16.308333333333334,77.83333333333333,6.4375,0.0,18.166666666666668
2024-04-06,17.733333333333334,68.91666666666667,7.2250000000000005,0.0,0.5833333333333334
2024-04-07,16.958333333333332,70.125,6.45,0.0,0.0
2024-04-08,16.141666666666666,74.70833333333333,6.245833333333334,0.0,29.875
2024-04-09,16.666666666666668,70.33333333333333,5.291666666666667,0.0,23.0
2024-04-10,17.420833333333334,67.04166666666667,6.045833333333333,0.0,69.08333333333333
2024-04-11,16.916666666666668,65.75,6.829166666666667,0.0,39.541666666666664
2024-04-12,17.358333333333334,60.0,7.345833333333334,0.0,34.5
2024-04-13,16.404166666666665,69.04166666666667,6.925,26.0,66.625
2024-04-14,15.454166666666666,70.54166666666667,7.983333333333333,0.9,66.41666666666667
2024-04-15,14.808333333333332,67.75,5.75,0.0,15.041666666666666
2024-04-16,18.6125,41.291666666666664,6.091666666666666,0.0,0.0
2024-04-17,21.295833333333334,29.791666666666668,7.395833333333333,0.0,7.416666666666667
2024-04-18,15.404166666666667,79.79166666666667,5.8875,0.0,31.0
2024-04-19,15.204166666666666,83.25,5.7,0.1,51.583333333333336
2024-04-20,16.5125,76.5,5.7375,0.0,59.208333333333336
2024-04-21,17.3875,68.125,5.0874999999999995,0.0,89.79166666666667
2024-04-22,16.691666666666666,72.95833333333333,5.908333333333334,0.0,31.5
2024-04-23,17.224999999999998,68.04166666666667,6.425,0.0,13.875
2024-04-24,15.295833333333334,78.625,6.008333333333333,0.0,39.958333333333336
2024-04-25,16.55,71.83333333333333,5.879166666666666,0.0,71.875
2024-04-26,17.004166666666666,64.625,6.5,0.0,72.41666666666667
2024-04-27,18.941666666666666,50.458333333333336,7.0874999999999995,0.0,78.58333333333333
2024-04-28,17.775000000000002,53.0,5.7,0.0,63.5
2024-04-29,15.233333333333334,65.25,6.229166666666667,0.0,72.875
2024-04-30,16.179166666666667,51.125,4.704166666666667,0.0,99.375
2024-05-01,18.445833333333333,43.0,7.104166666666667,0.0,53.75
2024-05-02,16.666666666666668,55.708333333333336,6.120833333333334,0.0,0.0
2024-05-03,12.791666666666666,63.708333333333336,5.466666666666666,0.0,0.125
2024-05-04,15.695833333333333,52.25,4.5874999999999995,0.0,21.666666666666668
2024-05-05,16.425,45.416666666666664,4.666666666666667,0.0,15.0
2024-05-06,14.433333333333332,52.666666666666664,6.533333333333334,0.0,5.5
2024-05-07,12.954166666666667,62.875,5.6125,0.0,18.958333333333332
2024-05-08,15.200000000000001,50.25,6.4750000000000005,0.0,8.0
2024-05-09,14.958333333333334,47.875,4.929166666666666,0.0,95.83333333333333
2024-05-10,11.625,75.54166666666667,5.6375,0.0,71.79166666666667
2024-05-11,13.091666666666667,64.16666666666667,6.283333333333334,0.0,68.33333333333333
2024-05-12,15.387500000000001,46.625,5.1375,0.0,54.458333333333336
2024-05-13,15.008333333333333,50.333333333333336,5.066666666666666,0.0,46.5
2024-05-14,14.579166666666666,57.333333333333336,4.825,0.0,95.0
2024-05-15,11.891666666666666,68.0,3.4583333333333335,0.0,99.04166666666667
2024-05-16,11.141666666666666,65.08333333333333,3.8541666666666665,0.0,100.0
2024-05-17,14.095833333333333,49.0,5.0,0.0,42.375
2024-05-18,14.316666666666668,48.375,5.954166666666667,0.0,0.0
2024-05-19,18.166666666666668,31.166666666666668,6.133333333333333,0.0,16.25
2024-05-20,18.120833333333334,30.583333333333332,5.816666666666666,0.0,77.16666666666667
2024-05-21,17.587500000000002,46.083333333333336,4.870833333333334,0.0,99.91666666666667
2024-05-22,15.237499999999999,63.5,4.2375,2.0,80.20833333333333
2024-05-23,14.174999999999999,74.95833333333333,6.066666666666666,32.0,44.875
2024-05-24,15.816666666666668,55.666666666666664,4.479166666666667,0.0,69.79166666666667
2024-05-25,12.987499999999999,78.91666666666667,4.058333333333334,0.0,39.708333333333336
2024-05-26,11.045833333333334,82.04166666666667,5.016666666666667,0.0,51.041666666666664
2024-05-27,14.041666666666666,60.291666666666664,4.258333333333334,0.0,30.0
2024-05-28,14.216666666666667,57.75,4.091666666666667,0.0,50.5
2024-05-29,10.879166666666668,86.125,4.358333333333333,0.0,67.54166666666667
2024-05-30,14.191666666666668,73.45833333333333,4.120833333333334,0.0,93.70833333333333
2024-05-31,12.004166666666668,86.875,5.433333333333334,0.0,66.54166666666667
2024-06-01,17.083333333333332,51.666666666666664,4.316666666666666,0.0,45.958333333333336
2024-06-02,17.758333333333333,46.166666666666664,4.966666666666667,0.0,44.375
2024-06-03,10.945833333333333,91.0,4.854166666666667,0.0,100.0
2024-06-04,12.6625,84.91666666666667,4.504166666666666,0.0,94.04166666666667
2024-06-05,11.950000000000001,84.875,5.825,0.0,99.5
2024-06-06,12.516666666666666,81.45833333333333,6.095833333333334,0.0,42.666666666666664
2024-06-07,14.991666666666667,74.625,4.0125,0.0,58.166666666666664
2024-06-08,12.9,82.91666666666667,5.6375,0.2,95.66666666666667
2024-06-09,11.829166666666666,84.375,4.445833333333334,0.0,86.33333333333333
2024-06-10,13.808333333333332,70.5,4.104166666666667,0.0,96.54166666666667
2024-06-11,14.475,61.25,4.9375,0.0,68.33333333333333
2024-06-12,12.520833333333334,72.79166666666667,5.708333333333333,0.0,38.5
2024-06-13,12.333333333333334,73.625,7.695833333333333,0.0,53.083333333333336
2024-06-14,12.795833333333334,82.66666666666667,4.104166666666667,2.2,49.541666666666664
2024-06-15,13.183333333333332,81.45833333333333,4.625,0.0,21.291666666666668
2024-06-16,14.020833333333334,73.95833333333333,4.404166666666667,0.0,0.125
2024-06-17,12.408333333333333,81.25,4.7124999999999995,0.0,9.708333333333334
2024-06-18,12.358333333333334,73.625,5.625,0.0,13.25
2024-06-19,12.808333333333332,69.66666666666667,4.404166666666667,0.0,44.875
2024-06-20,11.779166666666667,74.625,4.495833333333334,0.0,24.875
2024-06-21,10.583333333333334,79.66666666666667,4.591666666666667,0.0,98.33333333333333
2024-06-22,12.620833333333332,73.125,4.970833333333333,0.0,79.0
2024-06-23,12.479166666666666,75.70833333333333,5.0,0.0,53.541666666666664
2024-06-24,13.366666666666667,70.125,4.458333333333333,0.0,4.708333333333333
2024-06-25,11.987499999999999,66.79166666666667,5.795833333333333,0.0,88.79166666666667
2024-06-26,13.858333333333334,45.125,5.066666666666666,0.0,58.375
2024-06-27,12.8375,60.541666666666664,4.1375,0.0,84.75
2024-06-28,10.570833333333333,86.95833333333333,3.775,0.0,76.91666666666667
2024-06-29,12.079166666666666,83.0,3.6291666666666664,0.0,14.0
2024-06-30,14.158333333333333,73.29166666666667,3.483333333333333,0.0,38.166666666666664
2024-07-01,16.587500000000002,48.791666666666664,4.829166666666667,0.0,0.0
2024-07-02,14.85,51.958333333333336,4.9750000000000005,0.0,0.0
2024-07-03,12.237499999999999,69.45833333333333,5.066666666666666,0.0,44.333333333333336
2024-07-04,8.804166666666667,89.375,5.304166666666666,0.0,87.125
2024-07-05,10.908333333333333,83.83333333333333,4.341666666666667,0.0,41.833333333333336
2024-07-06,8.8375,87.16666666666667,4.3875,0.0,63.166666666666664
2024-07-07,10.754166666666668,87.75,3.5375,0.0,48.541666666666664
2024-07-08,10.908333333333333,85.0,4.2875000000000005,0.0,19.458333333333332
2024-07-09,8.483333333333333,89.66666666666667,4.6625000000000005,0.0,45.083333333333336
2024-07-10,7.933333333333334,78.33333333333333,4.7375,0.0,68.08333333333333
2024-07-11,7.3875,74.75,5.345833333333334,0.0,0.8333333333333334
2024-07-12,8.608333333333333,82.25,3.3166666666666664,0.0,0.041666666666666664
2024-07-13,9.3125,78.95833333333333,5.470833333333334,0.0,26.958333333333332
2024-07-14,9.129166666666666,78.29166666666667,4.420833333333333,0.0,30.125
2024-07-15,9.424999999999999,81.54166666666667,4.779166666666667,0.0,48.083333333333336
2024-07-16,10.141666666666667,76.91666666666667,4.729166666666667,0.0,65.54166666666667
2024-07-17,9.950000000000001,80.25,5.158333333333333,0.0,24.25
2024-07-18,9.854166666666666,79.75,4.8999999999999995,0.0,0.8333333333333334
2024-07-19,12.704166666666666,67.41666666666667,5.1125,0.0,51.083333333333336
2024-07-20,12.029166666666667,68.25,5.933333333333334,0.0,49.875
2024-07-21,11.758333333333333,77.25,5.466666666666666,0.0,50.5
2024-07-22,11.475,70.75,4.8875,0.0,13.583333333333334
2024-07-23,11.129166666666668,75.79166666666667,4.258333333333334,0.2,44.833333333333336
2024-07-24,13.862499999999999,51.125,3.9416666666666664,0.0,0.0
2024-07-25,14.875,38.083333333333336,6.145833333333333,0.0,3.6666666666666665
2024-07-26,13.554166666666667,55.041666666666664,5.691666666666666,0.0,0.2916666666666667
2024-07-27,14.5625,57.75,5.8374999999999995,0.0,18.625
2024-07-28,12.112499999999999,75.45833333333333,5.625,0.0,52.583333333333336
2024-07-29,12.8125,74.70833333333333,4.820833333333334,0.0,18.916666666666668
2024-07-30,12.104166666666666,74.75,4.633333333333334,0.0,94.5
2024-07-31,11.5875,72.5,5.4375,0.0,98.29166666666667
2024-08-01,11.845833333333333,70.83333333333333,6.279166666666666,0.0,91.20833333333333
2024-08-02,11.416666666666666,87.0,4.304166666666666,23.7,96.45833333333333
2024-08-03,13.049999999999999,78.75,4.966666666666667,0.2,73.16666666666667
2024-08-04,12.916666666666666,75.08333333333333,5.0874999999999995,0.0,40.583333333333336
2024-08-05,9.9625,81.70833333333333,4.6125,0.0,62.875
2024-08-06,11.641666666666666,71.33333333333333,5.020833333333333,0.0,27.708333333333332
2024-08-07,10.870833333333332,81.75,4.908333333333333,0.0,53.666666666666664
2024-08-08,13.0,55.208333333333336,4.4624999999999995,0.0,1.75
2024-08-09,14.554166666666667,45.625,5.358333333333333,0.0,0.0
2024-08-10,13.579166666666666,60.0,4.604166666666667,0.0,19.666666666666668
2024-08-11,13.670833333333334,75.70833333333333,4.9375,0.0,45.791666666666664
2024-08-12,14.570833333333333,78.79166666666667,4.591666666666667,0.0,12.666666666666666
2024-08-13,12.1,88.875,4.7,0.0,69.20833333333333
2024-08-14,11.004166666666668,90.125,4.975,0.0,66.08333333333333
2024-08-15,11.133333333333333,86.91666666666667,5.529166666666666,0.0,99.91666666666667
2024-08-16,13.395833333333334,77.25,4.2,0.0,99.83333333333333
2024-08-17,14.029166666666667,74.125,5.141666666666667,0.0,73.70833333333333
2024-08-18,13.066666666666668,70.29166666666667,6.258333333333333,0.1,84.125
2024-08-19,14.075000000000001,63.5,6.604166666666667,0.0,26.75
2024-08-20,11.737499999999999,71.125,7.05,0.0,35.416666666666664
2024-08-21,9.933333333333334,73.75,6.75,0.0,17.625
2024-08-22,11.433333333333332,52.416666666666664,5.3500000000000005,0.0,0.0
2024-08-23,13.049999999999999,40.166666666666664,4.8,0.0,1.625
2024-08-24,16.016666666666666,26.5,7.058333333333334,0.0,3.5833333333333335
2024-08-25,14.616666666666667,47.791666666666664,7.154166666666666,0.0,0.0
2024-08-26,13.375,74.125,5.666666666666667,0.0,2.0416666666666665
2024-08-27,13.079166666666666,74.66666666666667,5.158333333333333,0.0,17.833333333333332
2024-08-28,11.033333333333333,80.625,6.529166666666666,0.0,73.79166666666667
2024-08-29,10.879166666666668,74.66666666666667,7.133333333333333,0.5,88.5
2024-08-30,12.0375,61.25,6.5249999999999995,0.0,37.041666666666664
2024-08-31,14.304166666666667,41.791666666666664,6.3,0.0,7.0
2024-09-01,13.924999999999999,65.0,4.691666666666666,0.0,0.0
2024-09-02,11.245833333333332,83.16666666666667,6.5375000000000005,0.0,36.416666666666664
2024-09-03,14.512500000000001,72.83333333333333,6.745833333333334,0.0,0.08333333333333333
2024-09-04,15.924999999999999,63.166666666666664,6.241666666666667,0.0,0.0
2024-09-05,18.6875,47.0,6.216666666666666,0.0,21.166666666666668
2024-09-06,10.9,81.91666666666667,7.270833333333333,0.0,36.0
2024-09-07,12.725,75.58333333333333,7.645833333333333,0.0,24.916666666666668
2024-09-08,12.929166666666667,76.0,6.137499999999999,0.0,20.125
2024-09-09,18.908333333333335,50.875,6.308333333333334,0.0,59.458333333333336
2024-09-10,16.8125,53.708333333333336,7.2625,0.0,96.625
2024-09-11,14.475,73.625,6.9624999999999995,0.0,21.916666666666668
2024-09-12,13.333333333333334,65.5,7.658333333333334,0.0,3.0
2024-09-13,13.625,61.291666666666664,7.066666666666666,0.0,0.0
2024-09-14,12.858333333333334,72.54166666666667,5.433333333333334,0.0,1.8333333333333333
2024-09-15,15.858333333333334,64.66666666666667,5.616666666666667,0.0,35.125
2024-09-16,18.220833333333335,35.083333333333336,8.85,0.0,1.25
2024-09-17,14.295833333333334,70.33333333333333,5.116666666666666,0.0,55.0
2024-09-18,16.7,55.208333333333336,7.449999999999999,0.0,13.541666666666666
2024-09-19,14.458333333333334,60.125,6.470833333333334,0.0,34.125
2024-09-20,19.2375,30.75,6.9624999999999995,0.0,68.29166666666667
2024-09-21,18.212500000000002,45.208333333333336,7.4875,0.0,84.33333333333333
2024-09-22,14.125,70.5,5.933333333333334,0.0,25.5
2024-09-23,18.716666666666665,38.791666666666664,6.862500000000001,0.0,0.0
2024-09-24,19.175,36.375,7.416666666666667,0.0,0.0
2024-09-25,17.974999999999998,46.5,7.245833333333334,0.0,0.0
2024-09-26,17.766666666666666,51.833333333333336,6.595833333333334,0.0,0.16666666666666666
2024-09-27,13.766666666666666,68.25,7.770833333333333,0.0,7.333333333333333
2024-09-28,12.012500000000001,77.83333333333333,6.995833333333334,0.0,54.541666666666664
2024-09-29,15.237499999999999,64.04166666666667,7.6375,0.0,5.833333333333333
2024-09-30,13.745833333333332,70.45833333333333,7.5625,0.0,30.208333333333332
2024-10-01,17.016666666666666,55.416666666666664,7.1625000000000005,0.0,26.375
2024-10-02,22.066666666666666,33.541666666666664,7.179166666666667,0.0,0.0
2024-10-03,18.479166666666668,54.791666666666664,6.941666666666666,0.0,1.4166666666666667
2024-10-04,15.737499999999999,70.95833333333333,7.133333333333333,0.0,74.875
2024-10-05,17.445833333333333,63.041666666666664,5.5,0.0,94.33333333333333
2024-10-06,17.474999999999998,60.0,5.5249999999999995,0.0,100.0
2024-10-07,17.208333333333332,65.125,9.316666666666666,1.0,44.666666666666664
2024-10-08,15.8375,64.83333333333333,9.404166666666667,0.0,51.041666666666664
2024-10-09,14.583333333333334,68.08333333333333,8.329166666666667,0.0,31.125
2024-10-10,15.170833333333334,70.5,7.3875,0.0,45.791666666666664
2024-10-11,18.849999999999998,61.208333333333336,8.0,0.0,20.875
2024-10-12,17.7375,65.29166666666667,7.508333333333333,0.0,96.58333333333333
2024-10-13,17.191666666666666,66.70833333333333,6.8625,0.0,53.541666666666664
2024-10-14,19.6125,53.916666666666664,6.904166666666666,0.0,44.625
2024-10-15,19.716666666666665,50.5,7.816666666666666,0.0,10.583333333333334
2024-10-16,14.929166666666667,75.75,6.375,0.30000000000000004,55.166666666666664
2024-10-17,16.545833333333334,67.25,7.6625000000000005,0.0,7.333333333333333
2024-10-18,17.733333333333334,63.875,8.004166666666666,0.0,0.8333333333333334
2024-10-19,15.9,73.04166666666667,8.595833333333333,0.0,48.583333333333336
2024-10-20,15.204166666666666,69.75,8.225,0.5,51.416666666666664
2024-10-21,15.754166666666668,60.833333333333336,7.5125,0.0,0.0
2024-10-22,15.1625,66.5,7.020833333333333,0.4,22.75
2024-10-23,15.995833333333332,57.708333333333336,8.7125,0.0,0.0
2024-10-24,19.175,43.833333333333336,8.254166666666666,0.0,0.0
2024-10-25,18.945833333333333,54.0,9.375,0.0,2.375
2024-10-26,18.166666666666668,57.583333333333336,6.9750000000000005,0.0,0.125
2024-10-27,16.345833333333335,69.125,7.241666666666667,0.0,27.916666666666668
2024-10-28,17.2625,65.91666666666667,7.925,0.0,2.8333333333333335
2024-10-29,16.1375,70.54166666666667,7.604166666666667,0.30000000000000004,32.75
2024-10-30,15.833333333333334,71.83333333333333,7.441666666666666,0.0,32.166666666666664
2024-10-31,16.212500000000002,73.29166666666667,8.762500000000001,0.0,50.125
2024-11-01,15.029166666666667,75.79166666666667,9.183333333333334,0.6000000000000001,50.166666666666664
2024-11-02,17.566666666666666,65.45833333333333,8.174999999999999,0.0,5.541666666666667
2024-11-03,16.3625,67.25,7.816666666666666,0.1,20.875
2024-11-04,19.016666666666666,52.708333333333336,8.466666666666667,0.0,0.0
2024-11-05,22.133333333333336,31.416666666666668,8.5375,0.0,0.0
2024-11-06,16.804166666666667,67.625,8.054166666666667,0.0,15.083333333333334
2024-11-07,17.620833333333334,67.5,8.108333333333333,0.0,9.666666666666666
2024-11-08,17.116666666666667,70.0,8.225,0.0,19.75
2024-11-09,16.295833333333334,72.5,7.970833333333334,0.0,37.166666666666664
2024-11-10,17.454166666666666,66.83333333333333,8.316666666666666,0.0,8.208333333333334
2024-11-11,20.9875,51.208333333333336,9.2375,0.0,11.0
2024-11-12,19.995833333333334,54.708333333333336,8.670833333333333,0.0,0.0
2024-11-13,17.758333333333333,65.125,6.983333333333333,0.0,17.0
2024-11-14,17.558333333333334,62.875,7.916666666666667,0.0,0.20833333333333334
2024-11-15,17.8875,64.20833333333333,7.933333333333334,0.0,0.4583333333333333
2024-11-16,18.162499999999998,63.666666666666664,6.545833333333333,0.0,21.666666666666668
2024-11-17,18.741666666666667,57.166666666666664,7.7749999999999995,0.0,0.0
2024-11-18,18.441666666666666,58.958333333333336,7.470833333333334,0.0,0.0
2024-11-19,18.7125,53.083333333333336,7.195833333333333,0.0,9.125
2024-11-20,18.720833333333335,51.166666666666664,7.883333333333333,0.0,0.0
2024-11-21,17.925,60.833333333333336,7.441666666666666,0.0,0.0
2024-11-22,18.05,60.666666666666664,6.683333333333334,0.0,14.291666666666666
2024-11-23,18.791666666666668,55.708333333333336,7.3125,0.0,0.0
2024-11-24,19.150000000000002,61.583333333333336,6.745833333333334,0.0,7.625
2024-11-25,20.275000000000002,56.5,7.920833333333333,0.0,4.208333333333333
2024-11-26,20.058333333333334,54.375,7.870833333333334,0.0,2.25
2024-11-27,19.25,51.333333333333336,8.466666666666667,0.0,0.2916666666666667
2024-11-28,19.216666666666665,48.083333333333336,7.325,0.0,0.0
2024-11-29,19.283333333333335,51.375,7.2250000000000005,0.0,0.0
2024-11-30,18.733333333333334,57.291666666666664,7.595833333333332,0.0,0.0
2024-12-01,20.445833333333333,42.166666666666664,7.495833333333334,0.0,0.0
2024-12-02,20.508333333333333,35.708333333333336,8.370833333333334,0.0,0.0
2024-12-03,18.304166666666667,49.708333333333336,8.633333333333333,0.0,0.0
2024-12-04,18.083333333333332,51.541666666666664,7.941666666666666,0.0,0.0
2024-12-05,18.783333333333335,46.416666666666664,7.825,0.0,58.375
2024-12-06,20.441666666666666,38.0,7.5249999999999995,0.0,0.0
2024-12-07,19.025000000000002,47.666666666666664,8.629166666666666,0.0,0.375
2024-12-08,18.95,48.291666666666664,7.341666666666666,0.0,0.0
2024-12-09,19.141666666666666,47.833333333333336,7.0625,0.0,1.0416666666666667
2024-12-10,18.045833333333334,61.166666666666664,6.637499999999999,0.0,97.29166666666667
2024-12-11,19.662499999999998,54.541666666666664,8.6875,0.0,38.75
2024-12-12,18.170833333333334,61.041666666666664,7.829166666666667,0.0,9.333333333333334
2024-12-13,18.4875,61.625,7.408333333333334,0.0,0.2916666666666667
2024-12-14,18.554166666666667,60.958333333333336,7.3374999999999995,0.0,1.4583333333333333
2024-12-15,19.120833333333334,61.666666666666664,7.204166666666667,0.0,0.0
2024-12-16,19.791666666666668,60.0,7.083333333333333,0.0,0.16666666666666666
2024-12-17,19.037499999999998,58.833333333333336,7.495833333333334,0.0,8.291666666666666
2024-12-18,19.583333333333332,54.5,7.420833333333333,0.0,0.041666666666666664
2024-12-19,18.912499999999998,59.458333333333336,7.8125,0.0,0.3333333333333333
2024-12-20,18.5125,63.791666666666664,7.6499999999999995,0.0,6.333333333333333
2024-12-21,20.295833333333334,58.208333333333336,7.533333333333334,0.0,0.0
2024-12-22,20.945833333333333,59.833333333333336,8.012500000000001,0.0,0.0
2024-12-23,19.533333333333335,61.833333333333336,8.279166666666667,0.0,14.875
2024-12-24,19.529166666666665,62.0,8.450000000000001,0.0,0.6666666666666666
2024-12-25,18.758333333333333,64.04166666666667,8.854166666666666,0.0,9.125
2024-12-26,18.858333333333334,63.791666666666664,8.433333333333334,0.1,32.583333333333336
2024-12-27,18.849999999999998,61.833333333333336,8.625,0.0,1.5416666666666667
2024-12-28,18.116666666666667,70.375,8.466666666666667,0.0,26.333333333333332
2024-12-29,19.633333333333333,65.625,8.383333333333333,0.0,0.75
2024-12-30,18.670833333333334,71.29166666666667,7.970833333333334,0.1,27.333333333333332
2024-12-31,19.462500000000002,68.75,7.9375,0.0,14.916666666666666
2025-01-01,20.099999999999998,64.70833333333333,7.116666666666666,0.0,12.625
2025-01-02,20.541666666666668,61.333333333333336,7.729166666666667,0.0,5.75
2025-01-03,20.895833333333332,57.791666666666664,8.35,0.0,23.75
2025-01-04,21.9375,48.333333333333336,8.75,0.0,21.583333333333332
2025-01-05,22.041666666666668,51.833333333333336,8.375,0.0,35.541666666666664
2025-01-06,19.454166666666666,70.29166666666667,9.516666666666667,0.0,15.5
2025-01-07,19.170833333333334,67.875,9.254166666666666,0.0,47.625
2025-01-08,20.216666666666665,66.875,8.237499999999999,0.0,4.333333333333333
2025-01-09,19.958333333333332,68.29166666666667,7.608333333333333,0.0,24.208333333333332
2025-01-10,19.912499999999998,67.16666666666667,7.916666666666667,0.0,3.875
2025-01-11,19.995833333333334,69.04166666666667,7.3625,0.0,16.625
2025-01-12,20.025000000000002,66.33333333333333,7.933333333333334,0.2,33.5
2025-01-13,20.091666666666665,66.875,8.529166666666667,0.0,6.666666666666667
2025-01-14,20.537499999999998,66.41666666666667,8.966666666666667,0.0,6.125
2025-01-15,20.995833333333334,66.75,8.575000000000001,0.0,27.833333333333332
2025-01-16,22.008333333333336,63.666666666666664,8.145833333333334,0.0,21.875
2025-01-17,21.870833333333334,65.16666666666667,7.883333333333333,0.0,1.0416666666666667
2025-01-18,22.083333333333332,57.666666666666664,7.016666666666667,0.0,0.125
2025-01-19,20.958333333333332,56.958333333333336,8.475,0.0,0.6666666666666666
2025-01-20,19.408333333333335,66.25,6.620833333333334,0.0,22.041666666666668
2025-01-21,19.208333333333332,64.41666666666667,7.445833333333333,0.0,27.333333333333332
2025-01-22,20.995833333333334,57.916666666666664,7.583333333333333,0.0,0.0
2025-01-23,22.229166666666668,53.875,7.358333333333333,0.0,0.0
2025-01-24,21.5625,55.916666666666664,7.4375,0.0,0.0
2025-01-25,21.220833333333335,61.208333333333336,7.629166666666666,0.0,0.08333333333333333
2025-01-26,21.075,60.083333333333336,7.704166666666667,0.0,0.08333333333333333
2025-01-27,20.787499999999998,60.291666666666664,6.845833333333334,0.0,0.0
2025-01-28,20.616666666666667,61.541666666666664,7.295833333333333,0.0,0.5416666666666666
2025-01-29,20.425,61.333333333333336,7.5125,0.0,3.125
2025-01-30,21.395833333333332,56.833333333333336,7.316666666666666,0.0,0.0
2025-01-31,21.34583333333333,59.291666666666664,7.441666666666666,0.0,9.0
2025-02-01,20.970833333333335,61.333333333333336,7.566666666666666,0.0,11.208333333333334
2025-02-02,20.895833333333332,61.833333333333336,7.295833333333333,0.0,0.16666666666666666
2025-02-03,22.179166666666664,52.583333333333336,7.870833333333334,0.0,6.333333333333333
2025-02-04,21.316666666666666,59.833333333333336,8.404166666666667,0.0,0.0
2025-02-05,21.075,63.083333333333336,7.7375,0.0,0.0
2025-02-06,21.412499999999998,62.833333333333336,7.3999999999999995,0.0,0.25
2025-02-07,21.8625,61.541666666666664,6.720833333333332,0.0,7.833333333333333
2025-02-08,22.958333333333332,59.0,6.375,0.0,69.04166666666667
2025-02-09,22.458333333333332,62.583333333333336,7.3625,0.0,4.916666666666667
2025-02-10,22.491666666666664,59.791666666666664,7.9375,0.0,17.583333333333332
2025-02-11,22.2,63.291666666666664,8.4625,0.0,15.375
2025-02-12,22.229166666666668,64.54166666666667,8.1875,0.0,0.041666666666666664
2025-02-13,22.183333333333334,63.5,6.995833333333334,0.0,0.9166666666666666
2025-02-14,21.429166666666664,64.04166666666667,6.9875,0.0,4.541666666666667
2025-02-15,21.666666666666668,60.0,7.033333333333334,0.0,0.0
2025-02-16,21.083333333333332,58.666666666666664,6.625,0.0,0.0
2025-02-17,20.0,58.208333333333336,6.491666666666667,0.0,0.5
2025-02-18,19.183333333333334,64.25,7.133333333333333,0.0,1.9583333333333333
2025-02-19,19.583333333333332,63.0,6.420833333333333,0.0,27.791666666666668
2025-02-20,20.908333333333335,59.0,7.491666666666667,0.0,4.875
2025-02-21,21.5125,60.666666666666664,6.9375,0.0,19.666666666666668
2025-02-22,21.52916666666667,61.458333333333336,7.641666666666667,0.0,3.5416666666666665
2025-02-23,20.670833333333334,63.5,7.120833333333334,0.0,17.208333333333332
2025-02-24,20.599999999999998,65.54166666666667,6.625,0.0,0.3333333333333333
2025-02-25,20.808333333333334,63.125,6.945833333333333,0.0,0.0
2025-02-26,21.616666666666664,62.125,7.291666666666667,0.0,0.0
2025-02-27,21.474999999999998,62.458333333333336,7.283333333333334,0.0,2.8333333333333335
2025-02-28,21.425,61.791666666666664,6.954166666666667,0.0,0.041666666666666664
2025-03-01,21.59166666666667,58.375,6.520833333333333,0.0,0.0
2025-03-02,21.541666666666668,52.208333333333336,6.6625000000000005,0.0,0.0
2025-03-03,20.633333333333333,56.333333333333336,6.116666666666667,0.0,0.0
2025-03-04,19.8,63.125,6.816666666666666,0.0,0.0
2025-03-05,20.258333333333333,62.833333333333336,6.454166666666667,0.0,0.625
2025-03-06,19.716666666666665,64.91666666666667,7.554166666666667,0.0,1.375
2025-03-07,20.6875,55.583333333333336,7.045833333333333,0.0,4.583333333333333
2025-03-08,22.2,51.125,6.9125000000000005,0.0,0.0
2025-03-09,20.4375,63.75,6.383333333333333,0.0,1.4583333333333333
2025-03-10,19.641666666666666,64.66666666666667,6.758333333333333,0.0,0.2916666666666667
2025-03-11,20.675,54.958333333333336,6.808333333333334,0.0,0.0
2025-03-12,19.845833333333335,60.291666666666664,7.170833333333333,0.0,2.25
2025-03-13,19.1875,67.625,7.416666666666667,0.0,5.583333333333333
2025-03-14,18.429166666666667,70.45833333333333,7.283333333333334,0.0,25.916666666666668
2025-03-15,18.420833333333334,68.66666666666667,6.5375000000000005,0.0,18.083333333333332
2025-03-16,19.520833333333332,64.58333333333333,5.729166666666667,0.0,0.041666666666666664
2025-03-17,19.212500000000002,68.20833333333333,5.9875,0.0,0.0
2025-03-18,18.75,71.29166666666667,6.554166666666667,0.0,10.375
2025-03-19,18.287499999999998,71.0,5.354166666666667,0.2,48.583333333333336
2025-03-20,18.279166666666665,70.75,5.7875000000000005,0.0,0.125
2025-03-21,18.870833333333334,70.20833333333333,5.25,0.0,0.7083333333333334
2025-03-22,18.545833333333334,73.0,5.870833333333334,0.0,21.708333333333332
2025-03-23,18.895833333333332,70.375,5.716666666666666,0.0,13.916666666666666
2025-03-24,18.150000000000002,69.875,6.2749999999999995,0.0,31.458333333333332
2025-03-25,18.004166666666666,64.16666666666667,6.104166666666667,0.0,2.0416666666666665
2025-03-26,17.791666666666668,63.708333333333336,6.0625,0.0,0.0
2025-03-27,18.241666666666667,65.0,6.3625,0.0,14.375
2025-03-28,19.408333333333335,62.708333333333336,5.5125,0.0,7.291666666666667
2025-03-29,18.808333333333334,64.33333333333333,5.970833333333334,0.0,0.0
2025-03-30,19.216666666666665,63.916666666666664,4.866666666666666,0.0,0.08333333333333333
2025-03-31,20.516666666666666,53.583333333333336,5.720833333333334,0.0,0.0
2025-04-01,17.533333333333335,66.83333333333333,5.429166666666667,0.0,7.833333333333333
2025-04-02,17.587500000000002,64.29166666666667,5.116666666666666,0.0,0.0
2025-04-03,18.541666666666668,56.125,5.804166666666667,0.0,0.0
2025-04-04,17.9875,55.25,5.2,0.0,0.0
2025-04-05,16.212500000000002,70.0,6.0625,0.0,1.4583333333333333
2025-04-06,17.016666666666666,60.291666666666664,4.820833333333334,0.0,0.0
2025-04-07,18.7375,50.208333333333336,5.666666666666667,0.0,0.0
2025-04-08,17.354166666666668,65.29166666666667,5.658333333333334,0.0,1.875
2025-04-09,16.008333333333333,68.5,6.366666666666667,0.0,37.833333333333336
2025-04-10,15.625,70.16666666666667,5.325,0.0,15.208333333333334
2025-04-11,16.858333333333334,62.666666666666664,5.658333333333334,0.0,46.5
2025-04-12,17.587500000000002,62.625,4.829166666666667,0.0,0.0
2025-04-13,17.349999999999998,63.541666666666664,5.541666666666667,0.0,0.0
2025-04-14,16.145833333333332,69.625,5.195833333333334,0.0,11.708333333333334
2025-04-15,17.670833333333334,60.583333333333336,5.129166666666666,0.0,0.0
2025-04-16,18.375,59.875,5.55,0.0,0.0
2025-04-17,16.400000000000002,70.91666666666667,5.683333333333334,0.0,11.291666666666666
2025-04-18,15.225,75.66666666666667,5.125,0.0,47.208333333333336
2025-04-19,14.970833333333333,73.04166666666667,4.9125,0.0,98.125
2025-04-20,15.570833333333333,70.83333333333333,4.9624999999999995,0.0,71.83333333333333
2025-04-21,14.4,76.25,5.391666666666667,0.0,27.875
2025-04-22,15.375,72.66666666666667,5.4750000000000005,0.0,20.125
2025-04-23,16.241666666666667,64.70833333333333,4.633333333333334,0.0,6.833333333333333
2025-04-24,19.954166666666666,52.458333333333336,4.683333333333334,0.0,0.3333333333333333
2025-04-25,20.470833333333335,43.375,5.270833333333333,0.0,0.0
2025-04-26,18.079166666666666,62.5,5.616666666666667,0.0,0.7083333333333334
2025-04-27,17.295833333333334,62.708333333333336,4.966666666666667,0.0,0.0
2025-04-28,14.404166666666667,76.75,4.279166666666667,0.0,20.208333333333332
2025-04-29,13.637500000000001,78.29166666666667,4.5249999999999995,0.0,52.166666666666664
2025-04-30,13.570833333333333,72.70833333333333,4.741666666666666,0.0,81.54166666666667
2025-05-01,13.454166666666666,69.29166666666667,4.425,0.0,52.458333333333336
2025-05-02,16.008333333333333,60.333333333333336,3.783333333333333,0.0,2.5
2025-05-03,15.237499999999999,67.25,4.766666666666667,0.0,0.08333333333333333
2025-05-04,14.941666666666665,72.875,4.5125,0.0,40.958333333333336
2025-05-05,14.904166666666667,72.75,4.4375,0.0,0.0
2025-05-06,13.674999999999999,79.08333333333333,4.483333333333333,0.0,26.791666666666668
2025-05-07,13.674999999999999,75.66666666666667,4.054166666666666,0.0,83.20833333333333
2025-05-08,14.208333333333334,70.625,4.766666666666667,0.0,25.208333333333332
2025-05-09,17.208333333333332,48.541666666666664,3.2583333333333333,0.0,12.083333333333334
2025-05-10,19.662499999999998,31.0,3.8249999999999997,0.0,1.5
2025-05-11,12.995833333333332,82.08333333333333,5.291666666666667,0.0,61.875
2025-05-12,13.637500000000001,73.66666666666667,4.495833333333334,0.0,40.541666666666664
2025-05-13,11.629166666666668,83.79166666666667,4.429166666666666,0.0,90.83333333333333
2025-05-14,12.995833333333332,76.79166666666667,3.9125,0.0,95.95833333333333
2025-05-15,13.008333333333333,74.95833333333333,4.2,0.0,92.0
2025-05-16,15.195833333333333,68.41666666666667,5.908333333333334,0.0,23.875
2025-05-17,13.283333333333333,68.0,3.966666666666667,0.0,32.166666666666664
2025-05-18,15.450000000000001,59.958333333333336,3.35,0.0,5.541666666666667
2025-05-19,15.641666666666666,59.041666666666664,3.9333333333333336,0.0,7.166666666666667
2025-05-20,15.633333333333333,64.66666666666667,4.075,0.0,13.625
2025-05-21,14.270833333333334,73.25,4.033333333333333,0.0,67.20833333333333
2025-05-22,14.137500000000001,79.33333333333333,3.7916666666666665,0.0,31.041666666666668
2025-05-23,13.329166666666666,81.08333333333333,4.5249999999999995,0.0,47.333333333333336
2025-05-24,14.183333333333332,74.20833333333333,3.641666666666667,0.0,31.0
2025-05-25,12.445833333333333,84.91666666666667,4.208333333333333,0.0,61.375
2025-05-26,12.058333333333332,82.33333333333333,3.608333333333334,0.0,52.291666666666664
2025-05-27,15.275,63.333333333333336,3.033333333333333,0.0,29.791666666666668
2025-05-28,14.779166666666667,62.458333333333336,3.2708333333333335,0.0,0.7083333333333334
2025-05-29,10.970833333333333,88.125,3.529166666666667,0.0,75.375
2025-05-30,12.770833333333334,72.04166666666667,4.216666666666667,0.0,54.125
2025-05-31,13.5875,72.75,3.75,0.0,99.83333333333333
2025-06-01,11.570833333333333,82.625,3.908333333333333,0.1,60.041666666666664
2025-06-02,11.987499999999999,76.75,4.133333333333334,0.0,95.25
2025-06-03,12.641666666666666,67.08333333333333,4.675,0.0,97.83333333333333
2025-06-04,11.270833333333334,74.95833333333333,3.8208333333333333,0.0,63.166666666666664
2025-06-05,14.6,59.625,2.8375,0.0,65.16666666666667
2025-06-06,11.983333333333334,73.83333333333333,4.408333333333333,0.0,24.291666666666668
2025-06-07,12.5875,63.375,2.6166666666666667,0.0,31.625
2025-06-08,16.945833333333333,28.458333333333332,1.8708333333333333,0.0,12.833333333333334
2025-06-09,16.5125,39.541666666666664,2.9333333333333336,0.0,91.41666666666667
2025-06-10,11.679166666666667,79.54166666666667,4.8,0.0,28.25
2025-06-11,11.112499999999999,75.75,3.4583333333333335,0.0,47.958333333333336
2025-06-12,14.083333333333334,72.375,6.9750000000000005,0.2,74.33333333333333
2025-06-13,13.041666666666666,76.91666666666667,2.3208333333333333,0.0,97.875
2025-06-14,13.479166666666666,72.70833333333333,3.1625,0.0,28.583333333333332
2025-06-15,13.0875,65.16666666666667,3.8208333333333333,0.0,57.333333333333336
2025-06-16,11.891666666666666,62.458333333333336,3.5583333333333336,0.0,36.375
2025-06-17,10.691666666666668,65.45833333333333,3.8541666666666665,0.0,0.125
2025-06-18,11.216666666666667,66.45833333333333,3.0583333333333336,0.0,0.0
2025-06-19,13.3125,57.208333333333336,2.4916666666666667,0.0,0.0
2025-06-20,11.700000000000001,61.416666666666664,2.5708333333333333,0.0,0.0
2025-06-21,11.4375,67.91666666666667,3.7916666666666665,0.0,16.166666666666668
2025-06-22,13.720833333333333,62.25,3.7458333333333336,0.0,3.0416666666666665
2025-06-23,14.299999999999999,65.58333333333333,2.9875000000000003,0.0,0.0
2025-06-24,10.133333333333333,84.66666666666667,2.775,0.0,65.29166666666667
2025-06-25,11.6875,77.20833333333333,5.366666666666667,1.8,86.5
2025-06-26,13.658333333333333,69.58333333333333,4.2,0.0,27.375
2025-06-27,12.237499999999999,65.41666666666667,3.5208333333333335,0.0,0.0
2025-06-28,9.883333333333333,81.58333333333333,3.2624999999999997,0.0,36.458333333333336
2025-06-29,13.883333333333333,46.166666666666664,2.4125,0.0,0.0
2025-06-30,16.266666666666666,35.333333333333336,3.5416666666666665,0.0,22.166666666666668
2025-07-01,16.645833333333332,47.708333333333336,2.2708333333333335,0.0,19.083333333333332
2025-07-02,19.170833333333334,32.25,2.829166666666667,0.0,41.333333333333336
2025-07-03,14.262500000000001,55.25,3.4958333333333336,0.0,24.208333333333332
2025-07-04,12.604166666666666,75.29166666666667,4.0875,0.0,68.875
2025-07-05,12.654166666666667,74.16666666666667,4.158333333333333,0.0,41.125
2025-07-06,11.775,81.33333333333333,5.0125,0.0,49.583333333333336
2025-07-07,14.808333333333332,53.833333333333336,2.9499999999999997,0.0,0.0
2025-07-08,10.870833333333332,81.79166666666667,3.5124999999999997,0.0,42.708333333333336
2025-07-09,10.15,77.66666666666667,4.0375000000000005,0.0,53.541666666666664
2025-07-10,10.408333333333333,74.54166666666667,3.8333333333333335,0.0,14.708333333333334
2025-07-11,9.695833333333333,77.54166666666667,3.9916666666666667,0.0,2.7916666666666665
2025-07-12,9.445833333333333,77.75,3.295833333333333,0.0,47.333333333333336
2025-07-13,9.987499999999999,74.20833333333333,3.408333333333333,0.0,1.2916666666666667
2025-07-14,10.033333333333333,71.54166666666667,3.9583333333333335,0.0,8.833333333333334
2025-07-15,11.470833333333333,69.70833333333333,4.95,0.0,43.833333333333336
2025-07-16,13.737499999999999,43.708333333333336,3.1166666666666667,0.0,1.6666666666666667
2025-07-17,12.591666666666667,59.375,3.5625,0.0,0.0
2025-07-18,8.3625,86.04166666666667,3.4625,0.0,56.958333333333336
2025-07-19,10.133333333333333,73.08333333333333,3.4958333333333336,0.0,41.5
2025-07-20,11.504166666666668,74.79166666666667,4.1875,0.0,44.375
2025-07-21,11.420833333333333,74.45833333333333,4.458333333333333,0.0,49.458333333333336
2025-07-22,11.791666666666666,72.58333333333333,4.458333333333333,0.0,72.29166666666667
2025-07-23,10.504166666666666,77.125,3.9458333333333333,0.0,54.875
2025-07-24,9.383333333333333,80.25,4.170833333333333,0.0,47.125
2025-07-25,11.579166666666666,65.95833333333333,3.1291666666666664,0.0,43.125
2025-07-26,11.329166666666666,68.66666666666667,4.891666666666667,0.0,56.0
2025-07-27,12.683333333333332,65.41666666666667,3.6625,0.0,47.083333333333336
2025-07-28,17.575,35.708333333333336,3.029166666666667,0.0,34.791666666666664
2025-07-29,17.333333333333332,38.166666666666664,4.466666666666667,0.0,47.166666666666664
2025-07-30,14.195833333333333,58.5,3.641666666666667,0.0,100.0
2025-07-31,12.9375,73.04166666666667,5.491666666666667,0.0,98.33333333333333
2025-08-01,11.783333333333333,78.79166666666667,8.091666666666667,45.5,74.375
2025-08-02,11.9,68.91666666666667,2.2583333333333333,0.0,83.0
2025-08-03,15.158333333333333,58.208333333333336,3.35,0.0,83.54166666666667
2025-08-04,16.8625,63.5,2.4458333333333333,0.0,97.75
2025-08-05,12.512500000000001,91.75,3.7916666666666665,0.0,78.54166666666667
2025-08-06,12.233333333333334,88.58333333333333,4.054166666666666,0.0,59.958333333333336
2025-08-07,12.141666666666666,93.04166666666667,3.8125,0.0,75.125
2025-08-08,12.654166666666667,84.125,4.825,0.0,71.20833333333333
2025-08-09,10.433333333333334,91.41666666666667,5.166666666666667,0.1,88.875
2025-08-10,12.716666666666667,81.41666666666667,4.504166666666666,0.0,57.583333333333336
2025-08-11,16.470833333333335,67.91666666666667,4.9375,0.0,11.708333333333334
2025-08-12,11.345833333333333,89.875,6.141666666666667,0.0,86.29166666666667
2025-08-13,12.754166666666668,85.79166666666667,5.816666666666666,0.0,61.083333333333336
2025-08-14,13.225,81.29166666666667,4.320833333333334,0.9,73.45833333333333
2025-08-15,13.116666666666667,75.41666666666667,7.458333333333333,0.0,51.958333333333336
2025-08-16,13.637500000000001,67.04166666666667,4.55,0.0,0.0
2025-08-17,12.595833333333333,69.125,8.7125,0.0,27.833333333333332
2025-08-18,11.308333333333332,78.83333333333333,6.558333333333334,18.400000000000002,50.791666666666664
2025-08-19,12.591666666666667,72.20833333333333,4.770833333333333,3.9,17.5
2025-08-20,13.783333333333333,56.958333333333336,3.1791666666666667,0.0,7.166666666666667
2025-08-21,11.704166666666666,76.54166666666667,4.325,0.0,37.0
2025-08-22,10.791666666666666,76.45833333333333,5.308333333333334,0.0,60.0
2025-08-23,12.245833333333332,56.833333333333336,3.1666666666666665,0.0,0.3333333333333333
2025-08-24,12.241666666666667,62.666666666666664,3.4625,0.0,0.0
2025-08-25,14.233333333333334,54.375,3.0708333333333333,0.0,0.0
2025-08-26,13.137500000000001,72.20833333333333,4.116666666666666,0.0,23.125
2025-08-27,12.674999999999999,83.75,4.858333333333333,0.0,63.041666666666664
2025-08-28,12.262500000000001,80.45833333333333,6.0625,0.0,52.416666666666664
2025-08-29,12.191666666666668,73.79166666666667,7.2875000000000005,3.5,86.79166666666667
2025-08-30,12.745833333333332,66.25,7.1625000000000005,0.8,62.5
2025-08-31,12.404166666666667,67.04166666666667,4.5375000000000005,0.0,2.5416666666666665
