ds,temperatura,humedad,velocidad_viento,precipitacion,nubosidad
2020-01-01,20.120833333333334,64.91666666666667,8.929166666666667,0.0,1.4583333333333333
2020-01-02,19.158333333333335,67.875,8.387500000000001,0.0,18.333333333333332
2020-01-03,19.0625,67.54166666666667,8.262500000000001,0.0,38.458333333333336
2020-01-04,18.729166666666668,69.54166666666667,8.629166666666666,0.0,14.041666666666666
2020-01-05,19.891666666666666,65.16666666666667,8.445833333333333,0.0,1.5
2020-01-06,21.1375,64.25,8.208333333333334,0.0,18.166666666666668
2020-01-07,21.40833333333333,63.125,8.9375,0.0,0.041666666666666664
2020-01-08,20.974999999999998,63.791666666666664,8.679166666666667,0.0,2.3333333333333335
2020-01-09,20.191666666666666,65.66666666666667,8.745833333333334,0.0,0.0
2020-01-10,20.8,64.58333333333333,7.8374999999999995,0.0,63.375
2020-01-11,20.575,63.416666666666664,8.508333333333333,0.0,64.70833333333333
2020-01-12,19.599999999999998,67.29166666666667,8.183333333333334,0.0,28.166666666666668
2020-01-13,18.429166666666667,72.04166666666667,8.025,0.2,30.875
2020-01-14,19.441666666666666,69.125,7.954166666666667,0.0,79.91666666666667
2020-01-15,20.537499999999998,67.70833333333333,7.6499999999999995,0.0,61.458333333333336
2020-01-16,21.34583333333333,64.33333333333333,8.329166666666667,0.0,63.416666666666664
2020-01-17,22.3,58.125,7.645833333333333,0.0,45.916666666666664
2020-01-18,21.854166666666668,62.333333333333336,8.054166666666667,0.0,2.5833333333333335
2020-01-19,22.366666666666664,61.583333333333336,7.95,0.0,35.583333333333336
2020-01-20,21.916666666666668,65.0,9.299999999999999,0.0,71.41666666666667
2020-01-21,21.0,69.54166666666667,8.479166666666666,0.0,26.041666666666668
2020-01-22,21.825,64.75,8.508333333333333,0.0,78.0
2020-01-23,22.8125,63.458333333333336,8.4125,0.0,28.5
2020-01-24,24.366666666666664,55.458333333333336,8.683333333333334,0.0,0.7083333333333334
2020-01-25,24.704166666666666,58.958333333333336,9.029166666666667,0.0,4.666666666666667
2020-01-26,23.9375,61.291666666666664,8.704166666666667,0.0,0.5416666666666666
2020-01-27,23.083333333333332,63.541666666666664,7.9750000000000005,0.0,0.041666666666666664
2020-01-28,21.754166666666666,67.875,9.154166666666667,0.0,23.916666666666668
2020-01-29,21.633333333333336,67.41666666666667,8.816666666666666,0.0,41.666666666666664
2020-01-30,20.900000000000002,68.625,8.804166666666667,0.0,1.375
2020-01-31,20.425,69.625,7.941666666666666,0.0,17.125
2020-02-01,20.662499999999998,69.875,8.0875,0.0,7.416666666666667
2020-02-02,20.558333333333334,70.95833333333333,8.008333333333333,0.0,22.625
2020-02-03,20.900000000000002,71.875,7.933333333333334,0.0,21.375
2020-02-04,21.212500000000002,66.375,7.7375,0.0,39.666666666666664
2020-02-05,20.545833333333334,65.04166666666667,9.049999999999999,0.0,0.0
2020-02-06,19.783333333333335,66.75,7.9125000000000005,0.0,16.416666666666668
2020-02-07,20.279166666666665,62.375,8.25,0.0,0.0
2020-02-08,19.241666666666667,68.25,8.0625,0.0,2.4166666666666665
2020-02-09,19.554166666666667,68.95833333333333,7.7875000000000005,0.0,29.125
2020-02-10,19.441666666666666,69.125,7.7250000000000005,0.0,55.5
2020-02-11,19.8625,69.625,7.908333333333334,0.0,48.0
2020-02-12,20.633333333333333,66.83333333333333,7.829166666666667,0.0,38.208333333333336
2020-02-13,21.566666666666666,61.333333333333336,7.6375,0.0,19.041666666666668
2020-02-14,21.3,62.041666666666664,8.3875,0.0,10.291666666666666
2020-02-15,21.979166666666668,66.16666666666667,7.7,0.0,5.916666666666667
2020-02-16,21.516666666666666,68.08333333333333,8.529166666666667,0.0,26.041666666666668
2020-02-17,21.729166666666668,65.79166666666667,7.9875,0.0,7.708333333333333
2020-02-18,22.020833333333332,63.916666666666664,7.291666666666667,0.0,0.0
2020-02-19,20.5,70.95833333333333,7.95,0.0,30.166666666666668
2020-02-20,19.079166666666666,71.58333333333333,8.191666666666666,0.0,33.875
2020-02-21,19.9375,68.83333333333333,8.554166666666667,0.0,57.75
2020-02-22,21.05,64.875,8.145833333333334,0.0,2.9166666666666665
2020-02-23,19.916666666666668,67.375,8.083333333333334,0.0,6.25
2020-02-24,19.779166666666665,69.54166666666667,7.558333333333334,0.0,12.5
2020-02-25,19.8125,68.5,7.8,0.0,0.0
2020-02-26,21.40833333333333,61.833333333333336,8.05,0.0,0.0
2020-02-27,21.291666666666668,66.16666666666667,7.283333333333334,0.0,0.0
2020-02-28,21.59583333333333,61.458333333333336,7.487500000000001,0.0,0.4166666666666667
2020-02-29,20.191666666666666,69.125,7.616666666666667,0.0,6.166666666666667
2020-03-01,20.204166666666666,69.79166666666667,7.616666666666667,0.0,21.375
2020-03-02,19.4875,71.54166666666667,7.2749999999999995,0.0,18.416666666666668
2020-03-03,19.004166666666666,73.875,7.529166666666666,0.0,30.291666666666668
2020-03-04,19.075,74.5,7.358333333333333,0.0,28.666666666666668
2020-03-05,19.070833333333333,74.375,8.316666666666666,0.0,45.083333333333336
2020-03-06,19.962500000000002,71.0,7.245833333333334,0.0,53.791666666666664
2020-03-07,20.587500000000002,67.29166666666667,7.783333333333334,0.0,1.0
2020-03-08,21.224999999999998,63.125,7.45,0.0,6.958333333333333
2020-03-09,21.4875,61.541666666666664,7.070833333333333,0.0,50.5
2020-03-10,20.654166666666665,66.95833333333333,7.895833333333333,0.0,80.83333333333333
2020-03-11,20.591666666666665,69.08333333333333,7.675,0.0,36.208333333333336
2020-03-12,21.070833333333333,67.5,8.0,0.0,21.416666666666668
2020-03-13,19.816666666666666,72.5,7.4375,0.0,41.166666666666664
2020-03-14,20.529166666666665,68.66666666666667,7.291666666666667,0.0,39.291666666666664
2020-03-15,18.820833333333333,74.70833333333333,7.6625000000000005,0.0,22.791666666666668
2020-03-16,18.162499999999998,76.625,7.366666666666667,0.0,39.666666666666664
2020-03-17,18.654166666666665,71.04166666666667,7.320833333333333,0.0,36.333333333333336
2020-03-18,18.266666666666666,72.41666666666667,6.816666666666666,0.0,21.333333333333332
2020-03-19,17.925,72.66666666666667,7.216666666666666,0.0,31.416666666666668
2020-03-20,17.858333333333334,72.16666666666667,7.283333333333334,0.0,34.041666666666664
2020-03-21,18.279166666666665,71.29166666666667,7.320833333333333,0.0,34.5
2020-03-22,20.662499999999998,62.541666666666664,6.604166666666667,0.0,0.0
2020-03-23,20.325,63.625,6.95,0.0,0.0
2020-03-24,18.616666666666667,69.5,6.616666666666666,0.0,6.25
2020-03-25,18.241666666666667,70.75,6.970833333333334,0.0,8.833333333333334
2020-03-26,17.370833333333334,71.41666666666667,6.8374999999999995,0.0,15.666666666666666
2020-03-27,17.504166666666666,68.95833333333333,6.6125,0.0,9.375
2020-03-28,18.133333333333333,62.833333333333336,6.4875,0.0,0.0
2020-03-29,19.775000000000002,58.625,6.104166666666667,0.0,44.458333333333336
2020-03-30,20.004166666666666,65.45833333333333,5.804166666666667,0.0,72.58333333333333
2020-03-31,20.395833333333332,65.625,7.095833333333334,0.0,42.041666666666664
2020-04-01,18.7375,72.20833333333333,6.554166666666667,0.0,18.958333333333332
2020-04-02,17.6375,78.875,6.4375,0.0,38.333333333333336
2020-04-03,18.8125,73.54166666666667,6.8875,0.0,56.208333333333336
2020-04-04,19.075,69.95833333333333,7.0125,0.0,18.625
2020-04-05,20.208333333333332,64.29166666666667,7.916666666666667,0.1,28.166666666666668
2020-04-06,21.141666666666666,59.25,6.095833333333334,0.0,0.6666666666666666
2020-04-07,19.425,67.29166666666667,6.7,0.0,0.4583333333333333
2020-04-08,18.433333333333334,75.25,6.383333333333333,0.0,48.75
2020-04-09,18.758333333333333,72.66666666666667,5.795833333333333,0.0,7.875
2020-04-10,18.479166666666668,70.45833333333333,6.866666666666667,0.0,37.125
2020-04-11,17.724999999999998,70.20833333333333,6.2250000000000005,0.0,21.208333333333332
2020-04-12,16.433333333333334,74.54166666666667,6.383333333333333,0.0,39.875
2020-04-13,17.208333333333332,70.54166666666667,6.183333333333334,0.0,18.208333333333332
2020-04-14,16.095833333333335,75.16666666666667,6.8125,0.0,55.625
2020-04-15,16.595833333333335,71.91666666666667,5.758333333333333,0.0,89.58333333333333
2020-04-16,17.816666666666666,65.45833333333333,5.629166666666666,0.0,32.125
2020-04-17,19.391666666666666,58.333333333333336,6.333333333333333,0.0,0.0
2020-04-18,17.829166666666666,73.625,6.479166666666667,0.0,18.75
2020-04-19,17.508333333333333,75.125,5.862500000000001,0.0,15.791666666666666
2020-04-20,18.529166666666665,73.25,6.216666666666666,0.0,17.291666666666668
2020-04-21,18.204166666666666,72.33333333333333,5.8625,0.0,0.125
2020-04-22,17.341666666666665,77.16666666666667,6.9750000000000005,0.0,12.375
2020-04-23,16.474999999999998,78.625,5.629166666666666,0.0,45.333333333333336
2020-04-24,16.316666666666666,74.54166666666667,6.008333333333333,0.0,50.125
2020-04-25,17.825,65.0,6.55,0.0,6.0
2020-04-26,16.912499999999998,71.41666666666667,6.141666666666667,0.0,5.208333333333333
2020-04-27,16.954166666666666,70.54166666666667,5.870833333333334,0.0,30.458333333333332
2020-04-28,18.854166666666668,55.541666666666664,5.933333333333334,0.0,0.0
2020-04-29,17.025000000000002,63.5,6.520833333333333,0.0,12.791666666666666
2020-04-30,16.158333333333335,77.91666666666667,5.7875000000000005,0.0,94.91666666666667
2020-05-01,15.858333333333334,75.875,5.270833333333333,0.0,69.625
2020-05-02,15.766666666666666,75.66666666666667,5.554166666666667,0.0,44.041666666666664
2020-05-03,16.9375,71.66666666666667,5.933333333333334,0.0,34.041666666666664
2020-05-04,16.3,72.33333333333333,6.508333333333333,0.0,2.8333333333333335
2020-05-05,16.641666666666666,70.58333333333333,5.645833333333333,0.0,29.958333333333332
2020-05-06,18.39166666666667,57.5,5.958333333333333,0.0,0.3333333333333333
2020-05-07,16.3,77.20833333333333,5.6499999999999995,0.0,2.75
2020-05-08,16.091666666666665,78.29166666666667,5.695833333333333,0.0,41.541666666666664
2020-05-09,15.75,75.25,5.395833333333333,0.0,27.25
2020-05-10,14.995833333333332,76.70833333333333,5.670833333333333,0.0,31.375
2020-05-11,14.570833333333333,78.41666666666667,6.5125,0.0,7.833333333333333
2020-05-12,14.858333333333334,79.16666666666667,4.6499999999999995,0.0,61.166666666666664
2020-05-13,14.0875,75.91666666666667,5.0375000000000005,0.0,36.458333333333336
2020-05-14,16.416666666666668,59.625,6.016666666666667,0.0,0.0
2020-05-15,19.2625,42.25,6.449999999999999,0.0,0.0
2020-05-16,18.837500000000002,49.208333333333336,5.541666666666667,0.0,4.166666666666667
2020-05-17,15.387500000000001,80.16666666666667,4.3500000000000005,0.0,50.916666666666664
2020-05-18,15.404166666666667,78.58333333333333,5.0125,0.0,46.125
2020-05-19,14.654166666666667,77.875,5.383333333333333,0.0,45.416666666666664
2020-05-20,14.137500000000001,75.83333333333333,6.054166666666667,0.0,66.79166666666667
2020-05-21,14.25,73.08333333333333,6.391666666666667,0.0,27.958333333333332
2020-05-22,15.058333333333332,64.08333333333333,5.6125,0.0,24.25
2020-05-23,17.075,41.875,5.066666666666666,0.0,14.041666666666666
2020-05-24,17.416666666666668,45.625,6.6375,0.0,5.666666666666667
2020-05-25,14.941666666666668,71.66666666666667,5.004166666666666,0.0,10.583333333333334
2020-05-26,14.491666666666667,80.375,4.729166666666667,0.0,43.375
2020-05-27,14.783333333333333,77.95833333333333,4.929166666666666,0.0,46.166666666666664
2020-05-28,15.15,71.41666666666667,5.8625,0.0,23.625
2020-05-29,16.208333333333332,70.91666666666667,6.075,0.0,47.416666666666664
2020-05-30,16.583333333333332,69.25,4.783333333333333,0.0,68.20833333333333
2020-05-31,15.495833333333332,83.95833333333333,5.608333333333333,0.0,33.041666666666664
2020-06-01,15.870833333333332,81.25,4.891666666666667,0.0,43.125
2020-06-02,15.291666666666666,71.875,5.5249999999999995,0.0,39.083333333333336
2020-06-03,12.825000000000001,80.20833333333333,6.058333333333334,2.0,93.5
2020-06-04,12.325000000000001,68.79166666666667,4.116666666666666,0.2,41.375
2020-06-05,14.629166666666668,44.166666666666664,6.254166666666666,0.0,0.0
2020-06-06,13.645833333333334,47.916666666666664,5.733333333333333,0.0,3.1666666666666665
2020-06-07,13.091666666666667,63.208333333333336,5.583333333333333,0.0,30.416666666666668
2020-06-08,16.129166666666666,58.958333333333336,4.504166666666666,0.0,30.708333333333332
2020-06-09,16.325,61.0,4.883333333333334,0.0,68.25
2020-06-10,14.429166666666667,75.29166666666667,4.845833333333333,0.0,48.208333333333336
2020-06-11,11.733333333333334,88.875,3.8208333333333333,0.30000000000000004,68.5
2020-06-12,13.345833333333333,77.91666666666667,5.395833333333333,0.0,37.416666666666664
2020-06-13,17.495833333333334,41.333333333333336,7.75,0.0,0.0
2020-06-14,13.920833333333334,50.0,5.3999999999999995,0.0,9.416666666666666
2020-06-15,12.575000000000001,84.125,5.245833333333333,0.0,61.166666666666664
2020-06-16,12.616666666666667,82.29166666666667,5.983333333333333,0.0,75.33333333333333
2020-06-17,12.754166666666668,78.79166666666667,5.695833333333333,0.0,55.875
2020-06-18,15.520833333333334,50.291666666666664,5.591666666666666,0.0,28.541666666666668
2020-06-19,14.929166666666667,51.416666666666664,4.875,0.0,16.208333333333332
2020-06-20,14.808333333333332,61.916666666666664,6.608333333333333,0.0,2.9583333333333335
2020-06-21,15.408333333333333,62.583333333333336,5.516666666666667,0.0,0.20833333333333334
2020-06-22,13.958333333333334,68.5,6.533333333333334,0.0,27.5
2020-06-23,12.591666666666667,82.04166666666667,5.220833333333333,0.2,96.04166666666667
2020-06-24,12.512500000000001,81.45833333333333,4.545833333333333,0.0,69.79166666666667
2020-06-25,14.133333333333333,67.0,4.825,0.0,82.20833333333333
2020-06-26,12.5,75.91666666666667,5.25,0.0,16.291666666666668
2020-06-27,15.291666666666666,48.333333333333336,7.533333333333334,0.0,40.625
2020-06-28,13.362499999999999,67.25,4.1000000000000005,0.0,88.70833333333333
2020-06-29,12.875,75.25,3.483333333333333,0.0,70.875
2020-06-30,14.304166666666667,50.666666666666664,4.875,0.0,28.875
2020-07-01,16.82916666666667,36.458333333333336,6.816666666666666,0.0,34.416666666666664
2020-07-02,16.945833333333333,42.958333333333336,5.941666666666666,0.0,41.375
2020-07-03,16.808333333333334,46.083333333333336,7.166666666666667,0.0,0.0
2020-07-04,13.066666666666668,71.625,4.420833333333333,0.0,45.791666666666664
2020-07-05,13.4,62.0,5.141666666666667,0.0,39.166666666666664
2020-07-06,12.058333333333332,62.916666666666664,7.229166666666667,0.0,33.708333333333336
2020-07-07,12.141666666666666,72.0,5.6499999999999995,0.7000000000000001,42.916666666666664
2020-07-08,13.570833333333333,52.958333333333336,5.991666666666667,0.0,4.583333333333333
2020-07-09,17.141666666666666,25.958333333333332,7.520833333333333,0.0,11.5
2020-07-10,15.120833333333332,43.083333333333336,5.3125,0.0,7.0
2020-07-11,13.770833333333334,66.20833333333333,5.920833333333333,0.0,0.125
2020-07-12,15.241666666666667,50.708333333333336,5.8999999999999995,0.0,31.916666666666668
2020-07-13,13.991666666666667,69.33333333333333,4.004166666666666,0.0,21.458333333333332
2020-07-14,14.4625,47.833333333333336,4.941666666666667,0.0,0.0
2020-07-15,12.458333333333334,59.25,5.3500000000000005,0.0,0.7083333333333334
2020-07-16,14.333333333333334,45.625,6.291666666666667,0.0,0.0
2020-07-17,12.808333333333332,55.041666666666664,6.454166666666667,0.0,2.2916666666666665
2020-07-18,12.345833333333333,68.375,5.879166666666666,0.0,22.333333333333332
2020-07-19,13.095833333333333,69.95833333333333,5.504166666666666,0.0,59.75
2020-07-20,15.225,57.75,5.512499999999999,0.0,77.41666666666667
2020-07-21,14.008333333333333,58.208333333333336,6.129166666666666,0.0,70.0
2020-07-22,10.916666666666666,74.79166666666667,6.258333333333333,0.0,28.75
2020-07-23,9.7125,69.08333333333333,5.2625,0.0,18.208333333333332
2020-07-24,10.429166666666667,55.75,6.120833333333334,0.0,0.041666666666666664
2020-07-25,15.408333333333333,23.75,7.004166666666666,0.0,14.416666666666666
2020-07-26,16.970833333333335,27.333333333333332,6.429166666666667,0.0,0.08333333333333333
2020-07-27,15.450000000000001,52.083333333333336,4.916666666666667,0.0,0.16666666666666666
2020-07-28,17.8,30.75,7.316666666666666,0.0,0.0
2020-07-29,16.575,33.541666666666664,7.8,0.0,75.45833333333333
2020-07-30,16.912499999999998,46.333333333333336,6.166666666666667,0.0,41.25
2020-07-31,18.375,24.625,7.95,0.0,0.0
2020-08-01,14.3375,50.416666666666664,6.7375,0.0,1.2916666666666667
2020-08-02,14.137500000000001,63.541666666666664,5.341666666666666,0.0,0.0
2020-08-03,15.008333333333333,61.541666666666664,5.404166666666666,0.0,0.0
2020-08-04,13.137500000000001,76.75,5.991666666666667,0.0,30.833333333333332
2020-08-05,15.141666666666666,70.0,6.241666666666667,0.0,33.458333333333336
2020-08-06,16.6875,55.208333333333336,5.55,0.0,3.875
2020-08-07,14.379166666666668,72.83333333333333,5.516666666666667,0.0,10.083333333333334
2020-08-08,14.679166666666667,71.16666666666667,5.75,0.0,8.375
2020-08-09,15.475,66.625,5.804166666666667,0.0,2.0833333333333335
2020-08-10,15.958333333333334,61.958333333333336,5.133333333333334,0.0,28.666666666666668
2020-08-11,13.1,77.70833333333333,6.279166666666666,0.0,83.41666666666667
2020-08-12,12.879166666666668,76.41666666666667,6.116666666666667,0.0,46.958333333333336
2020-08-13,11.554166666666667,73.625,6.479166666666667,0.0,27.583333333333332
2020-08-14,11.633333333333333,71.33333333333333,6.816666666666666,0.0,22.75
2020-08-15,12.5375,63.958333333333336,6.029166666666666,0.0,0.0
2020-08-16,12.083333333333334,67.75,5.9624999999999995,0.0,0.041666666666666664
2020-08-17,10.933333333333332,73.83333333333333,6.795833333333333,0.0,16.583333333333332
2020-08-18,10.525,76.33333333333333,6.0249999999999995,0.0,38.5
2020-08-19,11.420833333333334,71.54166666666667,5.591666666666666,0.0,8.625
2020-08-20,12.15,67.125,5.5625,0.0,0.0
2020-08-21,15.0,46.708333333333336,5.9875,0.0,0.08333333333333333
2020-08-22,12.658333333333333,68.375,6.8125,0.0,1.375
2020-08-23,11.424999999999999,75.54166666666667,6.629166666666666,0.0,23.916666666666668
2020-08-24,12.612499999999999,64.41666666666667,6.829166666666667,0.1,24.666666666666668
2020-08-25,13.25,63.958333333333336,8.387500000000001,0.0,45.125
2020-08-26,13.258333333333333,65.75,6.6625000000000005,0.0,9.0
2020-08-27,12.512500000000001,64.41666666666667,5.591666666666666,0.0,0.3333333333333333
2020-08-28,12.745833333333332,63.041666666666664,7.466666666666666,0.0,3.9166666666666665
2020-08-29,13.6625,58.166666666666664,6.016666666666667,0.0,16.083333333333332
2020-08-30,13.954166666666666,53.5,7.095833333333334,0.0,37.125
2020-08-31,12.179166666666667,77.45833333333333,5.420833333333333,0.0,75.16666666666667
2020-09-01,12.041666666666666,75.625,6.658333333333334,0.2,63.166666666666664
2020-09-02,12.716666666666667,70.33333333333333,5.570833333333333,0.0,16.833333333333332
2020-09-03,13.683333333333332,69.54166666666667,5.995833333333334,0.0,14.0
2020-09-04,14.245833333333332,66.91666666666667,7.729166666666667,0.0,14.833333333333334
2020-09-05,14.862499999999999,64.125,5.833333333333333,0.0,76.375
2020-09-06,15.283333333333333,50.541666666666664,7.041666666666667,0.0,38.125
2020-09-07,13.466666666666667,68.5,5.9750000000000005,0.0,27.625
2020-09-08,12.737499999999999,72.45833333333333,6.479166666666667,0.0,27.5
2020-09-09,16.2375,59.458333333333336,5.9875,0.0,6.166666666666667
2020-09-10,17.491666666666667,54.541666666666664,7.245833333333334,0.0,0.7083333333333334
2020-09-11,14.691666666666668,75.29166666666667,6.204166666666667,0.0,37.083333333333336
2020-09-12,15.2875,71.95833333333333,6.708333333333333,0.0,16.75
2020-09-13,16.033333333333335,64.875,6.191666666666666,0.0,2.3333333333333335
2020-09-14,15.225,63.583333333333336,7.166666666666667,0.0,0.7083333333333334
2020-09-15,14.0,70.20833333333333,6.3999999999999995,0.0,21.708333333333332
2020-09-16,14.1,68.0,6.7749999999999995,0.0,20.75
2020-09-17,17.108333333333334,55.458333333333336,5.8125,0.0,0.4166666666666667
2020-09-18,16.391666666666666,57.75,7.008333333333333,0.0,3.7916666666666665
2020-09-19,15.695833333333333,69.33333333333333,5.9125000000000005,0.0,0.0
2020-09-20,15.4,71.66666666666667,6.0874999999999995,0.0,29.208333333333332
2020-09-21,16.020833333333332,69.54166666666667,6.2375,0.0,19.25
2020-09-22,18.099999999999998,56.125,6.804166666666667,0.0,0.125
2020-09-23,16.654166666666665,58.166666666666664,7.570833333333333,0.0,70.75
2020-09-24,15.216666666666667,69.08333333333333,6.3875,0.0,79.83333333333333
2020-09-25,14.333333333333334,71.125,7.0874999999999995,0.0,55.083333333333336
2020-09-26,13.479166666666666,70.875,6.654166666666666,0.0,12.875
2020-09-27,14.333333333333334,62.041666666666664,5.7749999999999995,0.0,7.333333333333333
2020-09-28,14.408333333333333,61.833333333333336,8.0625,0.0,0.5833333333333334
2020-09-29,14.424999999999999,67.625,7.283333333333334,0.0,21.0
2020-09-30,15.433333333333332,62.541666666666664,7.6499999999999995,0.0,0.16666666666666666
2020-10-01,15.729166666666666,63.25,7.554166666666667,0.0,0.375
2020-10-02,14.0625,69.875,6.441666666666666,0.0,29.458333333333332
2020-10-03,14.987499999999999,59.458333333333336,6.3500000000000005,0.0,88.54166666666667
2020-10-04,16.470833333333335,46.708333333333336,6.9875,0.0,67.83333333333333
2020-10-05,15.104166666666666,54.25,7.2749999999999995,0.0,44.916666666666664
2020-10-06,16.470833333333335,60.875,6.425,0.0,57.583333333333336
2020-10-07,18.337500000000002,57.583333333333336,6.979166666666667,0.0,7.541666666666667
2020-10-08,23.099999999999998,33.791666666666664,8.25,0.0,28.041666666666668
2020-10-09,21.333333333333332,33.083333333333336,7.870833333333334,0.0,9.833333333333334
2020-10-10,16.745833333333334,58.541666666666664,6.504166666666666,0.0,5.833333333333333
2020-10-11,15.762500000000001,65.75,6.8374999999999995,0.0,4.166666666666667
2020-10-12,16.395833333333332,65.16666666666667,6.8,0.0,10.375
2020-10-13,14.9625,71.625,7.841666666666666,0.0,13.75
2020-10-14,15.975,65.45833333333333,7.141666666666667,0.0,15.75
2020-10-15,15.908333333333333,64.875,8.4375,0.0,2.875
2020-10-16,16.970833333333335,65.58333333333333,6.716666666666666,0.0,29.375
2020-10-17,17.895833333333332,58.541666666666664,7.620833333333334,0.0,0.4166666666666667
2020-10-18,16.066666666666666,70.45833333333333,7.616666666666667,0.0,16.166666666666668
2020-10-19,16.475,69.58333333333333,8.262500000000001,0.0,15.5
2020-10-20,19.345833333333335,56.916666666666664,7.591666666666668,0.0,0.0
2020-10-21,15.829166666666666,68.04166666666667,8.1,0.0,18.333333333333332
2020-10-22,16.0125,69.95833333333333,7.358333333333333,0.0,17.75
2020-10-23,15.408333333333333,70.79166666666667,7.375,0.0,33.208333333333336
2020-10-24,14.920833333333334,71.45833333333333,8.170833333333333,0.0,32.208333333333336
2020-10-25,16.962500000000002,62.958333333333336,6.1625000000000005,0.0,27.375
2020-10-26,18.091666666666665,53.375,9.079166666666667,0.0,0.4166666666666667
2020-10-27,14.854166666666666,70.29166666666667,8.141666666666667,0.0,25.958333333333332
2020-10-28,16.150000000000002,66.20833333333333,8.904166666666667,0.0,7.125
2020-10-29,16.5,65.45833333333333,7.9375,0.0,0.2916666666666667
2020-10-30,16.854166666666668,65.58333333333333,7.291666666666667,0.0,18.541666666666668
2020-10-31,16.820833333333333,62.083333333333336,7.5625,0.0,23.916666666666668
2020-11-01,16.716666666666665,64.58333333333333,7.7375,0.0,10.125
2020-11-02,16.020833333333332,68.58333333333333,6.858333333333333,0.0,16.416666666666668
2020-11-03,14.979166666666666,72.375,7.695833333333334,0.0,22.791666666666668
2020-11-04,15.595833333333333,69.5,7.583333333333333,0.0,77.20833333333333
2020-11-05,17.5125,65.33333333333333,7.6625000000000005,0.0,31.208333333333332
2020-11-06,18.308333333333334,58.458333333333336,8.029166666666667,0.0,27.75
2020-11-07,16.6375,68.08333333333333,8.233333333333333,0.0,35.083333333333336
2020-11-08,16.995833333333334,64.95833333333333,9.387500000000001,0.0,22.25
2020-11-09,16.741666666666667,66.29166666666667,8.15,0.0,18.958333333333332
2020-11-10,15.775,70.875,8.508333333333333,0.0,47.958333333333336
2020-11-11,16.895833333333332,66.04166666666667,7.954166666666667,0.0,27.583333333333332
2020-11-12,16.4875,69.08333333333333,8.195833333333333,0.0,27.416666666666668
2020-11-13,16.420833333333334,67.25,8.487499999999999,0.0,34.875
2020-11-14,16.212500000000002,64.25,8.741666666666667,0.0,15.125
2020-11-15,15.333333333333334,67.125,8.154166666666667,0.0,12.916666666666666
2020-11-16,15.295833333333334,68.33333333333333,8.708333333333334,0.0,13.666666666666666
2020-11-17,15.308333333333332,63.041666666666664,8.241666666666667,0.0,39.458333333333336
2020-11-18,16.4375,61.791666666666664,8.479166666666666,0.0,0.041666666666666664
2020-11-19,15.795833333333334,66.08333333333333,7.841666666666666,0.0,32.416666666666664
2020-11-20,16.708333333333332,58.083333333333336,7.7375,0.0,0.0
2020-11-21,19.016666666666666,46.416666666666664,8.016666666666667,0.0,0.0
2020-11-22,19.474999999999998,45.666666666666664,8.245833333333334,0.0,0.6666666666666666
2020-11-23,16.75,65.45833333333333,7.5,0.0,56.541666666666664
2020-11-24,18.491666666666667,59.958333333333336,7.491666666666667,0.0,23.458333333333332
2020-11-25,21.141666666666666,47.791666666666664,7.7625,0.0,0.0
2020-11-26,18.033333333333335,64.54166666666667,9.033333333333333,0.0,1.4166666666666667
2020-11-27,18.591666666666665,62.041666666666664,8.120833333333334,0.0,0.0
2020-11-28,19.133333333333333,62.583333333333336,7.408333333333334,0.0,0.0
2020-11-29,19.8625,59.5,8.091666666666667,0.0,0.0
2020-11-30,18.775000000000002,64.79166666666667,8.6625,0.0,0.5416666666666666
2020-12-01,17.724999999999998,69.45833333333333,8.791666666666666,0.0,32.833333333333336
2020-12-02,18.095833333333335,66.25,8.450000000000001,0.0,8.458333333333334
2020-12-03,16.8625,68.75,8.166666666666666,0.0,22.833333333333332
2020-12-04,17.133333333333333,66.875,8.5875,0.0,7.791666666666667
2020-12-05,17.795833333333334,62.916666666666664,7.862500000000001,0.0,9.625
2020-12-06,18.175,63.458333333333336,8.3375,0.0,0.625
2020-12-07,17.608333333333334,68.66666666666667,8.270833333333334,0.0,25.208333333333332
2020-12-08,17.154166666666665,70.33333333333333,8.299999999999999,0.0,26.333333333333332
2020-12-09,17.591666666666665,69.58333333333333,8.366666666666667,0.0,14.875
2020-12-10,17.383333333333333,70.75,8.916666666666666,0.0,50.041666666666664
2020-12-11,18.220833333333335,65.04166666666667,8.979166666666666,0.0,25.625
2020-12-12,18.291666666666668,63.416666666666664,8.308333333333334,0.0,0.0
2020-12-13,19.3625,59.458333333333336,8.424999999999999,0.0,0.041666666666666664
2020-12-14,18.8125,64.25,9.6625,0.0,0.0
2020-12-15,18.4375,67.79166666666667,8.5625,0.0,8.416666666666666
2020-12-16,18.462500000000002,68.16666666666667,8.466666666666667,0.0,21.25
2020-12-17,18.404166666666665,67.625,8.466666666666667,0.0,9.708333333333334
2020-12-18,17.579166666666666,67.25,8.558333333333334,0.0,25.833333333333332
2020-12-19,17.833333333333332,61.958333333333336,8.7125,0.0,0.0
2020-12-20,18.420833333333334,63.958333333333336,7.7875000000000005,0.0,1.125
2020-12-21,18.766666666666666,64.91666666666667,8.012500000000001,0.0,7.041666666666667
2020-12-22,18.3625,66.54166666666667,8.9875,0.0,5.083333333333333
2020-12-23,18.6125,65.41666666666667,8.033333333333333,0.0,26.333333333333332
2020-12-24,19.320833333333333,62.583333333333336,8.704166666666667,0.0,0.041666666666666664
2020-12-25,19.070833333333333,63.583333333333336,8.020833333333334,0.0,0.041666666666666664
2020-12-26,18.875,63.958333333333336,8.845833333333333,0.0,28.125
2020-12-27,19.620833333333334,58.791666666666664,8.666666666666666,0.0,0.0
2020-12-28,20.1875,58.958333333333336,8.933333333333334,0.0,0.0
2020-12-29,20.1375,61.666666666666664,8.375,0.0,0.0
2020-12-30,21.77916666666667,58.0,8.245833333333334,0.0,0.0
2020-12-31,20.2,67.16666666666667,9.258333333333333,0.0,23.541666666666668
2021-01-01,19.795833333333334,66.66666666666667,8.895833333333334,0.0,4.291666666666667
2021-01-02,19.575,64.95833333333333,8.924999999999999,0.0,8.166666666666666
2021-01-03,18.76666666666667,69.66666666666667,7.804166666666667,0.0,27.166666666666668
2021-01-04,18.8125,71.125,7.608333333333333,0.0,38.291666666666664
2021-01-05,19.454166666666666,70.41666666666667,8.045833333333333,0.0,23.916666666666668
2021-01-06,19.358333333333334,67.04166666666667,8.170833333333333,0.0,10.041666666666666
2021-01-07,19.908333333333335,65.41666666666667,8.433333333333334,0.0,0.0
2021-01-08,19.741666666666667,67.33333333333333,8.225,0.0,12.541666666666666
2021-01-09,19.037499999999998,66.75,8.566666666666666,0.0,15.416666666666666
2021-01-10,19.054166666666667,65.0,8.120833333333334,0.0,4.791666666666667
2021-01-11,19.504166666666666,59.583333333333336,7.3125,0.0,3.5416666666666665
2021-01-12,19.9875,55.833333333333336,8.795833333333333,0.0,0.375
2021-01-13,18.641666666666666,63.875,7.75,0.0,21.75
2021-01-14,17.820833333333333,66.08333333333333,8.708333333333334,0.0,19.291666666666668
2021-01-15,17.658333333333335,69.33333333333333,8.112499999999999,0.0,38.75
2021-01-16,18.55,67.45833333333333,8.25,0.0,16.625
2021-01-17,19.974999999999998,61.916666666666664,8.708333333333334,0.0,0.0
2021-01-18,20.208333333333332,63.25,8.054166666666665,0.0,0.0
2021-01-19,19.370833333333334,65.91666666666667,8.995833333333334,0.0,0.08333333333333333
2021-01-20,19.3125,67.16666666666667,8.291666666666666,0.0,9.916666666666666
2021-01-21,19.308333333333334,66.375,8.270833333333334,0.0,0.0
2021-01-22,20.008333333333333,64.16666666666667,8.9,0.0,0.0
2021-01-23,20.591666666666665,65.08333333333333,8.616666666666667,0.0,9.708333333333334
2021-01-24,21.166666666666668,64.375,8.358333333333333,0.0,11.458333333333334
2021-01-25,20.054166666666667,65.25,8.4125,0.0,15.666666666666666
2021-01-26,20.054166666666667,64.95833333333333,8.4625,0.0,32.875
2021-01-27,20.95,63.583333333333336,8.716666666666667,0.0,0.6666666666666666
2021-01-28,19.162499999999998,71.58333333333333,9.033333333333333,0.0,30.125
2021-01-29,19.758333333333333,68.75,9.133333333333333,0.0,19.958333333333332
2021-01-30,20.716666666666665,65.875,8.875,0.0,1.5833333333333333
2021-01-31,20.554166666666667,66.16666666666667,8.733333333333333,0.0,0.375
2021-02-01,20.662499999999998,68.20833333333333,7.783333333333334,0.0,13.125
2021-02-02,18.695833333333333,66.08333333333333,7.8125,0.0,61.625
2021-02-03,20.1875,60.0,7.320833333333333,0.0,13.75
2021-02-04,20.229166666666668,59.041666666666664,8.0625,0.0,22.5
2021-02-05,19.341666666666665,63.333333333333336,8.0375,0.0,21.625
2021-02-06,18.916666666666668,66.125,7.9750000000000005,0.0,9.25
2021-02-07,18.966666666666665,66.25,7.708333333333333,0.0,29.0
2021-02-08,19.520833333333332,58.25,7.433333333333334,0.0,0.0
2021-02-09,19.629166666666666,58.0,7.870833333333334,0.0,0.0
2021-02-10,19.974999999999998,62.75,7.916666666666667,0.0,0.0
2021-02-11,20.691666666666666,63.208333333333336,7.979166666666667,0.0,0.375
2021-02-12,20.95,60.25,7.758333333333334,0.0,0.0
2021-02-13,21.150000000000002,60.5,7.558333333333334,0.0,3.4166666666666665
2021-02-14,20.433333333333334,64.45833333333333,8.25,0.0,0.0
2021-02-15,20.258333333333333,64.29166666666667,8.408333333333333,0.0,24.25
2021-02-16,19.979166666666668,63.458333333333336,8.133333333333333,0.0,0.4166666666666667
2021-02-17,19.879166666666666,61.375,7.6375,0.0,0.0
2021-02-18,19.808333333333334,65.16666666666667,7.45,0.0,14.791666666666666
2021-02-19,20.7625,59.166666666666664,7.175,0.0,0.0
2021-02-20,19.974999999999998,62.416666666666664,7.3625,0.0,3.875
2021-02-21,19.1375,68.66666666666667,7.675,0.0,9.416666666666666
2021-02-22,18.383333333333333,72.20833333333333,7.658333333333334,0.0,48.625
2021-02-23,18.679166666666667,70.66666666666667,7.2250000000000005,0.0,47.375
2021-02-24,18.925,70.54166666666667,7.425,0.0,19.208333333333332
2021-02-25,19.829166666666666,67.08333333333333,8.487499999999999,0.0,0.0
2021-02-26,20.691666666666666,65.41666666666667,7.929166666666667,0.0,3.5833333333333335
2021-02-27,21.391666666666666,60.333333333333336,7.9125000000000005,0.0,0.0
2021-02-28,20.233333333333334,70.20833333333333,7.495833333333334,0.0,13.958333333333334
2021-03-01,20.166666666666668,70.5,8.045833333333333,0.0,24.916666666666668
2021-03-02,20.091666666666665,69.75,8.475,0.0,12.958333333333334
2021-03-03,20.537499999999998,65.04166666666667,7.766666666666667,0.0,0.0
2021-03-04,20.208333333333332,70.375,7.920833333333333,0.0,0.125
2021-03-05,20.516666666666666,71.83333333333333,7.3,0.0,36.291666666666664
2021-03-06,20.966666666666665,71.54166666666667,7.316666666666666,0.0,17.833333333333332
2021-03-07,19.829166666666666,72.0,7.220833333333334,0.0,21.666666666666668
2021-03-08,18.933333333333334,77.83333333333333,7.295833333333333,0.0,46.583333333333336
2021-03-09,21.008333333333333,69.45833333333333,7.8,0.0,30.916666666666668
2021-03-10,20.641666666666666,71.5,8.0875,0.0,40.666666666666664
2021-03-11,20.541666666666668,67.70833333333333,7.4624999999999995,0.0,52.166666666666664
2021-03-12,20.170833333333334,68.79166666666667,7.220833333333334,0.0,0.5416666666666666
2021-03-13,19.429166666666667,73.66666666666667,7.316666666666666,0.0,36.458333333333336
2021-03-14,18.6375,73.83333333333333,7.9750000000000005,0.0,17.833333333333332
2021-03-15,18.837500000000002,68.20833333333333,7.616666666666667,0.0,16.166666666666668
2021-03-16,19.120833333333334,62.875,7.208333333333333,0.0,0.0
2021-03-17,18.099999999999998,69.25,6.4125000000000005,0.0,1.1666666666666667
2021-03-18,17.820833333333333,68.58333333333333,7.358333333333333,0.0,17.958333333333332
2021-03-19,17.254166666666666,65.33333333333333,7.05,0.0,44.333333333333336
2021-03-20,18.733333333333334,56.125,6.758333333333334,0.0,0.4166666666666667
2021-03-21,20.05,54.583333333333336,6.808333333333334,0.0,0.0
2021-03-22,20.566666666666666,49.5,7.233333333333333,0.0,0.0
2021-03-23,19.075,60.041666666666664,7.383333333333333,0.0,3.0
2021-03-24,17.483333333333334,70.54166666666667,6.441666666666666,0.0,6.625
2021-03-25,18.1375,68.875,7.0874999999999995,0.0,0.125
2021-03-26,18.787499999999998,63.541666666666664,7.2749999999999995,0.0,0.0
2021-03-27,17.945833333333333,62.625,6.9624999999999995,0.0,0.08333333333333333
2021-03-28,16.745833333333334,67.66666666666667,6.6125,0.0,4.125
2021-03-29,16.654166666666665,67.66666666666667,6.333333333333333,0.0,0.0
2021-03-30,16.275000000000002,69.75,6.183333333333334,0.0,0.0
2021-03-31,15.995833333333332,73.66666666666667,7.2749999999999995,0.0,33.875
2021-04-01,16.479166666666668,71.70833333333333,6.120833333333334,0.0,23.208333333333332
2021-04-02,18.066666666666666,64.25,5.670833333333333,0.0,6.375
2021-04-03,17.370833333333334,72.33333333333333,6.7250000000000005,0.0,74.5
2021-04-04,18.287499999999998,68.79166666666667,5.641666666666667,0.0,46.958333333333336
2021-04-05,19.554166666666667,60.291666666666664,7.029166666666666,0.0,0.0
2021-04-06,18.908333333333335,65.625,6.075,0.0,5.375
2021-04-07,17.916666666666668,72.04166666666667,6.5249999999999995,0.0,60.0
2021-04-08,18.150000000000002,73.45833333333333,6.679166666666667,0.0,60.208333333333336
2021-04-09,17.779166666666665,70.75,6.533333333333334,0.0,29.208333333333332
2021-04-10,17.150000000000002,70.625,5.791666666666667,0.0,39.458333333333336
2021-04-11,17.079166666666666,66.41666666666667,6.966666666666666,0.0,0.16666666666666666
2021-04-12,17.579166666666666,68.04166666666667,6.2,0.0,37.416666666666664
2021-04-13,17.599999999999998,67.58333333333333,6.391666666666667,0.0,0.0
2021-04-14,16.0125,74.5,6.325,0.0,30.083333333333332
2021-04-15,16.05,75.91666666666667,5.920833333333333,0.0,57.166666666666664
2021-04-16,16.2,76.375,5.433333333333334,0.0,35.041666666666664
2021-04-17,17.075,72.125,6.3999999999999995,0.0,16.416666666666668
2021-04-18,17.108333333333334,73.54166666666667,6.883333333333333,0.0,8.333333333333334
2021-04-19,15.658333333333333,77.25,6.558333333333334,0.0,40.583333333333336
2021-04-20,16.191666666666666,71.16666666666667,7.05,0.0,47.875
2021-04-21,16.920833333333334,65.75,6.8625,0.0,18.833333333333332
2021-04-22,15.304166666666667,74.33333333333333,6.8,0.0,15.083333333333334
2021-04-23,14.762500000000001,72.95833333333333,5.983333333333333,0.0,26.291666666666668
2021-04-24,15.333333333333334,71.25,6.245833333333334,0.0,2.7083333333333335
2021-04-25,15.591666666666667,74.25,5.7,0.0,0.2916666666666667
2021-04-26,15.770833333333334,75.83333333333333,5.920833333333333,0.0,30.458333333333332
2021-04-27,16.154166666666665,68.08333333333333,6.833333333333333,0.0,0.0
2021-04-28,16.804166666666667,66.08333333333333,6.083333333333333,0.0,0.0
2021-04-29,15.929166666666667,71.125,5.604166666666667,0.0,11.958333333333334
2021-04-30,16.058333333333334,65.04166666666667,6.2,0.0,12.666666666666666
2021-05-01,15.766666666666666,63.416666666666664,5.7375,0.0,41.708333333333336
2021-05-02,15.633333333333333,65.04166666666667,6.458333333333333,0.0,0.041666666666666664
2021-05-03,16.070833333333333,59.708333333333336,7.6000000000000005,0.0,73.29166666666667
2021-05-04,15.5625,65.95833333333333,6.883333333333334,0.0,6.416666666666667
2021-05-05,16.216666666666665,64.25,6.175,0.0,0.0
2021-05-06,17.316666666666666,48.166666666666664,6.933333333333334,0.0,45.166666666666664
2021-05-07,15.716666666666667,75.625,6.4875,0.0,72.20833333333333
2021-05-08,15.258333333333333,73.125,6.495833333333334,0.0,22.458333333333332
2021-05-09,15.670833333333334,69.5,6.3500000000000005,0.0,1.4166666666666667
2021-05-10,15.5625,72.58333333333333,5.495833333333334,0.0,36.666666666666664
2021-05-11,15.179166666666667,75.41666666666667,6.029166666666668,0.0,17.416666666666668
2021-05-12,15.645833333333334,71.95833333333333,4.6499999999999995,0.0,51.25
2021-05-13,18.8625,58.833333333333336,6.754166666666666,0.0,44.208333333333336
2021-05-14,18.55,61.208333333333336,6.733333333333333,0.0,1.375
2021-05-15,16.758333333333333,73.125,5.654166666666666,0.0,33.708333333333336
2021-05-16,17.64166666666667,70.125,5.3875,0.0,46.083333333333336
2021-05-17,15.783333333333333,79.66666666666667,5.633333333333333,0.0,21.583333333333332
2021-05-18,14.595833333333333,82.625,5.875,0.1,74.70833333333333
2021-05-19,15.820833333333333,74.375,5.579166666666667,0.1,91.83333333333333
2021-05-20,14.808333333333335,72.125,6.208333333333333,0.0,51.208333333333336
2021-05-21,14.450000000000001,67.58333333333333,5.933333333333334,0.0,16.0
2021-05-22,16.083333333333332,42.666666666666664,6.145833333333333,0.0,14.291666666666666
2021-05-23,16.400000000000002,32.625,7.291666666666667,0.0,91.91666666666667
2021-05-24,14.837499999999999,59.875,4.645833333333333,0.0,85.0
2021-05-25,17.037499999999998,48.208333333333336,5.3374999999999995,0.0,68.79166666666667
2021-05-26,19.520833333333332,29.833333333333332,6.745833333333334,0.0,44.916666666666664
2021-05-27,17.729166666666668,41.25,6.045833333333333,0.0,62.0
2021-05-28,16.5625,68.91666666666667,6.158333333333334,0.0,25.333333333333332
2021-05-29,18.729166666666668,50.666666666666664,6.654166666666666,0.0,0.0
2021-05-30,18.587500000000002,47.625,6.220833333333334,0.0,0.08333333333333333
2021-05-31,19.591666666666665,34.416666666666664,8.5625,0.0,0.041666666666666664
2021-06-01,18.354166666666668,38.625,7.2,0.0,4.875
2021-06-02,16.979166666666668,64.29166666666667,4.904166666666667,0.0,13.958333333333334
2021-06-03,16.116666666666667,67.66666666666667,5.825,0.0,5.583333333333333
2021-06-04,14.516666666666666,81.83333333333333,5.2749999999999995,0.0,53.958333333333336
2021-06-05,14.508333333333333,81.375,4.920833333333333,0.0,45.0
2021-06-06,14.120833333333335,79.91666666666667,5.029166666666667,0.0,51.5
2021-06-07,14.829166666666666,69.58333333333333,5.3625,0.0,22.166666666666668
2021-06-08,16.095833333333335,48.0,5.058333333333334,0.0,0.16666666666666666
2021-06-09,13.75,75.45833333333333,5.0375000000000005,0.0,38.791666666666664
2021-06-10,15.995833333333332,54.833333333333336,5.375,0.0,0.20833333333333334
2021-06-11,18.629166666666666,35.75,7.370833333333334,0.0,0.0
2021-06-12,13.279166666666667,64.16666666666667,4.683333333333334,0.0,4.208333333333333
2021-06-13,12.683333333333332,78.08333333333333,4.241666666666666,0.0,47.291666666666664
2021-06-14,13.145833333333334,76.125,4.904166666666667,0.0,35.25
2021-06-15,12.262500000000001,81.95833333333333,6.6625000000000005,3.0,58.208333333333336
2021-06-16,13.041666666666666,80.58333333333333,4.4750000000000005,0.0,39.166666666666664
2021-06-17,13.220833333333333,79.0,5.258333333333334,0.0,34.791666666666664
2021-06-18,12.116666666666667,84.625,4.3375,0.0,55.958333333333336
2021-06-19,13.804166666666667,58.0,5.9375,0.0,25.916666666666668
2021-06-20,11.916666666666666,76.125,5.470833333333334,0.0,62.25
2021-06-21,12.895833333333334,61.625,4.7375,0.0,9.625
2021-06-22,11.641666666666666,68.83333333333333,5.8625,0.0,25.666666666666668
2021-06-23,10.950000000000001,82.20833333333333,5.941666666666666,2.2,71.79166666666667
2021-06-24,11.916666666666666,66.45833333333333,5.654166666666666,0.0,1.375
2021-06-25,11.654166666666667,74.04166666666667,5.854166666666667,0.0,66.75
2021-06-26,11.837499999999999,79.04166666666667,5.0625,0.0,22.625
2021-06-27,12.183333333333332,58.125,6.158333333333334,0.0,0.0
2021-06-28,14.154166666666667,30.208333333333332,6.6499999999999995,0.0,0.0
2021-06-29,13.283333333333333,40.708333333333336,7.6499999999999995,0.0,4.0
2021-06-30,13.441666666666668,43.208333333333336,5.829166666666667,0.0,48.666666666666664
2021-07-01,11.9,55.0,4.4375,0.0,33.875
2021-07-02,13.220833333333333,53.25,4.858333333333333,0.0,88.125
2021-07-03,14.891666666666666,44.166666666666664,4.620833333333333,0.0,74.625
2021-07-04,12.741666666666667,71.45833333333333,5.1875,0.0,53.375
2021-07-05,12.3375,69.875,5.7250000000000005,0.0,23.416666666666668
2021-07-06,11.7875,79.125,4.304166666666666,0.0,43.541666666666664
2021-07-07,15.745833333333332,45.083333333333336,6.241666666666667,0.0,0.0
2021-07-08,13.841666666666667,51.0,6.091666666666666,0.0,5.708333333333333
2021-07-09,12.549999999999999,77.20833333333333,4.195833333333334,0.0,64.66666666666667
2021-07-10,14.616666666666667,45.875,5.541666666666667,0.0,56.625
2021-07-11,12.908333333333333,71.625,4.541666666666667,0.0,57.375
2021-07-12,12.6,79.83333333333333,3.454166666666667,0.0,61.75
2021-07-13,11.975,81.58333333333333,6.0625,1.3,47.916666666666664
2021-07-14,11.241666666666667,80.79166666666667,5.716666666666666,0.6,47.291666666666664
2021-07-15,11.4,72.95833333333333,5.154166666666667,0.0,18.666666666666668
2021-07-16,12.1625,67.625,4.604166666666667,0.0,52.958333333333336
2021-07-17,15.266666666666666,42.208333333333336,6.408333333333334,0.0,94.29166666666667
2021-07-18,13.4375,65.0,4.216666666666667,0.0,95.20833333333333
2021-07-19,14.0375,55.333333333333336,5.554166666666667,0.0,34.666666666666664
2021-07-20,14.775,49.5,5.141666666666667,0.0,1.875
2021-07-21,14.525,56.291666666666664,4.545833333333333,0.0,4.208333333333333
2021-07-22,15.241666666666667,45.833333333333336,6.295833333333333,0.0,17.083333333333332
2021-07-23,12.791666666666666,76.16666666666667,5.579166666666667,0.0,38.833333333333336
2021-07-24,12.195833333333333,77.33333333333333,5.0625,0.30000000000000004,48.958333333333336
2021-07-25,11.6625,74.5,6.016666666666667,0.0,33.458333333333336
2021-07-26,11.216666666666667,72.66666666666667,4.883333333333334,0.0,0.0
2021-07-27,11.916666666666666,58.458333333333336,5.354166666666667,0.0,0.041666666666666664
2021-07-28,12.6,45.5,5.491666666666667,0.0,0.0
2021-07-29,12.891666666666666,37.416666666666664,5.516666666666667,0.0,0.16666666666666666
2021-07-30,14.004166666666668,46.875,5.254166666666666,0.0,3.5416666666666665
2021-07-31,14.695833333333333,58.375,5.075,0.0,8.833333333333334
2021-08-01,17.933333333333334,36.666666666666664,8.670833333333333,0.0,0.125
2021-08-02,14.654166666666667,70.70833333333333,5.658333333333334,0.0,16.625
2021-08-03,14.924999999999999,71.375,6.116666666666667,0.0,29.25
2021-08-04,14.745833333333332,70.375,5.733333333333333,0.0,32.916666666666664
2021-08-05,14.479166666666666,67.25,5.3374999999999995,0.0,16.625
2021-08-06,13.766666666666666,68.95833333333333,6.820833333333333,0.0,25.625
2021-08-07,11.283333333333333,76.66666666666667,6.3625,0.0,49.375
2021-08-08,11.433333333333332,72.91666666666667,6.7250000000000005,0.0,8.583333333333334
2021-08-09,11.9625,70.16666666666667,6.095833333333334,0.0,30.958333333333332
2021-08-10,12.991666666666667,64.41666666666667,5.7124999999999995,0.0,2.8333333333333335
2021-08-11,11.933333333333332,69.0,5.520833333333333,0.0,0.0
2021-08-12,10.408333333333333,76.79166666666667,5.425,0.0,42.375
2021-08-13,11.537500000000001,68.08333333333333,5.591666666666666,0.0,11.25
2021-08-14,11.237499999999999,73.54166666666667,5.408333333333334,0.0,26.375
2021-08-15,11.975,76.375,5.6875,0.0,55.541666666666664
2021-08-16,13.174999999999999,72.25,5.995833333333334,0.0,38.25
2021-08-17,17.366666666666667,50.208333333333336,6.204166666666667,0.0,5.75
2021-08-18,19.291666666666668,41.875,8.091666666666667,0.0,4.833333333333333
2021-08-19,16.704166666666666,55.541666666666664,6.054166666666667,0.0,63.958333333333336
2021-08-20,18.3,45.0,6.541666666666667,0.0,3.125
2021-08-21,18.254166666666666,46.25,7.479166666666667,0.0,0.041666666666666664
2021-08-22,17.354166666666668,53.125,6.833333333333333,0.0,0.0
2021-08-23,11.970833333333333,72.70833333333333,6.604166666666667,0.0,61.25
2021-08-24,10.729166666666666,73.08333333333333,7.3999999999999995,0.30000000000000004,80.04166666666667
2021-08-25,11.645833333333334,70.75,6.666666666666667,3.5,24.833333333333332
2021-08-26,13.495833333333332,66.16666666666667,7.208333333333333,0.0,0.5
2021-08-27,12.779166666666667,76.75,6.454166666666667,0.0,42.0
2021-08-28,15.129166666666668,65.20833333333333,6.1625000000000005,0.0,2.5416666666666665
2021-08-29,13.166666666666666,77.0,6.120833333333334,0.0,42.458333333333336
2021-08-30,14.395833333333334,66.5,5.7,0.0,0.25
2021-08-31,15.737499999999999,53.75,6.345833333333334,0.0,21.666666666666668
2021-09-01,15.933333333333332,57.041666666666664,7.508333333333333,0.0,20.958333333333332
2021-09-02,14.716666666666667,71.375,6.441666666666666,0.0,0.08333333333333333
2021-09-03,12.641666666666666,80.33333333333333,6.183333333333334,0.0,57.708333333333336
2021-09-04,15.5875,65.75,5.858333333333333,0.0,29.5
2021-09-05,14.450000000000001,65.79166666666667,8.137500000000001,0.0,6.25
2021-09-06,13.2125,74.54166666666667,6.695833333333333,0.0,36.083333333333336
2021-09-07,12.875,65.16666666666667,7.020833333333333,0.0,14.083333333333334
2021-09-08,14.9625,52.333333333333336,6.741666666666667,0.0,0.0
2021-09-09,15.433333333333332,52.375,7.641666666666667,0.0,0.0
2021-09-10,14.700000000000001,65.875,6.05,0.0,16.458333333333332
2021-09-11,12.145833333333334,75.91666666666667,7.066666666666666,0.0,24.333333333333332
2021-09-12,14.020833333333334,64.125,7.691666666666666,0.0,19.541666666666668
2021-09-13,14.604166666666666,63.375,6.820833333333334,0.0,4.041666666666667
2021-09-14,15.379166666666668,49.75,7.575,0.0,0.20833333333333334
2021-09-15,13.012500000000001,66.41666666666667,6.125,0.0,38.25
2021-09-16,14.0375,62.291666666666664,6.3875,0.0,0.0
2021-09-17,13.9125,67.45833333333333,6.466666666666666,0.0,19.333333333333332
2021-09-18,14.658333333333333,64.91666666666667,6.591666666666666,0.0,36.375
2021-09-19,12.908333333333333,74.83333333333333,5.4750000000000005,0.0,50.291666666666664
2021-09-20,15.15,61.208333333333336,6.779166666666666,0.0,0.0
2021-09-21,12.875,71.91666666666667,7.0625,0.0,45.666666666666664
2021-09-22,13.366666666666667,64.41666666666667,5.995833333333334,0.0,20.375
2021-09-23,18.004166666666666,44.666666666666664,6.116666666666667,0.0,0.0
2021-09-24,15.3125,60.125,8.258333333333333,0.0,2.6666666666666665
2021-09-25,15.558333333333332,65.33333333333333,6.533333333333334,0.0,0.25
2021-09-26,18.041666666666668,52.041666666666664,6.8,0.0,0.0
2021-09-27,18.870833333333334,55.958333333333336,6.254166666666666,0.0,0.0
2021-09-28,21.941666666666666,38.75,6.766666666666667,0.0,21.75
2021-09-29,20.920833333333334,39.75,9.429166666666667,0.0,4.041666666666667
2021-09-30,17.041666666666668,57.083333333333336,6.979166666666667,0.0,3.0416666666666665
2021-10-01,17.325,51.541666666666664,7.2749999999999995,0.0,0.0
2021-10-02,15.104166666666666,64.33333333333333,7.404166666666666,0.0,0.6666666666666666
2021-10-03,15.2875,61.083333333333336,6.945833333333334,0.0,0.20833333333333334
2021-10-04,16.733333333333334,46.916666666666664,7.116666666666667,0.0,0.0
2021-10-05,13.545833333333334,65.58333333333333,6.6125,0.0,19.25
2021-10-06,14.391666666666666,66.95833333333333,5.608333333333333,0.0,53.791666666666664
2021-10-07,14.25,68.08333333333333,8.6625,0.2,28.375
2021-10-08,14.441666666666668,63.791666666666664,7.441666666666666,0.0,16.416666666666668
2021-10-09,14.0375,58.791666666666664,7.604166666666667,0.0,0.0
2021-10-10,17.3125,42.75,6.570833333333333,0.0,0.2916666666666667
2021-10-11,17.041666666666668,45.375,7.758333333333333,0.0,28.625
2021-10-12,13.362499999999999,69.66666666666667,7.7749999999999995,0.0,68.29166666666667
2021-10-13,14.283333333333333,66.41666666666667,9.225,0.1,24.083333333333332
2021-10-14,15.066666666666668,65.75,7.570833333333333,0.0,4.125
2021-10-15,15.566666666666668,63.458333333333336,8.012500000000001,0.0,0.0
2021-10-16,14.15,66.58333333333333,7.741666666666667,0.0,10.625
2021-10-17,15.370833333333332,64.20833333333333,7.520833333333333,0.0,3.5
2021-10-18,15.420833333333334,64.16666666666667,7.916666666666667,0.0,1.5416666666666667
2021-10-19,14.791666666666666,71.08333333333333,7.845833333333334,0.0,24.25
2021-10-20,15.033333333333333,66.83333333333333,7.3875,0.0,45.208333333333336
2021-10-21,15.141666666666666,66.33333333333333,7.420833333333333,0.0,3.4166666666666665
2021-10-22,14.137500000000001,71.0,8.3375,0.0,15.208333333333334
2021-10-23,14.299999999999999,65.41666666666667,6.241666666666667,0.0,34.208333333333336
2021-10-24,16.991666666666667,58.458333333333336,8.049999999999999,0.0,1.3333333333333333
2021-10-25,15.283333333333333,70.5,7.670833333333333,0.0,41.25
2021-10-26,16.0125,67.54166666666667,7.408333333333334,0.0,2.375
2021-10-27,17.733333333333334,66.125,6.6875,0.0,33.333333333333336
2021-10-28,17.712500000000002,61.666666666666664,6.883333333333333,0.0,3.0
2021-10-29,17.4375,64.08333333333333,8.808333333333334,0.0,26.541666666666668
2021-10-30,17.537499999999998,65.375,7.5874999999999995,0.0,17.791666666666668
2021-10-31,16.558333333333334,65.70833333333333,8.129166666666666,0.0,8.291666666666666
2021-11-01,16.570833333333333,64.54166666666667,7.945833333333333,0.0,9.541666666666666
2021-11-02,16.829166666666666,64.04166666666667,8.75,0.0,19.25
2021-11-03,15.395833333333334,71.83333333333333,7.920833333333333,0.0,23.583333333333332
2021-11-04,15.924999999999999,69.20833333333333,7.6875,0.0,28.875
2021-11-05,16.104166666666668,68.58333333333333,7.8625,0.0,44.958333333333336
2021-11-06,15.529166666666667,69.33333333333333,7.7749999999999995,0.0,41.25
2021-11-07,16.120833333333334,66.375,7.408333333333334,0.0,1.9166666666666667
2021-11-08,15.383333333333333,70.375,8.116666666666667,0.0,27.125
2021-11-09,16.0125,64.08333333333333,7.845833333333334,0.0,34.916666666666664
2021-11-10,16.691666666666666,60.708333333333336,8.029166666666667,0.0,0.0
2021-11-11,16.608333333333334,67.29166666666667,7.666666666666667,0.0,16.708333333333332
2021-11-12,16.358333333333334,69.20833333333333,8.179166666666667,0.0,19.666666666666668
2021-11-13,17.1375,64.83333333333333,8.320833333333333,0.0,2.125
2021-11-14,17.054166666666667,63.708333333333336,8.637500000000001,0.0,1.7916666666666667
2021-11-15,15.775,70.20833333333333,7.408333333333334,0.0,35.583333333333336
2021-11-16,16.720833333333335,66.08333333333333,8.166666666666666,0.0,0.4583333333333333
2021-11-17,15.129166666666668,70.29166666666667,8.1,0.0,30.166666666666668
2021-11-18,15.554166666666667,70.5,8.066666666666666,0.0,25.666666666666668
2021-11-19,16.120833333333334,70.5,8.075000000000001,0.0,37.666666666666664
2021-11-20,17.425,64.16666666666667,7.241666666666667,0.0,18.833333333333332
2021-11-21,17.358333333333334,65.08333333333333,8.058333333333334,0.0,58.416666666666664
2021-11-22,16.383333333333333,68.95833333333333,8.25,0.0,92.875
2021-11-23,16.366666666666667,66.375,8.695833333333333,0.0,74.25
2021-11-24,16.833333333333332,62.541666666666664,7.558333333333334,0.0,8.666666666666666
2021-11-25,16.925,62.666666666666664,7.795833333333333,0.0,3.5
2021-11-26,16.766666666666666,67.95833333333333,8.9,0.0,42.208333333333336
2021-11-27,18.104166666666668,60.625,7.8625,0.0,33.208333333333336
2021-11-28,19.395833333333332,58.125,9.170833333333333,0.0,0.875
2021-11-29,17.229166666666668,72.54166666666667,8.704166666666667,0.0,42.833333333333336
2021-11-30,17.145833333333332,69.70833333333333,8.299999999999999,0.0,38.708333333333336
2021-12-01,17.041666666666668,66.83333333333333,7.908333333333334,0.0,24.458333333333332
2021-12-02,16.441666666666666,69.41666666666667,7.795833333333333,0.0,60.375
2021-12-03,17.470833333333335,64.66666666666667,7.3875,0.0,45.75
2021-12-04,18.837500000000002,60.916666666666664,7.866666666666667,0.0,0.2916666666666667
2021-12-05,17.595833333333335,67.16666666666667,8.483333333333333,0.0,29.083333333333332
2021-12-06,16.758333333333333,68.58333333333333,8.258333333333335,0.0,34.833333333333336
2021-12-07,17.229166666666668,66.125,8.1625,0.0,10.541666666666666
2021-12-08,16.341666666666665,71.125,7.983333333333333,0.0,47.666666666666664
2021-12-09,16.3625,72.79166666666667,7.816666666666666,0.0,49.083333333333336
2021-12-10,16.395833333333332,68.75,9.283333333333333,0.0,65.0
2021-12-11,17.804166666666667,61.291666666666664,9.020833333333334,0.0,10.875
2021-12-12,17.875,55.958333333333336,8.433333333333334,0.0,0.3333333333333333
2021-12-13,17.587500000000002,63.5,8.85,0.0,0.08333333333333333
2021-12-14,18.3875,60.583333333333336,8.158333333333333,0.0,0.0
2021-12-15,18.3875,62.833333333333336,7.7375,0.0,0.0
2021-12-16,17.433333333333334,66.04166666666667,8.4875,0.0,7.416666666666667
2021-12-17,17.670833333333334,65.375,8.4125,0.0,18.416666666666668
2021-12-18,17.55,71.58333333333333,8.762500000000001,0.0,33.875
2021-12-19,17.154166666666665,72.41666666666667,8.229166666666666,0.0,97.66666666666667
2021-12-20,17.754166666666666,71.75,8.283333333333333,0.0,87.375
2021-12-21,18.820833333333333,67.95833333333333,8.4125,0.0,73.20833333333333
2021-12-22,19.066666666666666,68.91666666666667,8.979166666666666,0.0,77.875
2021-12-23,21.837500000000002,56.708333333333336,8.929166666666667,0.0,38.375
2021-12-24,22.229166666666668,50.375,9.420833333333333,0.5,20.833333333333332
2021-12-25,22.508333333333336,52.0,8.9375,0.0,54.666666666666664
2021-12-26,21.858333333333334,57.25,8.941666666666666,0.0,11.0
2021-12-27,20.141666666666666,65.125,8.370833333333334,0.0,23.041666666666668
2021-12-28,18.845833333333335,67.20833333333333,8.987499999999999,0.0,17.166666666666668
2021-12-29,18.445833333333333,67.95833333333333,8.708333333333334,0.0,37.916666666666664
2021-12-30,18.183333333333334,70.5,8.354166666666666,0.0,38.666666666666664
2021-12-31,18.525000000000002,70.04166666666667,7.933333333333334,0.0,47.291666666666664
2022-01-01,19.154166666666665,67.29166666666667,8.229166666666666,0.0,14.0
2022-01-02,19.208333333333332,66.04166666666667,8.183333333333334,0.0,15.541666666666666
2022-01-03,19.599999999999998,64.0,8.358333333333333,0.0,9.916666666666666
2022-01-04,19.745833333333334,66.20833333333333,8.3125,0.0,0.5
2022-01-05,19.229166666666668,69.75,8.608333333333333,0.0,27.458333333333332
2022-01-06,18.620833333333334,71.08333333333333,8.220833333333333,0.0,30.75
2022-01-07,19.145833333333332,68.125,8.6,0.0,19.041666666666668
2022-01-08,19.095833333333335,66.04166666666667,8.220833333333333,0.0,32.458333333333336
2022-01-09,19.583333333333332,61.458333333333336,8.258333333333333,0.0,39.208333333333336
2022-01-10,20.725,55.041666666666664,8.450000000000001,0.0,72.375
2022-01-11,21.2,58.25,8.7875,0.0,55.458333333333336
2022-01-12,19.979166666666668,66.08333333333333,9.025,0.0,23.291666666666668
2022-01-13,19.345833333333335,72.79166666666667,8.575000000000001,0.0,94.125
2022-01-14,18.883333333333333,75.375,9.341666666666667,0.5,98.70833333333333
2022-01-15,19.6125,79.58333333333333,6.783333333333334,27.0,67.04166666666667
2022-01-16,18.420833333333334,86.95833333333333,6.6499999999999995,0.0,80.75
2022-01-17,18.224999999999998,81.83333333333333,5.55,0.1,60.333333333333336
2022-01-18,18.416666666666668,79.5,7.6125,0.0,17.041666666666668
2022-01-19,18.316666666666666,76.66666666666667,6.591666666666666,0.0,34.666666666666664
2022-01-20,18.716666666666665,71.16666666666667,7.783333333333334,0.0,0.08333333333333333
2022-01-21,17.566666666666666,73.125,7.816666666666666,0.0,14.958333333333334
2022-01-22,18.4375,66.0,8.275,0.0,0.5416666666666666
2022-01-23,17.641666666666666,68.875,8.7125,0.0,33.75
2022-01-24,18.4375,71.625,7.958333333333333,0.0,64.25
2022-01-25,18.754166666666666,72.54166666666667,8.049999999999999,0.0,39.583333333333336
2022-01-26,18.716666666666665,71.375,8.070833333333335,0.0,36.291666666666664
2022-01-27,18.120833333333334,71.125,8.3375,0.0,39.958333333333336
2022-01-28,17.787499999999998,74.04166666666667,8.237499999999999,0.0,29.791666666666668
2022-01-29,17.6375,72.58333333333333,8.183333333333334,0.0,43.583333333333336
2022-01-30,17.741666666666667,70.625,7.583333333333333,0.0,22.833333333333332
2022-01-31,18.220833333333335,69.91666666666667,7.5,0.0,18.416666666666668
2022-02-01,19.329166666666666,65.25,7.708333333333333,0.0,4.541666666666667
2022-02-02,19.75,62.208333333333336,7.508333333333333,0.0,0.4583333333333333
2022-02-03,19.4625,63.25,7.516666666666667,0.0,0.0
2022-02-04,19.308333333333334,63.208333333333336,8.424999999999999,0.0,31.5
2022-02-05,20.7,58.75,7.504166666666666,0.0,0.0
2022-02-06,19.8625,68.625,8.366666666666667,0.0,15.916666666666666
2022-02-07,19.204166666666666,70.08333333333333,8.054166666666667,0.0,25.333333333333332
2022-02-08,18.6,72.91666666666667,8.5375,0.0,29.833333333333332
2022-02-09,18.454166666666666,72.91666666666667,7.9624999999999995,0.0,45.25
2022-02-10,19.379166666666666,68.33333333333333,7.733333333333333,0.0,49.416666666666664
2022-02-11,19.75,66.91666666666667,7.2749999999999995,0.0,12.0
2022-02-12,19.483333333333334,67.79166666666667,7.470833333333334,0.0,17.75
2022-02-13,19.891666666666666,62.916666666666664,7.841666666666666,0.0,34.541666666666664
2022-02-14,20.183333333333334,60.083333333333336,7.658333333333334,0.0,27.833333333333332
2022-02-15,19.429166666666667,66.875,7.916666666666667,0.0,0.041666666666666664
2022-02-16,18.829166666666666,70.29166666666667,7.470833333333334,0.0,15.833333333333334
2022-02-17,18.929166666666667,73.125,7.691666666666666,0.0,43.166666666666664
2022-02-18,19.395833333333332,72.125,8.0875,0.0,45.458333333333336
2022-02-19,20.116666666666667,68.58333333333333,7.691666666666666,0.0,2.9583333333333335
2022-02-20,19.741666666666667,68.91666666666667,8.025,0.0,14.75
2022-02-21,19.695833333333333,67.25,7.795833333333333,0.0,2.4166666666666665
2022-02-22,18.516666666666666,68.70833333333333,8.229166666666666,0.0,0.0
2022-02-23,17.8875,67.41666666666667,6.6875,0.0,31.416666666666668
2022-02-24,20.470833333333335,59.291666666666664,8.158333333333333,0.0,0.0
2022-02-25,19.55,63.416666666666664,7.845833333333334,0.0,11.333333333333334
2022-02-26,19.408333333333335,64.66666666666667,7.708333333333333,0.0,4.791666666666667
2022-02-27,19.537499999999998,68.95833333333333,7.720833333333334,0.0,1.5
2022-02-28,19.591666666666665,66.16666666666667,7.720833333333334,0.0,4.0
2022-03-01,18.366666666666667,70.91666666666667,7.4375,0.0,30.0
2022-03-02,20.033333333333335,62.208333333333336,8.541666666666666,0.0,0.0
2022-03-03,20.087500000000002,64.5,7.920833333333333,0.0,0.4166666666666667
2022-03-04,21.216666666666665,64.875,7.366666666666667,0.0,1.5
2022-03-05,21.712500000000002,63.583333333333336,7.875,0.0,22.875
2022-03-06,20.670833333333334,63.75,7.875,0.0,0.25
2022-03-07,20.104166666666668,65.16666666666667,8.129166666666666,0.0,0.041666666666666664
2022-03-08,19.891666666666666,68.41666666666667,7.766666666666667,0.0,0.0
2022-03-09,20.341666666666665,65.375,7.670833333333333,0.0,0.041666666666666664
2022-03-10,19.162499999999998,68.375,7.4125000000000005,0.0,0.25
2022-03-11,18.325,73.25,7.933333333333334,0.0,26.25
2022-03-12,18.320833333333333,73.625,7.104166666666667,0.0,34.458333333333336
2022-03-13,18.883333333333333,67.125,6.866666666666667,0.0,2.4166666666666665
2022-03-14,20.575,62.5,6.8125,0.0,9.541666666666666
2022-03-15,19.045833333333334,67.95833333333333,7.816666666666666,0.0,14.958333333333334
2022-03-16,19.5625,69.375,7.862500000000001,0.0,34.291666666666664
2022-03-17,19.479166666666668,66.54166666666667,6.766666666666667,0.1,33.208333333333336
2022-03-18,22.275000000000002,54.5,7.5125,0.0,0.0
2022-03-19,19.375,66.375,7.708333333333333,0.0,2.2916666666666665
2022-03-20,17.545833333333334,74.875,7.520833333333333,0.0,32.541666666666664
2022-03-21,17.208333333333332,72.66666666666667,6.8,0.0,18.0
2022-03-22,17.383333333333333,72.625,7.545833333333333,0.0,4.958333333333333
2022-03-23,17.345833333333335,72.625,6.058333333333334,0.0,49.541666666666664
2022-03-24,18.008333333333333,67.875,7.341666666666666,0.0,0.0
2022-03-25,16.6875,76.0,6.504166666666666,0.0,24.625
2022-03-26,17.150000000000002,72.04166666666667,6.770833333333333,0.0,34.75
2022-03-27,17.658333333333335,71.58333333333333,6.45,0.0,0.0
2022-03-28,16.633333333333333,74.83333333333333,7.0249999999999995,0.0,25.75
2022-03-29,16.133333333333333,74.79166666666667,6.3625,0.0,33.375
2022-03-30,16.354166666666668,71.08333333333333,6.508333333333333,0.0,4.333333333333333
2022-03-31,16.270833333333332,75.41666666666667,5.983333333333333,0.0,22.416666666666668
2022-04-01,16.55,72.70833333333333,6.7749999999999995,0.0,15.875
2022-04-02,15.308333333333332,75.58333333333333,5.945833333333333,0.0,34.041666666666664
2022-04-03,16.504166666666666,71.08333333333333,6.0249999999999995,0.0,10.416666666666666
2022-04-04,18.462500000000002,62.333333333333336,6.320833333333333,0.0,0.0
2022-04-05,18.558333333333334,63.291666666666664,5.716666666666666,0.0,28.333333333333332
2022-04-06,20.608333333333334,48.916666666666664,6.620833333333334,0.0,62.625
2022-04-07,22.59583333333333,34.416666666666664,7.841666666666666,0.0,0.0
2022-04-08,19.45,49.791666666666664,6.720833333333332,0.0,0.2916666666666667
2022-04-09,14.6,77.125,6.741666666666667,0.0,40.208333333333336
2022-04-10,14.741666666666667,75.79166666666667,6.45,0.0,31.666666666666668
2022-04-11,14.545833333333334,76.54166666666667,6.308333333333334,0.0,32.541666666666664
2022-04-12,14.525,76.75,6.0249999999999995,0.0,45.5
2022-04-13,15.233333333333334,72.79166666666667,6.2,0.0,13.083333333333334
2022-04-14,13.850000000000001,78.25,6.4624999999999995,0.0,38.458333333333336
2022-04-15,14.783333333333333,68.58333333333333,6.208333333333333,0.0,46.875
2022-04-16,14.525,70.29166666666667,6.075,0.0,0.9166666666666666
2022-04-17,14.725,77.20833333333333,6.116666666666667,0.0,21.875
2022-04-18,14.049999999999999,79.29166666666667,6.2875000000000005,0.0,49.5
2022-04-19,14.887500000000001,74.83333333333333,6.6375,0.0,50.75
2022-04-20,15.450000000000001,69.83333333333333,5.954166666666667,0.0,25.75
2022-04-21,17.208333333333332,66.625,6.483333333333333,0.0,0.0
2022-04-22,17.420833333333334,69.375,6.4750000000000005,0.0,1.6666666666666667
2022-04-23,16.033333333333335,75.41666666666667,6.916666666666667,0.0,5.0
2022-04-24,15.316666666666668,79.91666666666667,6.054166666666667,0.0,49.666666666666664
2022-04-25,16.054166666666667,76.41666666666667,6.566666666666666,0.0,36.791666666666664
2022-04-26,15.737499999999999,78.45833333333333,6.316666666666666,0.0,89.41666666666667
2022-04-27,16.2,70.375,5.870833333333334,0.0,0.125
2022-04-28,17.345833333333335,57.833333333333336,7.004166666666666,0.0,0.75
2022-04-29,14.299999999999999,77.29166666666667,6.0375000000000005,0.0,81.29166666666667
2022-04-30,15.345833333333333,72.20833333333333,6.270833333333333,0.0,33.25
2022-05-01,15.195833333333333,69.04166666666667,6.091666666666666,0.0,12.25
2022-05-02,14.262500000000001,74.70833333333333,5.866666666666667,0.0,18.0
2022-05-03,16.474999999999998,62.291666666666664,4.566666666666666,0.0,1.4583333333333333
2022-05-04,14.845833333333333,71.95833333333333,7.541666666666667,0.0,44.208333333333336
2022-05-05,15.170833333333334,76.5,5.645833333333333,0.0,99.625
2022-05-06,14.116666666666667,80.75,5.2749999999999995,0.0,97.29166666666667
2022-05-07,12.979166666666666,82.875,6.116666666666667,0.0,94.625
2022-05-08,14.558333333333332,73.54166666666667,4.316666666666666,0.0,78.08333333333333
2022-05-09,16.920833333333334,60.333333333333336,6.670833333333333,0.0,8.916666666666666
2022-05-10,17.608333333333334,47.666666666666664,7.5874999999999995,0.0,5.083333333333333
2022-05-11,14.279166666666667,78.29166666666667,5.979166666666667,0.0,44.166666666666664
2022-05-12,13.879166666666665,78.70833333333333,5.645833333333333,0.0,43.458333333333336
2022-05-13,13.641666666666666,77.95833333333333,4.804166666666666,0.0,52.791666666666664
2022-05-14,13.475,73.79166666666667,5.479166666666667,0.0,36.833333333333336
2022-05-15,12.195833333333333,77.29166666666667,4.804166666666666,0.0,24.333333333333332
2022-05-16,12.295833333333334,76.04166666666667,4.920833333333333,0.0,69.04166666666667
2022-05-17,12.5875,71.875,4.616666666666666,0.0,40.375
2022-05-18,13.608333333333334,62.833333333333336,6.7124999999999995,0.0,40.958333333333336
2022-05-19,14.170833333333334,72.04166666666667,6.295833333333333,0.8,38.125
2022-05-20,15.700000000000001,63.375,5.091666666666667,0.0,9.041666666666666
2022-05-21,16.033333333333335,62.583333333333336,6.729166666666667,0.0,9.041666666666666
2022-05-22,15.4125,71.70833333333333,5.658333333333334,0.0,18.083333333333332
2022-05-23,15.820833333333333,60.083333333333336,6.2250000000000005,0.0,2.3333333333333335
2022-05-24,14.283333333333333,73.70833333333333,5.304166666666666,0.0,33.208333333333336
2022-05-25,16.154166666666665,59.666666666666664,4.683333333333334,0.0,41.541666666666664
2022-05-26,14.304166666666667,71.25,5.541666666666667,0.0,71.5
2022-05-27,13.270833333333334,69.41666666666667,5.491666666666667,0.0,34.583333333333336
2022-05-28,11.745833333333332,79.375,4.9875,0.0,48.458333333333336
2022-05-29,11.304166666666667,77.54166666666667,5.291666666666667,0.0,28.125
2022-05-30,12.754166666666668,57.875,6.233333333333333,0.0,21.0
2022-05-31,11.825000000000001,68.33333333333333,5.204166666666667,0.0,86.45833333333333
2022-06-01,11.116666666666667,77.08333333333333,5.175,0.0,58.541666666666664
2022-06-02,12.391666666666666,68.91666666666667,5.9125000000000005,0.0,0.041666666666666664
2022-06-03,16.125,37.458333333333336,5.395833333333333,0.0,24.25
2022-06-04,15.862499999999999,42.583333333333336,5.4624999999999995,0.0,3.5416666666666665
2022-06-05,12.595833333333333,78.58333333333333,6.266666666666667,0.0,51.583333333333336
2022-06-06,14.458333333333334,68.16666666666667,5.816666666666666,0.0,26.875
2022-06-07,14.554166666666667,58.791666666666664,6.5,0.0,15.0
2022-06-08,12.795833333333334,84.25,3.8958333333333335,0.0,60.333333333333336
2022-06-09,13.158333333333333,78.41666666666667,5.158333333333333,0.0,45.75
2022-06-10,13.8375,56.416666666666664,5.1125,0.0,38.75
2022-06-11,11.458333333333334,76.25,3.9916666666666667,0.0,45.041666666666664
2022-06-12,12.049999999999999,55.208333333333336,5.183333333333334,0.0,0.20833333333333334
2022-06-13,11.204166666666666,72.66666666666667,5.575,0.0,51.125
2022-06-14,11.154166666666667,77.29166666666667,4.704166666666667,0.0,100.0
2022-06-15,10.7125,79.58333333333333,5.3875,0.0,97.08333333333333
2022-06-16,10.958333333333334,79.83333333333333,5.320833333333334,0.0,50.291666666666664
2022-06-17,12.170833333333334,69.25,6.083333333333333,0.0,0.6666666666666666
2022-06-18,12.808333333333332,52.583333333333336,6.491666666666667,0.0,58.875
2022-06-19,11.866666666666667,76.0,4.245833333333333,0.0,64.45833333333333
2022-06-20,10.0625,77.41666666666667,5.554166666666667,0.0,40.208333333333336
2022-06-21,10.866666666666667,72.58333333333333,5.6375,0.0,29.958333333333332
2022-06-22,11.391666666666666,70.125,6.604166666666667,0.0,15.583333333333334
2022-06-23,12.608333333333334,62.291666666666664,5.245833333333334,0.0,0.0
2022-06-24,13.229166666666666,56.25,4.1000000000000005,0.0,76.95833333333333
2022-06-25,12.366666666666667,60.583333333333336,5.091666666666667,0.0,99.95833333333333
2022-06-26,13.595833333333333,64.70833333333333,6.120833333333334,0.5,100.0
2022-06-27,12.766666666666666,73.375,4.033333333333333,0.4,66.33333333333333
2022-06-28,13.2875,65.875,5.958333333333333,0.0,12.75
2022-06-29,15.612499999999999,48.25,6.904166666666666,0.0,0.0
2022-06-30,14.1875,62.5,4.8125,0.0,4.5
2022-07-01,11.891666666666666,78.875,4.458333333333333,0.0,67.20833333333333
2022-07-02,13.549999999999999,63.416666666666664,5.3875,0.0,82.875
2022-07-03,13.533333333333333,60.5,5.370833333333334,0.0,43.833333333333336
2022-07-04,13.5625,64.83333333333333,4.454166666666667,0.0,16.166666666666668
2022-07-05,13.408333333333333,56.208333333333336,5.829166666666667,0.0,92.41666666666667
2022-07-06,11.3375,72.83333333333333,3.875,0.0,81.83333333333333
2022-07-07,14.841666666666667,40.416666666666664,6.1000000000000005,0.0,69.29166666666667
2022-07-08,13.65,65.66666666666667,7.0249999999999995,0.4,50.125
2022-07-09,10.808333333333332,84.25,5.1125,0.0,55.0
2022-07-10,11.279166666666667,72.20833333333333,6.795833333333333,0.0,0.041666666666666664
2022-07-11,11.808333333333332,75.66666666666667,6.8625,3.4,31.125
2022-07-12,13.1625,61.875,6.2875000000000005,0.0,4.166666666666667
2022-07-13,10.5375,83.79166666666667,5.829166666666667,0.0,79.0
2022-07-14,11.862499999999999,81.04166666666667,7.279166666666666,0.30000000000000004,76.04166666666667
2022-07-15,8.1625,87.25,5.208333333333333,14.9,73.08333333333333
2022-07-16,8.591666666666667,75.75,5.933333333333334,0.0,14.791666666666666
2022-07-17,11.066666666666665,68.58333333333333,4.691666666666666,0.0,4.416666666666667
2022-07-18,12.379166666666668,74.25,4.266666666666667,0.0,23.041666666666668
2022-07-19,13.424999999999999,72.54166666666667,4.583333333333333,0.0,21.875
2022-07-20,12.058333333333332,87.04166666666667,3.9291666666666667,0.3,100.0
2022-07-21,13.033333333333333,89.5,5.6875,0.2,67.875
2022-07-22,12.5,91.95833333333333,4.695833333333334,0.0,99.625
2022-07-23,12.383333333333333,89.95833333333333,4.208333333333333,0.0,71.04166666666667
2022-07-24,12.783333333333333,89.29166666666667,4.704166666666667,0.0,60.083333333333336
2022-07-25,12.995833333333332,87.375,5.025,0.0,64.125
2022-07-26,13.566666666666668,84.375,4.545833333333333,0.0,76.79166666666667
2022-07-27,13.691666666666668,84.41666666666667,5.016666666666667,0.0,86.70833333333333
2022-07-28,13.316666666666668,80.91666666666667,5.2625,0.0,50.541666666666664
2022-07-29,11.933333333333332,82.66666666666667,4.529166666666667,0.0,72.66666666666667
2022-07-30,11.408333333333333,82.83333333333333,4.491666666666666,0.0,60.958333333333336
2022-07-31,11.820833333333333,85.125,4.808333333333334,0.0,56.5
2022-08-01,11.424999999999999,84.04166666666667,4.620833333333333,0.0,75.45833333333333
2022-08-02,11.366666666666667,84.66666666666667,5.104166666666667,0.0,65.375
2022-08-03,11.483333333333334,78.83333333333333,6.2875000000000005,0.6000000000000001,56.083333333333336
2022-08-04,12.958333333333334,64.20833333333333,5.295833333333333,0.0,21.083333333333332
2022-08-05,13.791666666666666,62.125,5.625,0.0,33.541666666666664
2022-08-06,11.233333333333334,78.41666666666667,5.591666666666666,0.0,45.291666666666664
2022-08-07,13.174999999999999,61.291666666666664,6.125,0.0,23.041666666666668
2022-08-08,14.033333333333333,53.208333333333336,5.7124999999999995,0.0,8.416666666666666
2022-08-09,18.0625,27.0,8.200000000000001,0.0,0.25
2022-08-10,15.329166666666666,39.75,7.420833333333333,0.0,19.75
2022-08-11,11.299999999999999,77.95833333333333,5.358333333333333,0.0,99.41666666666667
2022-08-12,11.854166666666666,74.54166666666667,5.9125000000000005,0.0,51.416666666666664
2022-08-13,12.258333333333333,67.66666666666667,6.079166666666667,0.0,0.0
2022-08-14,11.445833333333333,73.875,6.729166666666667,0.0,44.0
2022-08-15,12.154166666666667,71.54166666666667,5.320833333333334,0.0,6.416666666666667
2022-08-16,15.200000000000001,49.083333333333336,6.770833333333333,0.0,0.0
2022-08-17,11.8125,76.95833333333333,6.908333333333334,0.0,34.458333333333336
2022-08-18,16.604166666666668,50.041666666666664,6.533333333333334,0.0,0.0
2022-08-19,15.670833333333334,48.25,7.445833333333334,0.0,3.5416666666666665
2022-08-20,13.695833333333333,73.25,6.283333333333334,0.0,32.708333333333336
2022-08-21,12.233333333333334,79.95833333333333,6.391666666666667,0.0,54.083333333333336
2022-08-22,12.995833333333332,73.58333333333333,5.125,0.0,46.916666666666664
2022-08-23,13.320833333333333,69.0,6.545833333333333,0.0,23.333333333333332
2022-08-24,13.0375,71.375,6.4375,0.0,37.166666666666664
2022-08-25,13.333333333333334,72.95833333333333,6.041666666666667,0.0,44.416666666666664
2022-08-26,11.795833333333333,81.33333333333333,6.2,0.0,58.083333333333336
2022-08-27,13.799999999999999,71.0,4.941666666666666,0.0,40.833333333333336
2022-08-28,15.879166666666668,59.5,5.829166666666667,0.0,0.0
2022-08-29,13.737499999999999,75.95833333333333,6.3125,0.0,44.0
2022-08-30,12.108333333333334,77.45833333333333,5.3999999999999995,0.0,45.166666666666664
2022-08-31,11.0625,78.625,6.925,0.0,69.83333333333333
2022-09-01,12.270833333333334,70.16666666666667,5.920833333333333,0.0,26.041666666666668
2022-09-02,14.487499999999999,59.708333333333336,5.804166666666667,0.0,0.0
2022-09-03,17.295833333333334,35.083333333333336,7.666666666666667,0.0,0.0
2022-09-04,16.925,36.0,8.120833333333334,0.0,0.0
2022-09-05,17.104166666666668,41.625,7.4125000000000005,0.0,0.0
2022-09-06,14.591666666666667,56.833333333333336,7.504166666666666,0.0,0.16666666666666666
2022-09-07,11.4375,75.125,7.183333333333334,0.0,44.041666666666664
2022-09-08,11.616666666666667,70.75,5.895833333333333,0.0,53.541666666666664
2022-09-09,12.158333333333333,70.41666666666667,6.516666666666667,0.0,13.333333333333334
2022-09-10,11.479166666666666,73.58333333333333,6.383333333333333,0.0,30.791666666666668
2022-09-11,12.0375,69.54166666666667,6.679166666666667,0.0,56.166666666666664
2022-09-12,12.229166666666666,67.75,7.4624999999999995,0.0,0.25
2022-09-13,11.554166666666667,71.5,6.4624999999999995,0.0,35.333333333333336
2022-09-14,15.283333333333333,53.916666666666664,6.570833333333333,0.0,0.0
2022-09-15,15.333333333333334,54.666666666666664,7.158333333333334,0.0,2.7916666666666665
2022-09-16,12.387500000000001,74.16666666666667,6.745833333333334,0.0,93.125
2022-09-17,12.754166666666668,68.54166666666667,7.745833333333334,0.0,57.375
2022-09-18,12.729166666666666,69.83333333333333,6.529166666666666,0.0,17.916666666666668
2022-09-19,12.841666666666667,70.95833333333333,7.945833333333333,0.0,2.4583333333333335
2022-09-20,12.466666666666667,64.83333333333333,7.3500000000000005,0.0,46.666666666666664
2022-09-21,14.041666666666666,52.791666666666664,5.983333333333333,0.0,0.0
2022-09-22,16.904166666666665,38.333333333333336,8.908333333333333,0.0,0.0
2022-09-23,13.275,74.54166666666667,7.245833333333334,0.0,44.333333333333336
2022-09-24,12.825000000000001,74.25,6.545833333333333,0.0,42.583333333333336
2022-09-25,14.195833333333333,66.875,7.104166666666667,0.0,22.041666666666668
2022-09-26,14.8375,60.041666666666664,6.883333333333333,0.0,1.25
2022-09-27,12.354166666666666,70.41666666666667,7.666666666666667,0.0,5.375
2022-09-28,13.616666666666667,69.33333333333333,7.029166666666666,0.0,31.541666666666668
2022-09-29,13.174999999999999,73.70833333333333,8.237499999999999,0.0,35.5
2022-09-30,14.2875,72.25,6.991666666666667,0.0,18.458333333333332
2022-10-01,13.933333333333332,72.29166666666667,6.633333333333333,0.0,42.083333333333336
2022-10-02,14.7875,69.25,7.1375,0.0,29.625
2022-10-03,13.604166666666666,70.875,7.570833333333333,0.0,39.75
2022-10-04,12.508333333333333,72.04166666666667,8.0375,0.0,17.375
2022-10-05,13.179166666666667,65.45833333333333,6.033333333333332,0.0,12.958333333333334
2022-10-06,18.016666666666666,45.708333333333336,7.033333333333334,0.0,1.2916666666666667
2022-10-07,19.479166666666668,40.291666666666664,9.320833333333333,0.0,3.4166666666666665
2022-10-08,15.304166666666667,73.0,7.5125,0.0,48.916666666666664
2022-10-09,14.495833333333332,70.29166666666667,8.054166666666667,0.0,19.041666666666668
2022-10-10,13.358333333333333,69.45833333333333,6.983333333333333,0.0,36.666666666666664
2022-10-11,13.833333333333334,69.08333333333333,7.5125,0.0,0.041666666666666664
2022-10-12,13.829166666666666,73.75,8.191666666666666,0.0,39.583333333333336
2022-10-13,14.920833333333334,70.375,6.5375000000000005,0.0,29.041666666666668
2022-10-14,15.512500000000001,67.75,8.320833333333333,0.0,0.5833333333333334
2022-10-15,14.720833333333333,71.95833333333333,6.904166666666666,0.0,37.791666666666664
2022-10-16,15.491666666666667,68.54166666666667,7.233333333333333,0.0,12.541666666666666
2022-10-17,15.666666666666666,67.45833333333333,7.8500000000000005,0.0,28.791666666666668
2022-10-18,14.458333333333334,68.83333333333333,7.458333333333333,0.0,21.833333333333332
2022-10-19,14.0375,65.79166666666667,7.3125,0.0,14.625
2022-10-20,16.208333333333332,59.333333333333336,7.625,0.0,0.0
2022-10-21,14.733333333333334,72.20833333333333,7.4624999999999995,0.0,32.041666666666664
2022-10-22,15.358333333333334,71.875,7.199999999999999,0.0,22.916666666666668
2022-10-23,15.608333333333334,69.20833333333333,7.7375,0.0,17.125
2022-10-24,15.033333333333333,70.58333333333333,7.029166666666666,0.0,28.0
2022-10-25,14.049999999999999,69.70833333333333,7.383333333333333,0.0,61.791666666666664
2022-10-26,15.733333333333334,57.583333333333336,7.575,0.0,0.0
2022-10-27,15.091666666666667,65.125,7.641666666666667,0.0,11.416666666666666
2022-10-28,15.237499999999999,67.91666666666667,7.929166666666667,0.0,25.458333333333332
2022-10-29,15.266666666666666,72.70833333333333,7.8374999999999995,0.0,17.125
2022-10-30,15.183333333333332,70.20833333333333,6.870833333333334,0.0,46.708333333333336
2022-10-31,16.604166666666668,64.20833333333333,8.195833333333333,0.0,13.583333333333334
2022-11-01,17.120833333333334,62.083333333333336,6.916666666666667,0.0,0.0
2022-11-02,17.320833333333333,62.708333333333336,6.854166666666667,0.0,0.0
2022-11-03,16.0,66.04166666666667,7.9624999999999995,0.0,0.2916666666666667
2022-11-04,14.941666666666668,67.04166666666667,7.45,0.0,1.875
2022-11-05,14.924999999999999,70.875,7.854166666666667,0.0,32.041666666666664
2022-11-06,15.829166666666666,70.79166666666667,7.841666666666666,0.0,45.708333333333336
2022-11-07,15.8375,73.375,8.179166666666667,0.0,78.875
2022-11-08,16.587500000000002,72.125,8.029166666666667,0.0,90.29166666666667
2022-11-09,16.816666666666666,66.16666666666667,8.358333333333333,0.0,37.708333333333336
2022-11-10,16.6875,62.5,8.029166666666667,0.0,40.75
2022-11-11,16.75,63.458333333333336,7.183333333333334,0.0,99.83333333333333
2022-11-12,16.4375,68.0,7.845833333333334,0.0,74.04166666666667
2022-11-13,17.829166666666666,61.25,7.7875000000000005,0.0,22.333333333333332
2022-11-14,21.333333333333332,45.125,8.1625,0.0,5.291666666666667
2022-11-15,17.008333333333333,65.70833333333333,9.054166666666667,0.0,59.875
2022-11-16,17.791666666666668,70.08333333333333,8.1625,0.0,51.375
2022-11-17,17.966666666666665,72.29166666666667,8.395833333333334,0.0,31.875
2022-11-18,17.55,72.66666666666667,8.345833333333333,0.0,35.916666666666664
2022-11-19,17.662499999999998,73.16666666666667,8.154166666666667,0.0,36.25
2022-11-20,17.370833333333334,73.95833333333333,7.983333333333333,0.0,43.75
2022-11-21,16.895833333333332,73.33333333333333,8.450000000000001,0.0,28.791666666666668
2022-11-22,17.770833333333332,70.08333333333333,8.158333333333333,0.0,30.0
2022-11-23,18.01666666666667,68.0,7.870833333333334,0.0,17.041666666666668
2022-11-24,19.4875,60.291666666666664,7.733333333333333,0.0,1.5833333333333333
2022-11-25,20.745833333333334,54.291666666666664,7.754166666666666,0.0,28.708333333333332
2022-11-26,18.545833333333334,65.20833333333333,9.066666666666666,0.0,7.125
2022-11-27,17.583333333333332,73.54166666666667,8.658333333333333,0.0,35.25
2022-11-28,16.829166666666666,74.83333333333333,8.341666666666667,0.0,56.625
2022-11-29,16.620833333333334,74.95833333333333,8.133333333333333,0.0,63.25
2022-11-30,17.462500000000002,69.75,8.674999999999999,0.0,44.083333333333336
2022-12-01,17.754166666666666,70.33333333333333,8.708333333333334,0.0,34.958333333333336
2022-12-02,18.3625,70.08333333333333,8.241666666666667,0.0,31.958333333333332
2022-12-03,18.474999999999998,68.29166666666667,8.666666666666666,0.0,12.833333333333334
2022-12-04,19.616666666666667,65.5,8.6625,0.0,14.416666666666666
2022-12-05,18.858333333333334,68.20833333333333,8.108333333333333,0.0,18.791666666666668
2022-12-06,18.75,67.29166666666667,8.383333333333333,0.0,37.875
2022-12-07,18.454166666666666,68.625,8.629166666666666,0.0,66.91666666666667
2022-12-08,18.25,70.625,8.720833333333333,0.0,73.66666666666667
2022-12-09,19.291666666666668,69.08333333333333,8.195833333333333,0.0,53.291666666666664
2022-12-10,20.2375,68.41666666666667,9.049999999999999,0.0,10.875
2022-12-11,20.016666666666666,71.45833333333333,9.475,0.0,73.25
2022-12-12,21.97083333333333,60.083333333333336,8.720833333333333,0.0,8.125
2022-12-13,22.47083333333333,49.5,8.758333333333333,0.0,0.0
2022-12-14,21.616666666666664,59.958333333333336,8.645833333333334,0.0,1.3333333333333333
2022-12-15,20.333333333333332,64.83333333333333,8.808333333333334,0.0,19.25
2022-12-16,19.75,69.625,9.429166666666667,0.0,33.541666666666664
2022-12-17,19.325,66.95833333333333,8.9625,0.0,46.583333333333336
2022-12-18,19.883333333333333,65.20833333333333,8.35,0.0,0.2916666666666667
2022-12-19,19.954166666666666,65.91666666666667,7.741666666666667,0.0,3.6666666666666665
2022-12-20,21.366666666666664,59.5,7.895833333333333,0.0,0.08333333333333333
2022-12-21,21.775000000000002,55.791666666666664,8.820833333333333,0.0,0.16666666666666666
2022-12-22,20.208333333333332,63.916666666666664,8.174999999999999,0.0,1.5
2022-12-23,20.3875,62.5,9.141666666666667,0.0,1.0833333333333333
2022-12-24,18.462500000000002,72.20833333333333,8.891666666666667,0.0,29.166666666666668
2022-12-25,18.083333333333332,67.91666666666667,9.191666666666666,0.0,45.0
2022-12-26,19.608333333333334,62.708333333333336,9.433333333333334,0.0,10.583333333333334
2022-12-27,20.516666666666666,57.041666666666664,8.420833333333333,0.0,0.0
2022-12-28,20.558333333333334,58.666666666666664,8.200000000000001,0.0,0.625
2022-12-29,18.566666666666666,72.04166666666667,8.441666666666666,0.0,17.916666666666668
2022-12-30,18.654166666666665,68.04166666666667,8.720833333333333,0.0,46.25
2022-12-31,18.695833333333333,63.875,7.7625,0.0,34.375
2023-01-01,20.183333333333334,54.5,8.491666666666665,0.0,9.791666666666666
2023-01-02,19.433333333333334,65.16666666666667,8.833333333333334,0.0,22.125
2023-01-03,19.2,68.375,8.65,0.0,19.375
2023-01-04,19.216666666666665,68.95833333333333,7.9750000000000005,0.0,30.916666666666668
2023-01-05,20.416666666666668,63.625,8.525,0.0,14.083333333333334
2023-01-06,21.458333333333332,52.875,8.466666666666667,0.0,0.0
2023-01-07,21.3625,54.666666666666664,8.204166666666667,0.0,0.0
2023-01-08,20.420833333333334,59.583333333333336,8.641666666666667,0.0,0.041666666666666664
2023-01-09,18.895833333333332,71.75,7.9624999999999995,0.0,48.541666666666664
2023-01-10,20.058333333333334,66.04166666666667,8.270833333333334,0.0,2.9583333333333335
2023-01-11,20.3,67.5,8.004166666666666,0.0,3.5416666666666665
2023-01-12,18.8625,75.83333333333333,9.0625,0.0,59.458333333333336
2023-01-13,18.879166666666666,71.625,8.6875,0.0,22.958333333333332
2023-01-14,19.358333333333334,68.33333333333333,8.608333333333333,0.0,0.875
2023-01-15,18.8125,70.33333333333333,7.729166666666667,0.0,31.166666666666668
2023-01-16,18.462500000000002,67.95833333333333,7.216666666666666,0.0,23.666666666666668
2023-01-17,20.020833333333332,58.958333333333336,7.4125000000000005,0.0,0.0
2023-01-18,20.375,56.958333333333336,8.558333333333334,0.0,0.0
2023-01-19,18.837500000000002,63.625,8.533333333333333,0.0,18.125
2023-01-20,18.666666666666668,64.75,8.354166666666666,0.0,8.458333333333334
2023-01-21,18.1375,70.375,7.891666666666667,0.0,20.875
2023-01-22,19.458333333333332,67.83333333333333,8.133333333333333,0.0,0.0
2023-01-23,19.825,69.16666666666667,8.158333333333333,0.0,16.5
2023-01-24,21.34166666666667,66.58333333333333,8.708333333333334,0.0,8.916666666666666
2023-01-25,20.650000000000002,69.95833333333333,8.487499999999999,0.0,24.291666666666668
2023-01-26,19.8125,71.0,8.858333333333333,0.0,25.916666666666668
2023-01-27,20.141666666666666,66.04166666666667,8.229166666666666,0.0,9.833333333333334
2023-01-28,20.3875,63.541666666666664,8.279166666666667,0.0,0.125
2023-01-29,18.729166666666668,71.41666666666667,8.016666666666667,0.0,29.083333333333332
2023-01-30,18.870833333333334,67.04166666666667,7.708333333333333,0.0,7.416666666666667
2023-01-31,20.579166666666666,64.04166666666667,7.745833333333334,0.0,0.125
2023-02-01,21.9375,61.75,7.729166666666667,0.0,0.0
2023-02-02,21.5125,62.875,7.9750000000000005,0.0,0.0
2023-02-03,20.175,71.0,8.591666666666667,0.0,22.75
2023-02-04,21.587500000000002,66.875,8.4625,0.0,40.375
2023-02-05,23.412499999999998,60.458333333333336,8.170833333333333,0.2,42.166666666666664
2023-02-06,22.104166666666668,63.916666666666664,8.291666666666666,0.0,2.2916666666666665
2023-02-07,21.458333333333332,69.45833333333333,8.200000000000001,0.0,22.125
2023-02-08,21.6375,67.25,8.379166666666666,0.0,29.708333333333332
2023-02-09,21.34583333333333,66.25,8.1875,0.0,0.20833333333333334
2023-02-10,21.3125,69.16666666666667,8.395833333333334,0.0,13.958333333333334
2023-02-11,22.320833333333336,66.04166666666667,8.858333333333333,0.0,15.875
2023-02-12,21.71666666666667,68.45833333333333,7.708333333333333,0.0,25.041666666666668
2023-02-13,21.983333333333334,64.95833333333333,7.895833333333333,0.0,4.083333333333333
2023-02-14,21.170833333333334,71.66666666666667,8.054166666666667,0.0,12.041666666666666
2023-02-15,19.974999999999998,75.54166666666667,7.954166666666667,0.0,40.708333333333336
2023-02-16,20.474999999999998,71.25,7.9750000000000005,0.0,32.208333333333336
2023-02-17,21.804166666666664,67.95833333333333,8.075000000000001,0.0,1.1666666666666667
2023-02-18,22.650000000000002,68.125,7.754166666666666,0.0,24.625
2023-02-19,22.958333333333332,65.875,7.791666666666667,0.0,4.458333333333333
2023-02-20,22.474999999999998,64.33333333333333,9.045833333333333,0.0,45.0
2023-02-21,20.8,73.29166666666667,8.258333333333333,0.0,12.791666666666666
2023-02-22,20.587500000000002,73.58333333333333,7.7875000000000005,0.0,20.375
2023-02-23,20.391666666666666,71.45833333333333,8.154166666666667,0.0,3.4166666666666665
2023-02-24,20.183333333333334,70.91666666666667,7.7625,0.0,24.416666666666668
2023-02-25,19.941666666666666,68.91666666666667,7.466666666666668,0.0,5.125
2023-02-26,21.416666666666668,66.20833333333333,7.425000000000001,0.0,0.16666666666666666
2023-02-27,20.304166666666667,71.5,7.7375,0.0,12.041666666666666
2023-02-28,19.366666666666667,75.70833333333333,7.9125000000000005,0.0,34.25
2023-03-01,18.883333333333333,74.41666666666667,7.5375000000000005,0.0,43.291666666666664
2023-03-02,19.566666666666666,74.54166666666667,7.9624999999999995,0.0,8.0
2023-03-03,21.104166666666668,66.70833333333333,7.2124999999999995,0.0,28.708333333333332
2023-03-04,21.441666666666666,63.708333333333336,7.079166666666667,0.0,0.041666666666666664
2023-03-05,20.099999999999998,73.875,7.2375,0.0,72.95833333333333
2023-03-06,21.045833333333334,71.125,7.5125,0.0,18.875
2023-03-07,21.77916666666667,66.08333333333333,7.7,0.0,1.0
2023-03-08,22.083333333333332,62.125,7.754166666666666,0.0,0.0
2023-03-09,21.945833333333336,60.541666666666664,6.954166666666667,0.0,0.3333333333333333
2023-03-10,21.204166666666666,68.625,8.1625,0.0,0.0
2023-03-11,20.662499999999998,69.83333333333333,7.7875000000000005,0.0,5.083333333333333
2023-03-12,20.591666666666665,65.83333333333333,7.6125,0.0,0.0
2023-03-13,19.479166666666668,73.04166666666667,6.8125,0.0,25.666666666666668
2023-03-14,20.308333333333334,71.20833333333333,7.320833333333333,0.0,22.75
2023-03-15,20.795833333333334,71.91666666666667,7.2875000000000005,0.0,23.041666666666668
2023-03-16,21.349999999999998,67.75,7.379166666666666,0.0,0.4166666666666667
2023-03-17,21.820833333333336,66.66666666666667,7.366666666666667,0.0,0.08333333333333333
2023-03-18,20.6375,67.91666666666667,7.325,0.0,16.666666666666668
2023-03-19,19.304166666666667,75.25,6.966666666666666,0.0,42.666666666666664
2023-03-20,21.59583333333333,69.16666666666667,7.958333333333333,0.0,0.25
2023-03-21,22.241666666666664,65.125,7.7250000000000005,0.0,0.08333333333333333
2023-03-22,21.979166666666668,62.833333333333336,7.658333333333334,0.0,10.833333333333334
2023-03-23,21.883333333333336,64.5,7.4624999999999995,0.0,0.125
2023-03-24,20.191666666666666,74.33333333333333,7.683333333333334,0.0,14.791666666666666
2023-03-25,20.175,73.33333333333333,7.5874999999999995,0.0,1.0
2023-03-26,20.345833333333335,73.70833333333333,7.183333333333334,0.0,0.0
2023-03-27,19.379166666666666,73.66666666666667,7.166666666666667,0.0,14.791666666666666
2023-03-28,19.325,74.5,7.3374999999999995,0.0,27.875
2023-03-29,19.625,75.25,6.770833333333333,0.0,22.916666666666668
2023-03-30,19.745833333333334,75.45833333333333,7.283333333333334,0.0,25.0
2023-03-31,19.583333333333332,75.29166666666667,7.075,0.0,20.833333333333332
2023-04-01,20.195833333333333,76.25,7.845833333333334,0.0,41.208333333333336
2023-04-02,20.929166666666667,71.0,6.666666666666667,0.0,0.08333333333333333
2023-04-03,20.6125,71.66666666666667,6.904166666666666,0.0,1.25
2023-04-04,19.858333333333334,73.625,6.7875000000000005,0.0,41.958333333333336
2023-04-05,18.8875,72.95833333333333,6.516666666666667,0.0,12.25
2023-04-06,19.304166666666667,70.0,6.516666666666667,0.0,0.0
2023-04-07,19.375,70.33333333333333,6.916666666666667,0.0,1.0833333333333333
2023-04-08,18.125,78.95833333333333,6.441666666666666,0.0,48.125
2023-04-09,18.3625,76.66666666666667,6.341666666666666,0.0,43.583333333333336
2023-04-10,18.920833333333334,72.66666666666667,6.104166666666667,0.0,0.041666666666666664
2023-04-11,17.895833333333332,77.08333333333333,6.816666666666666,0.0,20.833333333333332
2023-04-12,17.525000000000002,78.45833333333333,6.495833333333334,0.0,24.208333333333332
2023-04-13,17.400000000000002,77.58333333333333,5.458333333333333,0.0,39.958333333333336
2023-04-14,16.849999999999998,72.625,6.804166666666667,0.0,30.916666666666668
2023-04-15,17.420833333333334,64.66666666666667,6.633333333333333,0.0,3.25
2023-04-16,15.441666666666668,71.95833333333333,6.070833333333333,0.0,18.083333333333332
2023-04-17,15.066666666666668,71.08333333333333,6.5874999999999995,0.0,1.4166666666666667
2023-04-18,16.291666666666668,70.33333333333333,6.304166666666667,0.0,24.291666666666668
2023-04-19,19.0625,52.625,7.004166666666666,0.0,0.0
2023-04-20,15.554166666666667,80.0,6.783333333333334,0.0,76.79166666666667
2023-04-21,16.916666666666668,72.33333333333333,6.320833333333333,0.0,99.16666666666667
2023-04-22,16.404166666666665,73.25,6.916666666666667,0.0,17.208333333333332
2023-04-23,16.537499999999998,75.08333333333333,6.375,0.0,16.958333333333332
2023-04-24,16.537499999999998,76.33333333333333,6.4375,0.0,16.083333333333332
2023-04-25,17.191666666666666,73.54166666666667,6.504166666666666,0.0,0.8333333333333334
2023-04-26,15.133333333333333,81.04166666666667,6.066666666666666,0.0,25.916666666666668
2023-04-27,15.691666666666668,77.875,5.433333333333334,0.0,47.833333333333336
2023-04-28,14.950000000000001,78.83333333333333,5.575,0.0,33.75
2023-04-29,16.104166666666668,75.20833333333333,6.520833333333333,0.0,34.125
2023-04-30,17.779166666666665,71.29166666666667,5.783333333333334,0.0,84.16666666666667
2023-05-01,17.191666666666666,74.5,6.558333333333334,0.0,53.583333333333336
2023-05-02,14.870833333333332,79.04166666666667,5.391666666666667,0.0,69.33333333333333
2023-05-03,13.799999999999999,76.25,6.325,0.0,38.791666666666664
2023-05-04,12.141666666666666,73.25,5.879166666666666,0.0,42.916666666666664
2023-05-05,12.270833333333334,73.33333333333333,5.8500000000000005,0.0,14.75
2023-05-06,13.141666666666666,71.08333333333333,5.533333333333334,0.0,31.125
2023-05-07,15.512500000000001,57.75,5.2875000000000005,0.0,0.041666666666666664
2023-05-08,17.366666666666667,54.833333333333336,5.1375,0.0,0.20833333333333334
2023-05-09,16.829166666666666,64.79166666666667,6.7375,0.0,0.7083333333333334
2023-05-10,16.2,73.125,5.4624999999999995,0.0,24.666666666666668
2023-05-11,16.349999999999998,73.29166666666667,5.529166666666666,0.0,39.458333333333336
2023-05-12,17.3,68.58333333333333,6.016666666666667,0.0,1.75
2023-05-13,17.654166666666665,72.79166666666667,4.1625000000000005,0.0,38.666666666666664
2023-05-14,16.154166666666665,78.95833333333333,6.220833333333334,0.0,34.333333333333336
2023-05-15,16.679166666666667,79.83333333333333,6.1875,0.0,47.083333333333336
2023-05-16,15.683333333333332,79.75,6.2124999999999995,0.0,60.0
2023-05-17,16.708333333333332,71.375,5.55,0.1,18.416666666666668
2023-05-18,16.079166666666666,72.0,6.020833333333333,0.0,33.0
2023-05-19,15.0625,82.125,5.970833333333334,0.0,57.083333333333336
2023-05-20,14.525,82.41666666666667,6.045833333333333,0.0,62.833333333333336
2023-05-21,14.674999999999999,77.25,5.8,0.0,82.375
2023-05-22,16.195833333333333,66.83333333333333,6.258333333333333,0.0,35.208333333333336
2023-05-23,15.4625,69.70833333333333,5.916666666666667,0.0,2.1666666666666665
2023-05-24,15.645833333333334,73.29166666666667,6.0375000000000005,0.0,20.791666666666668
2023-05-25,14.358333333333334,77.29166666666667,6.454166666666667,0.0,64.70833333333333
2023-05-26,16.254166666666666,70.75,6.429166666666667,0.0,88.375
2023-05-27,17.175,51.25,6.058333333333334,0.0,0.625
2023-05-28,16.7,54.708333333333336,6.5,0.0,13.5
2023-05-29,15.237499999999999,69.75,6.258333333333333,0.0,39.083333333333336
2023-05-30,15.733333333333334,63.958333333333336,5.233333333333333,0.0,39.541666666666664
2023-05-31,17.783333333333335,51.166666666666664,5.8625,0.0,14.916666666666666
2023-06-01,16.154166666666665,57.291666666666664,6.1000000000000005,0.0,7.041666666666667
2023-06-02,14.612499999999999,75.75,5.4624999999999995,0.0,48.25
2023-06-03,15.591666666666667,64.66666666666667,5.870833333333334,0.0,37.958333333333336
2023-06-04,16.6375,54.416666666666664,6.504166666666666,0.0,2.75
2023-06-05,15.683333333333332,64.375,5.829166666666667,0.0,1.0416666666666667
2023-06-06,13.879166666666668,79.16666666666667,5.016666666666667,0.0,29.666666666666668
2023-06-07,14.266666666666666,80.16666666666667,4.875,0.0,50.25
2023-06-08,13.683333333333332,77.54166666666667,5.570833333333333,0.0,26.666666666666668
2023-06-09,14.633333333333333,73.08333333333333,5.329166666666667,0.0,27.666666666666668
2023-06-10,15.195833333333333,63.708333333333336,5.354166666666667,0.0,15.708333333333334
2023-06-11,13.549999999999999,81.04166666666667,6.520833333333333,0.0,28.875
2023-06-12,10.454166666666667,79.75,5.5625,0.0,49.416666666666664
2023-06-13,9.583333333333334,74.79166666666667,5.0249999999999995,0.0,31.75
2023-06-14,13.329166666666666,48.916666666666664,5.333333333333333,0.0,50.666666666666664
2023-06-15,17.0,13.625,7.125,0.0,19.625
2023-06-16,18.491666666666667,14.875,6.2625,0.0,7.583333333333333
2023-06-17,16.25,38.333333333333336,5.633333333333333,0.0,26.916666666666668
2023-06-18,12.333333333333334,81.79166666666667,5.208333333333333,0.0,70.66666666666667
2023-06-19,14.575000000000001,73.16666666666667,5.3,0.0,72.20833333333333
2023-06-20,15.358333333333334,64.70833333333333,4.5249999999999995,0.0,88.33333333333333
2023-06-21,15.608333333333334,68.875,4.979166666666667,0.0,89.0
2023-06-22,17.55,55.833333333333336,5.504166666666666,0.0,49.5
2023-06-23,19.995833333333334,42.125,6.95,0.0,10.5
2023-06-24,21.40833333333333,32.083333333333336,7.050000000000001,0.0,0.08333333333333333
2023-06-25,19.825,40.958333333333336,6.920833333333333,0.0,0.125
2023-06-26,18.433333333333334,49.166666666666664,6.879166666666666,0.0,0.375
2023-06-27,17.8125,52.125,6.2625,0.0,0.0
2023-06-28,17.054166666666667,48.416666666666664,6.8,0.0,0.08333333333333333
2023-06-29,17.037499999999998,47.75,6.154166666666666,0.0,0.2916666666666667
2023-06-30,16.45,46.166666666666664,4.479166666666667,0.0,3.0416666666666665
2023-07-01,13.158333333333333,60.791666666666664,5.341666666666666,0.0,6.625
2023-07-02,13.575000000000001,69.41666666666667,5.233333333333333,0.0,28.416666666666668
2023-07-03,14.329166666666667,51.916666666666664,6.570833333333333,0.0,15.875
2023-07-04,14.358333333333334,72.58333333333333,4.729166666666667,0.0,41.833333333333336
2023-07-05,15.549999999999999,48.708333333333336,6.345833333333334,0.0,29.583333333333332
2023-07-06,15.445833333333333,51.875,6.454166666666667,0.0,73.20833333333333
2023-07-07,12.299999999999999,75.16666666666667,5.420833333333333,0.0,76.0
2023-07-08,12.329166666666666,69.20833333333333,5.616666666666667,0.0,66.66666666666667
2023-07-09,12.979166666666666,66.25,5.95,0.0,78.58333333333333
2023-07-10,11.916666666666666,80.29166666666667,2.970833333333333,0.0,99.95833333333333
2023-07-11,13.475,74.66666666666667,6.566666666666666,0.0,46.583333333333336
2023-07-12,14.795833333333334,65.0,6.0625,0.3,11.125
2023-07-13,18.041666666666668,30.666666666666668,7.620833333333334,0.0,21.833333333333332
2023-07-14,15.829166666666666,41.0,8.141666666666667,0.0,16.291666666666668
2023-07-15,13.737499999999999,70.45833333333333,5.466666666666666,0.0,13.291666666666666
2023-07-16,14.825000000000001,51.75,6.341666666666666,0.0,62.5
2023-07-17,14.379166666666668,61.25,6.558333333333334,0.0,26.041666666666668
2023-07-18,17.966666666666665,31.791666666666668,8.095833333333333,0.0,16.75
2023-07-19,18.079166666666666,39.416666666666664,5.570833333333333,0.0,99.58333333333333
2023-07-20,16.729166666666668,49.958333333333336,6.195833333333333,0.0,99.79166666666667
2023-07-21,13.241666666666667,82.625,4.4375,0.0,90.79166666666667
2023-07-22,15.241666666666667,69.91666666666667,5.779166666666666,0.0,77.33333333333333
2023-07-23,16.4875,55.041666666666664,6.445833333333333,0.0,49.291666666666664
2023-07-24,13.8375,80.95833333333333,6.5,0.0,49.625
2023-07-25,13.920833333333334,78.79166666666667,5.958333333333333,0.0,43.458333333333336
2023-07-26,13.612499999999999,82.91666666666667,6.466666666666666,0.0,42.625
2023-07-27,14.245833333333332,81.95833333333333,5.825,0.0,52.0
2023-07-28,15.808333333333332,68.29166666666667,6.079166666666667,0.0,2.5833333333333335
2023-07-29,15.7875,64.58333333333333,5.966666666666666,0.0,4.791666666666667
2023-07-30,15.745833333333332,70.08333333333333,5.491666666666667,0.0,34.333333333333336
2023-07-31,14.862499999999999,70.91666666666667,5.641666666666667,0.0,24.125
2023-08-01,14.466666666666667,74.5,5.1375,0.0,19.208333333333332
2023-08-02,14.700000000000001,80.58333333333333,5.995833333333334,0.0,36.75
2023-08-03,14.833333333333334,81.54166666666667,4.954166666666667,0.0,61.625
2023-08-04,14.487499999999999,79.375,6.079166666666667,0.0,9.375
2023-08-05,13.616666666666667,82.25,5.733333333333333,0.0,46.833333333333336
2023-08-06,14.466666666666667,76.0,4.75,0.0,37.166666666666664
2023-08-07,15.616666666666667,64.58333333333333,6.6625000000000005,0.0,9.208333333333334
2023-08-08,14.799999999999999,76.58333333333333,5.554166666666667,0.0,66.91666666666667
2023-08-09,14.933333333333332,73.16666666666667,6.829166666666667,0.0,71.0
2023-08-10,15.229166666666666,70.54166666666667,6.358333333333333,0.0,37.791666666666664
2023-08-11,17.116666666666667,55.083333333333336,6.691666666666666,0.0,42.625
2023-08-12,15.383333333333333,74.83333333333333,6.779166666666666,0.0,31.833333333333332
2023-08-13,15.700000000000001,79.625,5.7250000000000005,0.0,48.458333333333336
2023-08-14,14.791666666666666,83.41666666666667,4.829166666666667,0.0,49.125
2023-08-15,14.683333333333332,80.08333333333333,5.191666666666666,0.0,66.41666666666667
2023-08-16,15.433333333333332,75.41666666666667,6.083333333333333,0.0,64.33333333333333
2023-08-17,15.424999999999999,75.08333333333333,6.083333333333333,0.0,46.958333333333336
2023-08-18,17.741666666666667,58.916666666666664,7.470833333333334,0.0,2.7916666666666665
2023-08-19,20.441666666666666,35.166666666666664,7.620833333333334,0.0,44.25
2023-08-20,22.729166666666668,25.333333333333332,8.25,0.0,19.541666666666668
2023-08-21,19.691666666666666,40.875,8.116666666666667,0.0,6.333333333333333
2023-08-22,18.129166666666666,53.125,6.3875,0.0,0.5
2023-08-23,16.241666666666667,57.291666666666664,7.4375,0.0,0.25
2023-08-24,16.5,61.666666666666664,6.266666666666667,0.0,0.0
2023-08-25,17.104166666666668,54.958333333333336,6.5,0.0,13.625
2023-08-26,19.525000000000002,32.458333333333336,7.2625,0.0,14.958333333333334
2023-08-27,19.379166666666666,31.541666666666668,7.804166666666667,0.0,0.20833333333333334
2023-08-28,18.033333333333335,50.583333333333336,6.558333333333334,0.0,6.166666666666667
2023-08-29,17.845833333333335,43.708333333333336,7.570833333333333,0.0,0.0
2023-08-30,15.674999999999999,64.45833333333333,7.0625,0.0,17.583333333333332
2023-08-31,16.525000000000002,60.75,6.445833333333333,0.0,6.583333333333333
2023-09-01,14.512500000000001,76.25,7.395833333333333,0.0,66.0
2023-09-02,13.174999999999999,78.91666666666667,7.0249999999999995,0.0,89.125
2023-09-03,13.570833333333333,77.16666666666667,6.595833333333334,0.0,63.666666666666664
2023-09-04,17.241666666666667,55.041666666666664,6.154166666666666,0.0,36.25
2023-09-05,18.400000000000002,41.833333333333336,7.808333333333334,0.0,70.0
2023-09-06,16.883333333333333,66.79166666666667,7.054166666666667,0.0,96.33333333333333
2023-09-07,17.641666666666666,61.125,7.041666666666667,0.0,40.208333333333336
2023-09-08,18.425,55.541666666666664,7.5874999999999995,0.0,12.25
2023-09-09,21.983333333333334,37.416666666666664,7.079166666666667,0.0,78.0
2023-09-10,23.8125,20.333333333333332,8.754166666666666,0.0,77.66666666666667
2023-09-11,19.366666666666667,40.75,6.895833333333333,0.0,84.75
2023-09-12,14.3375,64.75,7.5375000000000005,0.0,23.625
2023-09-13,16.875,45.791666666666664,7.0625,0.0,12.833333333333334
2023-09-14,21.029166666666665,27.0,8.0375,0.0,0.9583333333333334
2023-09-15,19.9375,39.25,8.320833333333333,0.0,1.9166666666666667
2023-09-16,16.420833333333334,70.79166666666667,7.520833333333333,0.0,24.666666666666668
2023-09-17,16.829166666666666,70.54166666666667,6.8374999999999995,0.0,40.208333333333336
2023-09-18,17.004166666666666,65.45833333333333,7.454166666666667,0.0,0.041666666666666664
2023-09-19,16.720833333333335,71.25,6.691666666666666,0.0,6.375
2023-09-20,14.770833333333334,74.83333333333333,6.8500000000000005,0.0,47.791666666666664
2023-09-21,16.9875,63.041666666666664,6.7875000000000005,0.0,36.916666666666664
2023-09-22,19.537499999999998,51.791666666666664,6.9750000000000005,0.0,13.541666666666666
2023-09-23,18.383333333333333,59.25,6.858333333333333,0.0,29.125
2023-09-24,16.779166666666665,66.91666666666667,6.5375000000000005,0.0,35.833333333333336
2023-09-25,17.625,63.333333333333336,6.283333333333332,0.0,0.6666666666666666
2023-09-26,15.933333333333332,64.33333333333333,7.020833333333333,0.0,0.20833333333333334
2023-09-27,13.633333333333333,66.58333333333333,7.958333333333333,0.0,35.416666666666664
2023-09-28,14.366666666666667,66.25,5.579166666666667,0.0,45.791666666666664
2023-09-29,15.820833333333333,65.125,6.541666666666667,0.0,11.458333333333334
2023-09-30,15.537500000000001,67.70833333333333,7.670833333333333,0.0,34.708333333333336
2023-10-01,14.895833333333334,70.33333333333333,6.791666666666667,0.0,18.708333333333332
2023-10-02,15.112499999999999,69.20833333333333,7.195833333333333,0.0,47.75
2023-10-03,14.6,66.08333333333333,7.108333333333333,0.0,56.875
2023-10-04,15.954166666666666,58.916666666666664,7.308333333333334,0.0,71.625
2023-10-05,14.475,68.0,7.554166666666667,0.0,8.083333333333334
2023-10-06,14.195833333333333,63.791666666666664,8.341666666666667,0.0,18.208333333333332
2023-10-07,15.533333333333333,59.958333333333336,6.8875,0.0,0.0
2023-10-08,18.508333333333333,56.083333333333336,6.970833333333332,0.0,0.0
2023-10-09,16.966666666666665,62.083333333333336,7.325,0.0,3.2083333333333335
2023-10-10,15.645833333333334,71.41666666666667,6.941666666666666,0.0,39.5
2023-10-11,16.408333333333335,65.16666666666667,7.1000000000000005,0.0,17.791666666666668
2023-10-12,17.908333333333335,56.0,6.8500000000000005,0.0,3.5416666666666665
2023-10-13,16.708333333333332,63.041666666666664,8.191666666666666,0.0,8.666666666666666
2023-10-14,16.45,66.54166666666667,6.641666666666667,0.0,40.625
2023-10-15,16.270833333333332,67.45833333333333,7.383333333333333,0.0,34.416666666666664
2023-10-16,16.9375,65.66666666666667,7.245833333333334,0.0,95.29166666666667
2023-10-17,16.220833333333335,70.91666666666667,7.6000000000000005,0.0,94.79166666666667
2023-10-18,18.0,62.875,8.575,0.0,35.958333333333336
2023-10-19,18.283333333333335,58.708333333333336,7.858333333333333,0.0,0.0
2023-10-20,17.004166666666666,67.45833333333333,7.8,0.0,17.958333333333332
2023-10-21,16.091666666666665,67.54166666666667,7.516666666666667,0.0,24.208333333333332
2023-10-22,16.7,62.916666666666664,7.1375,0.0,28.666666666666668
2023-10-23,17.145833333333332,65.20833333333333,7.429166666666667,0.0,18.833333333333332
2023-10-24,16.775000000000002,66.66666666666667,7.229166666666667,0.0,0.5
2023-10-25,16.245833333333334,68.83333333333333,6.958333333333333,0.0,0.375
2023-10-26,14.916666666666666,70.625,7.575,0.0,58.791666666666664
2023-10-27,15.079166666666666,66.29166666666667,8.15,0.0,54.125
2023-10-28,16.633333333333333,60.75,7.9125000000000005,0.0,0.0
2023-10-29,17.0375,65.16666666666667,7.3125,0.0,0.8333333333333334
2023-10-30,19.208333333333332,56.625,7.45,0.0,40.625
2023-10-31,19.008333333333333,60.333333333333336,8.554166666666667,0.0,2.6666666666666665
2023-11-01,16.099999999999998,69.08333333333333,8.016666666666667,0.0,27.291666666666668
2023-11-02,16.35833333333333,60.708333333333336,7.304166666666667,0.0,6.375
2023-11-03,19.545833333333334,46.875,8.683333333333334,0.0,0.0
2023-11-04,16.4125,67.29166666666667,7.595833333333334,0.0,32.416666666666664
2023-11-05,16.704166666666666,61.125,7.383333333333333,0.0,0.0
2023-11-06,15.7125,67.79166666666667,7.4125000000000005,0.0,14.541666666666666
2023-11-07,18.191666666666666,59.916666666666664,7.370833333333334,0.0,0.0
2023-11-08,19.358333333333334,57.833333333333336,8.454166666666667,0.0,3.9583333333333335
2023-11-09,18.233333333333334,69.625,8.591666666666667,0.0,53.375
2023-11-10,19.491666666666667,65.29166666666667,6.970833333333334,0.0,51.041666666666664
2023-11-11,17.979166666666668,66.91666666666667,7.620833333333334,0.0,0.0
2023-11-12,17.804166666666667,62.75,7.566666666666666,0.0,0.125
2023-11-13,16.925,62.5,7.675,0.0,4.041666666666667
2023-11-14,16.1375,64.83333333333333,7.766666666666667,0.0,40.333333333333336
2023-11-15,16.054166666666667,66.20833333333333,7.729166666666667,0.0,98.5
2023-11-16,16.2375,64.95833333333333,7.879166666666666,0.0,87.08333333333333
2023-11-17,15.729166666666666,63.25,8.045833333333333,0.0,18.625
2023-11-18,18.508333333333333,55.791666666666664,8.341666666666667,0.0,0.0
2023-11-19,16.554166666666667,69.75,8.075000000000001,0.0,31.75
2023-11-20,16.920833333333334,69.45833333333333,8.045833333333333,0.0,38.708333333333336
2023-11-21,15.9125,70.75,7.545833333333333,0.0,55.25
2023-11-22,17.291666666666668,65.54166666666667,8.075000000000001,0.0,23.625
2023-11-23,18.054166666666667,62.291666666666664,7.5125,0.0,1.4583333333333333
2023-11-24,17.3,67.125,8.229166666666666,0.0,25.25
2023-11-25,16.541666666666668,70.125,8.2875,0.0,34.416666666666664
2023-11-26,17.425,66.75,7.754166666666666,0.0,43.666666666666664
2023-11-27,17.3625,68.25,7.9624999999999995,0.0,32.166666666666664
2023-11-28,16.679166666666667,71.125,7.333333333333333,0.0,43.5
2023-11-29,17.733333333333334,67.75,7.716666666666666,0.0,8.208333333333334
2023-11-30,17.125,68.91666666666667,7.733333333333333,0.0,47.416666666666664
2023-12-01,18.1125,63.0,7.945833333333333,0.0,39.583333333333336
2023-12-02,17.858333333333334,61.541666666666664,7.504166666666666,0.0,1.75
2023-12-03,18.55,65.70833333333333,7.616666666666666,0.0,0.041666666666666664
2023-12-04,17.25,66.20833333333333,7.841666666666666,0.0,8.5
2023-12-05,17.129166666666666,65.16666666666667,8.308333333333334,0.0,14.583333333333334
2023-12-06,16.875,63.5,7.941666666666666,0.0,10.041666666666666
2023-12-07,17.208333333333332,67.91666666666667,7.933333333333334,0.0,17.375
2023-12-08,17.537499999999998,68.33333333333333,7.7749999999999995,0.0,45.625
2023-12-09,18.883333333333333,63.958333333333336,7.641666666666667,0.0,17.208333333333332
2023-12-10,17.879166666666666,69.66666666666667,8.345833333333333,0.0,30.416666666666668
2023-12-11,18.879166666666666,65.125,8.620833333333334,0.0,27.0
2023-12-12,19.1875,65.08333333333333,7.995833333333334,0.0,16.875
2023-12-13,18.375,70.16666666666667,8.504166666666666,0.0,28.041666666666668
2023-12-14,19.320833333333333,65.54166666666667,8.058333333333334,0.0,43.25
2023-12-15,19.400000000000002,66.16666666666667,8.008333333333333,0.0,0.0
2023-12-16,18.466666666666665,67.20833333333333,8.720833333333333,0.0,27.666666666666668
2023-12-17,19.566666666666666,61.333333333333336,8.425,0.0,1.1666666666666667
2023-12-18,18.654166666666665,63.375,8.174999999999999,0.0,1.5416666666666667
2023-12-19,18.2375,67.0,7.7124999999999995,0.0,48.041666666666664
2023-12-20,19.258333333333333,59.291666666666664,7.783333333333334,0.0,0.0
2023-12-21,17.991666666666667,68.66666666666667,8.012500000000001,0.0,24.375
2023-12-22,18.041666666666668,68.45833333333333,8.120833333333334,0.0,0.9583333333333334
2023-12-23,17.591666666666665,70.5,7.904166666666666,0.0,41.916666666666664
2023-12-24,18.166666666666668,66.75,7.904166666666666,0.0,45.208333333333336
2023-12-25,18.208333333333332,69.95833333333333,7.829166666666667,0.0,45.166666666666664
2023-12-26,19.025000000000002,67.125,7.995833333333334,0.0,74.5
2023-12-27,19.1125,71.75,8.075000000000001,0.0,44.25
2023-12-28,20.020833333333332,63.75,8.720833333333333,0.0,39.666666666666664
2023-12-29,20.445833333333333,62.5,7.454166666666667,0.0,4.5
2023-12-30,20.224999999999998,61.541666666666664,8.4,0.0,24.75
2023-12-31,19.599999999999998,61.166666666666664,8.304166666666667,0.0,4.083333333333333
2024-01-01,18.891666666666666,68.54166666666667,7.8125,0.0,1.6666666666666667
2024-01-02,18.162499999999998,72.375,7.783333333333334,0.0,47.625
2024-01-03,19.3,64.70833333333333,7.5249999999999995,0.0,32.75
2024-01-04,19.599999999999998,65.29166666666667,8.445833333333333,0.0,9.666666666666666
2024-01-05,19.8125,65.29166666666667,7.804166666666667,0.0,0.4583333333333333
2024-01-06,18.962500000000002,68.79166666666667,8.1875,0.0,14.75
2024-01-07,19.804166666666667,66.08333333333333,7.854166666666667,0.0,8.625
2024-01-08,19.9125,69.41666666666667,8.545833333333333,0.0,17.458333333333332
2024-01-09,20.179166666666667,67.83333333333333,7.895833333333333,0.0,39.75
2024-01-10,19.566666666666666,67.375,8.0375,0.0,20.458333333333332
2024-01-11,18.504166666666666,70.5,7.633333333333333,0.0,33.791666666666664
2024-01-12,18.241666666666667,70.45833333333333,7.641666666666667,0.0,35.583333333333336
2024-01-13,18.708333333333332,67.58333333333333,8.233333333333333,0.0,22.833333333333332
2024-01-14,20.504166666666666,61.458333333333336,7.7250000000000005,0.0,0.08333333333333333
2024-01-15,19.845833333333335,66.66666666666667,8.9125,0.0,4.416666666666667
2024-01-16,19.545833333333334,69.04166666666667,7.5625,0.0,16.333333333333332
2024-01-17,18.808333333333334,68.45833333333333,7.608333333333333,0.0,23.375
2024-01-18,19.7,66.95833333333333,8.204166666666667,0.0,16.666666666666668
2024-01-19,21.058333333333334,63.541666666666664,8.225,0.0,0.041666666666666664
2024-01-20,20.641666666666666,69.58333333333333,8.291666666666666,0.0,12.291666666666666
2024-01-21,20.933333333333334,67.33333333333333,8.145833333333334,0.0,20.666666666666668
2024-01-22,20.970833333333335,65.45833333333333,8.5625,0.0,4.5
2024-01-23,20.604166666666668,66.66666666666667,8.070833333333333,0.0,1.5833333333333333
2024-01-24,20.395833333333332,68.79166666666667,7.945833333333333,0.0,19.041666666666668
2024-01-25,20.491666666666667,70.16666666666667,8.295833333333333,0.0,27.541666666666668
2024-01-26,22.0125,64.79166666666667,7.979166666666667,0.0,0.0
2024-01-27,21.233333333333334,67.625,8.145833333333334,0.0,2.0
2024-01-28,20.6875,70.5,8.108333333333333,0.0,44.875
2024-01-29,20.541666666666668,69.45833333333333,8.229166666666666,0.0,15.416666666666666
2024-01-30,20.329166666666666,72.70833333333333,8.075000000000001,0.0,37.5
2024-01-31,20.650000000000002,73.0,8.333333333333334,0.0,23.125
2024-02-01,21.054166666666667,71.08333333333333,7.870833333333334,0.0,25.375
2024-02-02,20.045833333333334,73.08333333333333,8.4,0.0,30.041666666666668
2024-02-03,20.958333333333332,69.75,8.166666666666666,0.0,11.291666666666666
2024-02-04,21.825,70.0,8.520833333333334,0.0,54.708333333333336
2024-02-05,22.758333333333336,65.54166666666667,8.420833333333333,0.0,12.416666666666666
2024-02-06,23.820833333333336,59.666666666666664,8.679166666666667,0.0,24.541666666666668
2024-02-07,23.97083333333333,58.291666666666664,7.9624999999999995,0.0,22.125
2024-02-08,22.28333333333333,66.08333333333333,7.116666666666667,0.1,63.958333333333336
2024-02-09,23.179166666666664,63.75,7.879166666666666,0.0,6.166666666666667
2024-02-10,22.233333333333334,69.33333333333333,7.8999999999999995,0.0,0.25
2024-02-11,20.779166666666665,73.75,8.466666666666667,0.0,38.666666666666664
2024-02-12,20.400000000000002,73.45833333333333,8.012500000000001,0.0,57.333333333333336
2024-02-13,20.295833333333334,71.29166666666667,7.604166666666667,0.0,51.916666666666664
2024-02-14,20.879166666666666,71.25,7.9750000000000005,0.0,39.25
2024-02-15,20.7,72.45833333333333,7.766666666666667,0.0,64.70833333333333
2024-02-16,19.995833333333334,75.41666666666667,8.179166666666667,0.0,93.91666666666667
2024-02-17,20.529166666666665,74.25,7.008333333333333,0.0,55.583333333333336
2024-02-18,19.770833333333332,75.95833333333333,7.4875,0.0,47.583333333333336
2024-02-19,20.6125,71.33333333333333,7.391666666666667,0.0,59.458333333333336
2024-02-20,20.195833333333333,72.95833333333333,7.991666666666666,0.0,72.91666666666667
2024-02-21,20.741666666666667,69.04166666666667,8.450000000000001,0.0,58.041666666666664
2024-02-22,21.695833333333336,64.875,7.125,0.0,27.083333333333332
2024-02-23,21.65833333333333,65.45833333333333,7.945833333333333,0.0,0.0
2024-02-24,21.141666666666666,69.875,8.1,0.0,39.333333333333336
2024-02-25,19.304166666666667,74.04166666666667,6.745833333333334,0.0,71.625
2024-02-26,19.479166666666668,73.625,7.620833333333334,0.0,59.291666666666664
2024-02-27,19.283333333333335,73.54166666666667,7.470833333333334,0.0,43.875
2024-02-28,19.341666666666665,74.58333333333333,6.6375,0.0,55.75
2024-02-29,20.2,75.04166666666667,6.6499999999999995,0.0,52.666666666666664
2024-03-01,20.2,73.75,7.358333333333333,0.0,51.375
2024-03-02,20.695833333333333,68.95833333333333,7.158333333333334,0.0,90.66666666666667
2024-03-03,20.658333333333335,69.95833333333333,6.945833333333333,0.0,74.04166666666667
2024-03-04,20.970833333333335,68.5,7.891666666666667,0.0,28.75
2024-03-05,19.724999999999998,73.54166666666667,7.395833333333333,0.0,20.875
2024-03-06,19.5625,73.54166666666667,7.166666666666667,0.0,34.375
2024-03-07,19.6875,72.58333333333333,7.341666666666666,0.0,31.958333333333332
2024-03-08,20.183333333333334,70.54166666666667,6.8,0.0,24.333333333333332
2024-03-09,20.595833333333335,67.25,7.108333333333333,0.0,20.958333333333332
2024-03-10,18.816666666666666,75.58333333333333,7.075,0.0,38.791666666666664
2024-03-11,18.900000000000002,74.0,7.308333333333334,0.0,39.833333333333336
2024-03-12,19.154166666666665,70.5,6.716666666666666,0.0,24.75
2024-03-13,18.933333333333334,71.91666666666667,6.945833333333333,0.0,21.333333333333332
2024-03-14,19.079166666666666,73.29166666666667,6.575,0.0,37.041666666666664
2024-03-15,18.520833333333332,73.08333333333333,7.1499999999999995,0.0,15.25
2024-03-16,17.779166666666665,73.25,6.883333333333333,0.0,23.125
2024-03-17,19.058333333333334,69.54166666666667,7.4875,0.0,3.6666666666666665
2024-03-18,20.229166666666668,65.54166666666667,6.4375,0.0,0.0
2024-03-19,19.066666666666666,73.91666666666667,8.0875,0.0,36.208333333333336
2024-03-20,20.412499999999998,68.91666666666667,7.1375,0.0,28.75
2024-03-21,20.787499999999998,67.66666666666667,7.033333333333332,0.0,0.0
2024-03-22,19.6875,75.08333333333333,6.875,0.0,20.375
2024-03-23,18.308333333333334,78.83333333333333,6.758333333333333,0.0,42.0
2024-03-24,18.208333333333332,77.375,6.783333333333334,0.0,37.083333333333336
2024-03-25,19.266666666666666,75.375,6.575,0.0,41.541666666666664
2024-03-26,19.4875,75.45833333333333,6.491666666666667,0.0,33.833333333333336
2024-03-27,20.408333333333335,71.66666666666667,6.7,0.0,0.7083333333333334
2024-03-28,20.604166666666668,70.45833333333333,6.495833333333334,0.0,16.75
2024-03-29,20.045833333333334,75.41666666666667,6.654166666666668,0.0,66.75
2024-03-30,20.291666666666668,73.58333333333333,6.645833333333333,0.0,11.708333333333334
2024-03-31,18.708333333333332,79.29166666666667,6.633333333333333,0.0,30.083333333333332
2024-04-01,19.254166666666666,78.41666666666667,6.75,0.0,26.791666666666668
2024-04-02,17.958333333333332,79.25,7.345833333333334,0.0,33.166666666666664
2024-04-03,17.854166666666668,74.66666666666667,7.029166666666666,0.0,43.625
2024-04-04,18.795833333333334,72.79166666666667,6.133333333333334,0.0,0.0
2024-04-05,17.654166666666665,77.83333333333333,6.004166666666666,0.0,38.333333333333336
2024-04-06,17.55,77.54166666666667,6.158333333333334,0.0,31.833333333333332
2024-04-07,16.458333333333332,77.04166666666667,5.758333333333333,0.0,35.166666666666664
2024-04-08,16.866666666666667,76.79166666666667,6.1625000000000005,0.0,43.541666666666664
2024-04-09,17.099999999999998,75.91666666666667,5.175,0.0,58.541666666666664
2024-04-10,17.029166666666665,75.25,6.0,0.0,76.08333333333333
2024-04-11,16.166666666666668,76.41666666666667,6.533333333333334,0.0,68.45833333333333
2024-04-12,16.129166666666666,74.70833333333333,6.591666666666666,0.0,28.5
2024-04-13,14.166666666666666,83.16666666666667,5.270833333333333,20.7,71.33333333333333
2024-04-14,13.762500000000001,85.20833333333333,4.258333333333334,8.7,94.58333333333333
2024-04-15,14.258333333333333,82.875,5.066666666666666,6.199999999999999,16.791666666666668
2024-04-16,17.304166666666667,63.5,6.4375,0.0,0.125
2024-04-17,19.204166666666666,66.125,6.6875,0.0,8.25
2024-04-18,16.545833333333334,90.875,4.3125,0.0,68.125
2024-04-19,16.641666666666666,90.95833333333333,3.9375,0.5,69.375
2024-04-20,16.354166666666668,90.83333333333333,4.625,0.1,80.08333333333333
2024-04-21,17.716666666666665,84.25,4.25,0.0,67.5
2024-04-22,16.908333333333335,85.0,5.5625,0.0,39.583333333333336
2024-04-23,16.1125,87.0,5.158333333333333,0.0,59.625
2024-04-24,15.362499999999999,88.375,5.075,0.0,85.66666666666667
2024-04-25,16.3,86.0,5.904166666666666,0.0,84.79166666666667
2024-04-26,16.629166666666666,84.95833333333333,5.241666666666666,0.0,60.041666666666664
2024-04-27,17.458333333333332,79.79166666666667,4.808333333333334,0.0,26.958333333333332
2024-04-28,16.720833333333335,78.79166666666667,5.575,0.0,61.666666666666664
2024-04-29,16.129166666666666,80.83333333333333,5.5375000000000005,0.0,94.33333333333333
2024-04-30,17.195833333333333,74.70833333333333,4.0375000000000005,0.0,95.625
2024-05-01,16.291666666666668,75.45833333333333,4.1875,0.0,70.5
2024-05-02,14.6,77.95833333333333,5.125,0.0,0.041666666666666664
2024-05-03,12.295833333333334,79.54166666666667,4.55,0.0,24.458333333333332
2024-05-04,15.4375,66.54166666666667,5.2625,0.0,4.125
2024-05-05,14.879166666666668,69.33333333333333,5.541666666666667,0.0,47.791666666666664
2024-05-06,13.595833333333333,80.20833333333333,5.754166666666666,0.0,48.166666666666664
2024-05-07,12.679166666666667,83.625,5.758333333333333,0.0,90.375
2024-05-08,14.8125,69.08333333333333,5.625,0.0,23.958333333333332
2024-05-09,13.716666666666667,71.29166666666667,5.6499999999999995,0.0,99.33333333333333
2024-05-10,13.174999999999999,77.83333333333333,5.9750000000000005,0.0,98.66666666666667
2024-05-11,13.75,71.91666666666667,4.733333333333333,0.0,89.45833333333333
2024-05-12,13.858333333333334,66.08333333333333,5.2749999999999995,0.0,9.0
2024-05-13,13.083333333333334,63.25,5.058333333333334,0.0,47.583333333333336
2024-05-14,13.674999999999999,70.79166666666667,4.491666666666666,0.0,92.95833333333333
2024-05-15,10.870833333333332,79.54166666666667,4.620833333333334,0.0,79.58333333333333
2024-05-16,11.370833333333332,72.91666666666667,4.5874999999999995,0.0,94.125
2024-05-17,11.920833333333334,74.45833333333333,3.3708333333333336,2.3000000000000003,74.58333333333333
2024-05-18,13.241666666666667,65.5,5.470833333333334,0.0,0.0
2024-05-19,17.704166666666666,44.791666666666664,6.791666666666667,0.0,18.208333333333332
2024-05-20,16.766666666666666,48.791666666666664,6.495833333333334,0.0,44.916666666666664
2024-05-21,17.6875,59.458333333333336,4.779166666666667,0.0,99.25
2024-05-22,15.308333333333335,77.95833333333333,4.808333333333334,1.9000000000000001,44.791666666666664
2024-05-23,14.870833333333332,75.33333333333333,3.6333333333333333,0.6,33.458333333333336
2024-05-24,16.066666666666666,63.666666666666664,6.308333333333334,0.0,71.58333333333333
2024-05-25,13.470833333333333,85.5,4.495833333333334,0.0,58.0
2024-05-26,13.058333333333332,80.54166666666667,5.033333333333333,0.0,62.25
2024-05-27,14.7875,58.583333333333336,5.9750000000000005,0.0,14.0
2024-05-28,14.700000000000001,59.208333333333336,5.758333333333333,0.0,37.916666666666664
2024-05-29,13.716666666666667,73.625,4.2625,0.0,54.875
2024-05-30,15.125,64.08333333333333,4.991666666666666,0.0,46.166666666666664
2024-05-31,14.4375,74.625,5.283333333333333,0.0,63.291666666666664
2024-06-01,18.5,45.5,7.254166666666666,0.0,16.791666666666668
2024-06-02,18.133333333333333,49.791666666666664,7.820833333333333,0.0,33.291666666666664
2024-06-03,14.066666666666668,80.91666666666667,6.8500000000000005,0.0,99.95833333333333
2024-06-04,14.4125,78.95833333333333,6.041666666666667,0.0,77.0
2024-06-05,15.154166666666667,72.04166666666667,5.45,0.0,48.125
2024-06-06,14.458333333333334,77.54166666666667,4.7875,0.0,29.416666666666668
2024-06-07,15.545833333333334,65.08333333333333,5.508333333333333,0.0,47.041666666666664
2024-06-08,13.704166666666666,82.58333333333333,6.604166666666667,0.0,99.5
2024-06-09,14.0625,75.79166666666667,5.420833333333333,0.0,58.083333333333336
2024-06-10,14.225,76.16666666666667,5.6000000000000005,0.0,65.04166666666667
2024-06-11,15.308333333333332,64.91666666666667,5.683333333333334,0.0,37.708333333333336
2024-06-12,12.320833333333333,82.33333333333333,6.533333333333334,0.0,64.375
2024-06-13,13.591666666666667,74.45833333333333,5.683333333333334,0.0,42.125
2024-06-14,14.308333333333332,72.5,6.6125,0.0,0.041666666666666664
2024-06-15,14.279166666666667,74.41666666666667,5.633333333333333,0.0,0.9166666666666666
2024-06-16,14.104166666666666,73.25,5.129166666666666,0.0,0.0
2024-06-17,13.525,73.54166666666667,5.8999999999999995,0.0,1.8333333333333333
2024-06-18,13.295833333333334,72.0,5.679166666666667,0.0,12.791666666666666
2024-06-19,13.704166666666666,60.125,5.570833333333333,0.0,29.541666666666668
2024-06-20,13.391666666666666,65.04166666666667,4.9125000000000005,0.0,5.166666666666667
2024-06-21,12.770833333333334,75.0,5.241666666666666,0.0,99.75
2024-06-22,13.933333333333332,68.91666666666667,4.891666666666667,0.0,58.791666666666664
2024-06-23,14.387500000000001,66.33333333333333,4.770833333333333,0.0,40.583333333333336
2024-06-24,13.183333333333332,72.45833333333333,5.1,0.0,13.25
2024-06-25,12.512500000000001,67.20833333333333,4.833333333333333,0.0,90.375
2024-06-26,14.583333333333334,46.708333333333336,5.233333333333333,0.0,96.25
2024-06-27,13.737499999999999,47.875,5.291666666666667,0.0,89.75
2024-06-28,12.8375,74.83333333333333,4.75,0.0,90.125
2024-06-29,14.637500000000001,50.291666666666664,4.908333333333333,0.0,0.041666666666666664
2024-06-30,15.729166666666666,41.875,6.679166666666667,0.0,0.20833333333333334
2024-07-01,17.325,29.541666666666668,7.733333333333333,0.0,0.0
2024-07-02,16.404166666666665,31.208333333333332,7.341666666666666,0.0,0.08333333333333333
2024-07-03,14.375,41.083333333333336,5.308333333333334,0.0,3.5416666666666665
2024-07-04,12.137500000000001,73.29166666666667,4.841666666666667,0.0,58.125
2024-07-05,11.2875,79.5,5.195833333333334,0.0,31.25
2024-07-06,11.3375,77.375,4.733333333333333,0.0,41.291666666666664
2024-07-07,12.295833333333334,68.95833333333333,5.3,0.0,0.0
2024-07-08,11.924999999999999,67.375,5.291666666666667,0.0,7.666666666666667
2024-07-09,9.966666666666667,80.29166666666667,5.7250000000000005,0.0,53.875
2024-07-10,8.458333333333334,77.58333333333333,5.791666666666667,0.0,53.75
2024-07-11,8.5625,71.66666666666667,6.0,0.0,0.08333333333333333
2024-07-12,9.170833333333333,71.79166666666667,5.370833333333334,0.0,0.08333333333333333
2024-07-13,11.183333333333332,57.791666666666664,5.558333333333334,0.0,0.0
2024-07-14,11.1,54.25,5.379166666666666,0.0,36.791666666666664
2024-07-15,11.941666666666668,47.541666666666664,6.0375000000000005,0.0,15.625
2024-07-16,13.666666666666666,51.291666666666664,6.0625,0.0,53.5
2024-07-17,12.612499999999999,58.041666666666664,5.25,0.0,19.416666666666668
2024-07-18,11.666666666666666,77.70833333333333,5.1625000000000005,0.0,31.291666666666668
2024-07-19,11.879166666666668,73.625,5.116666666666666,0.0,75.83333333333333
2024-07-20,11.325000000000001,77.95833333333333,6.954166666666667,0.0,60.625
2024-07-21,11.916666666666666,78.125,5.6125,0.0,25.541666666666668
2024-07-22,11.779166666666667,74.08333333333333,6.1499999999999995,0.0,6.666666666666667
2024-07-23,12.637500000000001,72.16666666666667,5.7749999999999995,0.0,26.625
2024-07-24,14.8125,48.708333333333336,6.683333333333334,0.0,0.0
2024-07-25,15.237499999999999,33.208333333333336,6.920833333333333,0.0,0.0
2024-07-26,14.720833333333333,45.833333333333336,6.733333333333333,0.0,0.0
2024-07-27,15.370833333333332,45.333333333333336,5.270833333333333,0.0,12.291666666666666
2024-07-28,14.570833333333333,55.625,5.3125,0.0,8.833333333333334
2024-07-29,15.325000000000001,45.458333333333336,5.25,0.0,11.875
2024-07-30,13.075000000000001,73.0,6.095833333333334,0.0,67.625
2024-07-31,11.833333333333334,81.375,5.75,0.1,99.625
2024-08-01,11.033333333333333,82.54166666666667,6.2625,0.0,89.66666666666667
2024-08-02,13.733333333333334,73.79166666666667,6.7375,0.0,59.458333333333336
2024-08-03,15.041666666666666,74.79166666666667,6.120833333333334,0.0,53.666666666666664
2024-08-04,13.645833333333334,76.58333333333333,6.45,0.0,42.25
2024-08-05,12.6875,75.91666666666667,5.591666666666666,0.0,31.5
2024-08-06,12.145833333333334,75.45833333333333,6.695833333333333,0.0,18.458333333333332
2024-08-07,12.095833333333333,76.20833333333333,6.366666666666667,0.0,53.166666666666664
2024-08-08,12.6625,62.166666666666664,5.425,0.0,13.958333333333334
2024-08-09,14.616666666666667,43.291666666666664,6.0,0.0,0.0
2024-08-10,13.762500000000001,51.375,7.1125,0.0,0.08333333333333333
2024-08-11,16.025000000000002,51.041666666666664,5.729166666666667,0.0,9.833333333333334
2024-08-12,15.216666666666667,51.375,7.05,0.0,0.5833333333333334
2024-08-13,13.070833333333333,76.66666666666667,5.791666666666667,0.0,41.916666666666664
2024-08-14,13.241666666666667,77.41666666666667,6.579166666666667,0.0,47.75
2024-08-15,13.833333333333334,74.125,6.666666666666667,0.0,76.70833333333333
2024-08-16,14.6625,61.875,5.858333333333333,0.0,99.875
2024-08-17,13.9,61.291666666666664,6.0249999999999995,0.0,78.58333333333333
2024-08-18,15.045833333333334,74.58333333333333,7.520833333333333,1.3,82.625
2024-08-19,13.783333333333333,76.125,6.0125,0.0,12.708333333333334
2024-08-20,11.633333333333333,83.91666666666667,6.204166666666667,0.0,70.91666666666667
2024-08-21,10.895833333333334,78.75,5.970833333333334,0.0,64.41666666666667
2024-08-22,12.183333333333332,59.75,6.845833333333334,0.0,0.0
2024-08-23,14.275,42.166666666666664,6.229166666666667,0.0,1.9583333333333333
2024-08-24,18.3875,22.166666666666668,7.158333333333334,0.0,2.375
2024-08-25,16.120833333333334,41.291666666666664,7.395833333333333,0.0,0.5833333333333334
2024-08-26,14.525,70.45833333333333,5.895833333333333,0.0,23.333333333333332
2024-08-27,13.833333333333334,68.20833333333333,6.758333333333333,0.0,1.0416666666666667
2024-08-28,12.241666666666667,75.0,6.4750000000000005,0.0,69.91666666666667
2024-08-29,11.612499999999999,72.125,7.25,0.0,95.70833333333333
2024-08-30,12.745833333333332,60.583333333333336,7.466666666666666,0.0,48.0
2024-08-31,14.929166666666667,48.833333333333336,7.141666666666667,0.0,34.708333333333336
2024-09-01,16.2,47.791666666666664,6.170833333333333,0.0,0.0
2024-09-02,13.029166666666667,76.54166666666667,5.933333333333334,0.0,31.041666666666668
2024-09-03,14.395833333333334,75.20833333333333,7.129166666666666,0.0,14.0
2024-09-04,15.970833333333333,68.58333333333333,6.033333333333334,0.0,8.375
2024-09-05,18.654166666666665,49.208333333333336,7.45,0.0,3.125
2024-09-06,13.916666666666666,75.5,6.795833333333333,0.0,33.291666666666664
2024-09-07,14.133333333333333,75.0,6.220833333333334,0.0,25.208333333333332
2024-09-08,15.112499999999999,69.83333333333333,5.7250000000000005,0.0,44.375
2024-09-09,19.9875,46.875,7.166666666666667,0.0,19.625
2024-09-10,17.945833333333333,59.0,7.833333333333333,0.0,94.75
2024-09-11,14.516666666666666,75.625,6.75,0.0,39.583333333333336
2024-09-12,12.770833333333334,77.79166666666667,6.8625,0.0,36.125
2024-09-13,12.929166666666667,71.20833333333333,5.354166666666667,0.0,24.833333333333332
2024-09-14,13.191666666666668,71.16666666666667,6.291666666666667,0.0,29.708333333333332
2024-09-15,16.775000000000002,59.791666666666664,6.7250000000000005,0.0,31.666666666666668
2024-09-16,16.9375,39.75,10.2625,0.0,5.458333333333333
2024-09-17,16.287499999999998,65.70833333333333,6.545833333333333,0.0,40.833333333333336
2024-09-18,17.445833333333333,49.708333333333336,8.6625,0.0,14.0
2024-09-19,15.820833333333333,63.666666666666664,7.670833333333333,0.0,23.458333333333332
2024-09-20,19.675,36.541666666666664,7.2875000000000005,0.0,43.083333333333336
2024-09-21,16.383333333333333,57.291666666666664,7.45,0.0,80.08333333333333
2024-09-22,14.9625,69.54166666666667,6.941666666666666,0.0,42.166666666666664
2024-09-23,18.7,48.583333333333336,7.5125,0.0,0.0
2024-09-24,18.6125,43.708333333333336,6.929166666666667,0.0,0.0
2024-09-25,15.408333333333333,58.833333333333336,7.491666666666667,0.0,0.16666666666666666
2024-09-26,17.854166666666668,55.25,7.979166666666667,0.0,1.9583333333333333
2024-09-27,15.095833333333333,66.91666666666667,7.7375,0.0,15.666666666666666
2024-09-28,13.420833333333334,75.41666666666667,6.658333333333332,0.0,41.333333333333336
2024-09-29,15.0,68.66666666666667,7.379166666666666,0.0,20.208333333333332
2024-09-30,14.791666666666666,68.79166666666667,6.416666666666667,0.0,29.958333333333332
2024-10-01,17.1125,59.666666666666664,6.170833333333333,0.0,16.083333333333332
2024-10-02,20.604166666666668,47.458333333333336,8.279166666666667,0.0,0.0
2024-10-03,18.704166666666666,58.625,8.020833333333334,0.0,0.6666666666666666
2024-10-04,17.129166666666666,68.04166666666667,7.4375,0.0,47.083333333333336
2024-10-05,17.900000000000002,62.916666666666664,6.9750000000000005,0.0,70.45833333333333
2024-10-06,15.783333333333333,73.45833333333333,6.154166666666666,0.0,99.20833333333333
2024-10-07,16.616666666666667,73.54166666666667,9.058333333333334,3.5,51.666666666666664
2024-10-08,15.225,75.29166666666667,8.770833333333334,0.0,51.625
2024-10-09,14.549999999999999,70.375,7.9750000000000005,0.0,42.5
2024-10-10,15.654166666666667,67.54166666666667,7.554166666666667,1.2,31.083333333333332
2024-10-11,17.829166666666666,69.75,7.4375,0.0,30.25
2024-10-12,17.879166666666666,67.875,8.049999999999999,0.0,78.0
2024-10-13,17.216666666666665,68.91666666666667,6.254166666666666,0.0,46.291666666666664
2024-10-14,19.729166666666668,57.75,6.983333333333333,0.0,13.25
2024-10-15,18.3875,59.041666666666664,8.004166666666666,0.0,0.625
2024-10-16,15.354166666666666,74.16666666666667,7.658333333333334,0.0,54.458333333333336
2024-10-17,16.766666666666666,67.625,7.6875,0.0,3.5833333333333335
2024-10-18,16.916666666666668,70.25,7.516666666666667,0.0,0.0
2024-10-19,15.216666666666667,75.875,7.595833333333332,0.0,48.041666666666664
2024-10-20,15.729166666666666,67.75,8.566666666666666,0.2,37.166666666666664
2024-10-21,15.329166666666666,65.54166666666667,7.25,0.0,0.041666666666666664
2024-10-22,14.825000000000001,70.25,7.3625,0.0,40.333333333333336
2024-10-23,16.841666666666665,56.875,7.191666666666666,0.0,0.0
2024-10-24,18.45,48.75,8.108333333333333,0.0,0.0
2024-10-25,16.912499999999998,64.375,7.129166666666666,0.0,1.0416666666666667
2024-10-26,16.787499999999998,68.79166666666667,7.666666666666667,0.0,21.291666666666668
2024-10-27,17.016666666666666,69.29166666666667,6.466666666666666,0.0,40.958333333333336
2024-10-28,16.7625,70.66666666666667,6.6125,0.0,24.458333333333332
2024-10-29,16.599999999999998,70.70833333333333,6.875,0.0,40.5
2024-10-30,17.058333333333334,70.04166666666667,7.420833333333333,0.0,16.125
2024-10-31,15.75,75.91666666666667,7.675,0.0,73.125
2024-11-01,15.987499999999999,73.04166666666667,7.908333333333334,0.0,59.291666666666664
2024-11-02,16.820833333333333,70.25,8.729166666666666,0.0,46.166666666666664
2024-11-03,15.454166666666666,75.70833333333333,7.354166666666667,0.2,43.833333333333336
2024-11-04,18.5625,59.666666666666664,7.383333333333334,0.0,0.0
2024-11-05,20.395833333333332,48.666666666666664,9.329166666666667,0.0,0.9166666666666666
2024-11-06,17.066666666666666,69.375,7.620833333333334,0.0,25.416666666666668
2024-11-07,17.545833333333334,68.79166666666667,8.362499999999999,0.0,9.5
2024-11-08,17.354166666666668,71.79166666666667,8.008333333333333,0.0,26.041666666666668
2024-11-09,16.554166666666667,73.83333333333333,8.2375,0.0,33.916666666666664
2024-11-10,18.233333333333334,67.16666666666667,9.137500000000001,0.0,18.0
2024-11-11,19.895833333333332,60.875,8.012500000000001,0.0,0.041666666666666664
2024-11-12,18.633333333333333,64.0,8.020833333333334,0.0,0.041666666666666664
2024-11-13,17.129166666666666,70.625,7.529166666666666,0.0,23.833333333333332
2024-11-14,18.058333333333334,67.75,7.1875,0.0,12.208333333333334
2024-11-15,16.791666666666668,71.95833333333333,8.1875,0.0,14.541666666666666
2024-11-16,17.308333333333334,68.95833333333333,7.158333333333334,0.0,41.916666666666664
2024-11-17,17.341666666666665,69.16666666666667,7.129166666666666,0.0,15.875
2024-11-18,16.820833333333333,71.66666666666667,7.375,0.0,43.833333333333336
2024-11-19,17.570833333333333,65.20833333333333,8.058333333333334,0.0,40.125
2024-11-20,16.708333333333332,68.5,8.025,0.0,31.541666666666668
2024-11-21,16.370833333333334,73.125,7.558333333333334,0.0,39.166666666666664
2024-11-22,17.150000000000002,70.95833333333333,7.0874999999999995,0.0,44.041666666666664
2024-11-23,17.404166666666665,68.95833333333333,7.270833333333333,0.0,18.958333333333332
2024-11-24,18.470833333333335,68.125,7.654166666666666,0.0,28.416666666666668
2024-11-25,18.45416666666667,69.0,7.595833333333334,0.0,27.5
2024-11-26,18.170833333333334,69.33333333333333,8.129166666666666,0.0,16.916666666666668
2024-11-27,17.375,67.33333333333333,7.520833333333333,0.0,24.541666666666668
2024-11-28,17.566666666666666,63.041666666666664,7.170833333333333,0.0,0.125
2024-11-29,17.962500000000002,64.25,7.366666666666667,0.0,1.625
2024-11-30,17.416666666666668,68.83333333333333,7.241666666666667,0.0,19.0
2024-12-01,19.195833333333333,57.166666666666664,6.179166666666667,0.0,0.0
2024-12-02,18.150000000000002,53.583333333333336,7.4875,0.0,3.2916666666666665
2024-12-03,16.845833333333335,62.666666666666664,7.420833333333333,0.0,32.125
2024-12-04,17.495833333333334,55.875,7.104166666666667,0.0,2.0833333333333335
2024-12-05,17.283333333333335,54.791666666666664,7.133333333333333,0.0,82.375
2024-12-06,18.291666666666668,52.875,7.816666666666666,0.0,1.1666666666666667
2024-12-07,16.754166666666666,64.33333333333333,7.445833333333333,0.0,5.333333333333333
2024-12-08,16.945833333333333,63.875,8.15,0.0,4.5
2024-12-09,17.533333333333335,61.5,7.170833333333333,0.0,3.875
2024-12-10,17.029166666666665,69.08333333333333,7.075,0.0,99.91666666666667
2024-12-11,17.629166666666666,68.79166666666667,7.995833333333334,0.0,46.25
2024-12-12,17.016666666666666,70.08333333333333,7.170833333333333,0.0,43.666666666666664
2024-12-13,16.983333333333334,69.20833333333333,7.4750000000000005,0.0,11.125
2024-12-14,17.416666666666668,67.625,7.7375,0.0,20.833333333333332
2024-12-15,17.7375,68.83333333333333,7.375,0.0,29.583333333333332
2024-12-16,17.708333333333332,70.25,7.2124999999999995,0.0,10.666666666666666
2024-12-17,16.395833333333332,74.58333333333333,7.383333333333333,0.0,39.541666666666664
2024-12-18,17.683333333333334,68.16666666666667,7.041666666666667,0.0,25.5
2024-12-19,17.474999999999998,69.20833333333333,7.520833333333333,0.0,18.375
2024-12-20,18.304166666666667,69.29166666666667,7.270833333333333,0.0,30.666666666666668
2024-12-21,19.416666666666668,63.916666666666664,7.533333333333334,0.0,0.0
2024-12-22,19.370833333333334,67.5,7.55,0.0,9.041666666666666
2024-12-23,18.608333333333334,70.5,8.125,0.0,37.333333333333336
2024-12-24,18.625,71.45833333333333,7.3625,0.0,20.416666666666668
2024-12-25,18.1875,69.875,8.275,0.0,20.291666666666668
2024-12-26,18.429166666666667,69.16666666666667,8.066666666666666,0.0,37.083333333333336
2024-12-27,18.383333333333333,69.79166666666667,7.766666666666667,0.0,25.541666666666668
2024-12-28,18.604166666666668,70.29166666666667,7.066666666666666,0.0,32.0
2024-12-29,18.545833333333334,71.79166666666667,7.8999999999999995,0.0,10.666666666666666
2024-12-30,18.408333333333335,73.33333333333333,7.754166666666666,0.0,41.666666666666664
2024-12-31,19.058333333333334,72.79166666666667,7.320833333333333,0.0,43.416666666666664
2025-01-01,19.279166666666665,70.5,7.266666666666667,0.0,33.666666666666664
2025-01-02,19.366666666666667,68.83333333333333,7.558333333333334,0.0,22.541666666666668
2025-01-03,19.8875,66.41666666666667,7.845833333333334,0.0,26.041666666666668
2025-01-04,20.650000000000002,64.29166666666667,7.2124999999999995,0.0,26.166666666666668
2025-01-05,21.829166666666666,60.291666666666664,7.583333333333333,0.0,23.458333333333332
2025-01-06,19.5,71.33333333333333,8.404166666666667,0.0,31.625
2025-01-07,19.566666666666666,66.16666666666667,7.891666666666667,0.0,46.083333333333336
2025-01-08,19.204166666666666,71.83333333333333,7.8625,0.0,33.125
2025-01-09,19.704166666666666,71.83333333333333,7.733333333333333,0.0,51.375
2025-01-10,19.412499999999998,72.91666666666667,8.1,0.0,37.125
2025-01-11,19.308333333333334,74.04166666666667,7.645833333333333,0.0,48.166666666666664
2025-01-12,20.491666666666667,68.33333333333333,7.908333333333334,0.0,44.291666666666664
2025-01-13,20.683333333333334,68.33333333333333,7.620833333333334,0.0,20.625
2025-01-14,20.537499999999998,68.58333333333333,7.795833333333333,0.0,3.7083333333333335
2025-01-15,20.650000000000002,69.16666666666667,7.1375,0.0,12.166666666666666
2025-01-16,20.433333333333334,72.375,7.516666666666667,0.0,9.166666666666666
2025-01-17,20.858333333333334,72.33333333333333,8.066666666666666,0.0,26.75
2025-01-18,21.108333333333334,69.75,8.145833333333334,0.0,21.041666666666668
2025-01-19,19.479166666666668,70.5,7.879166666666666,0.0,15.25
2025-01-20,18.641666666666666,72.625,7.6375,0.0,46.5
2025-01-21,19.370833333333334,67.08333333333333,7.3,0.0,49.5
2025-01-22,20.495833333333334,63.791666666666664,7.183333333333334,0.0,0.0
2025-01-23,21.120833333333334,62.958333333333336,7.8374999999999995,0.0,0.0
2025-01-24,20.641666666666666,68.54166666666667,7.604166666666667,0.0,22.583333333333332
2025-01-25,20.145833333333332,71.79166666666667,7.804166666666667,0.0,27.166666666666668
2025-01-26,19.533333333333335,72.0,7.470833333333334,0.0,31.75
2025-01-27,19.325,72.0,7.7250000000000005,0.0,17.375
2025-01-28,19.554166666666667,72.125,7.329166666666667,0.0,23.208333333333332
2025-01-29,19.816666666666666,70.375,7.229166666666667,0.0,35.625
2025-01-30,19.7625,69.91666666666667,8.483333333333333,0.0,0.5833333333333334
2025-01-31,19.583333333333332,69.54166666666667,7.375,0.0,14.375
2025-02-01,19.8625,69.58333333333333,8.004166666666666,0.0,24.041666666666668
2025-02-02,20.162499999999998,69.625,7.2375,0.0,35.833333333333336
2025-02-03,20.7375,68.08333333333333,7.25,0.0,0.08333333333333333
2025-02-04,20.845833333333335,70.91666666666667,8.408333333333333,0.0,23.208333333333332
2025-02-05,20.429166666666667,72.04166666666667,7.570833333333333,0.0,19.5
2025-02-06,20.454166666666666,70.04166666666667,7.466666666666666,0.0,10.25
2025-02-07,21.150000000000002,69.08333333333333,8.125,0.0,16.875
2025-02-08,22.004166666666666,68.95833333333333,7.391666666666667,0.0,27.208333333333332
2025-02-09,21.5625,71.79166666666667,8.3125,0.0,24.625
2025-02-10,22.229166666666668,71.0,8.049999999999999,0.0,38.541666666666664
2025-02-11,21.63333333333333,70.45833333333333,7.091666666666666,0.0,27.333333333333332
2025-02-12,21.633333333333336,71.625,7.945833333333333,0.0,2.7083333333333335
2025-02-13,21.254166666666666,72.625,7.204166666666667,0.0,25.666666666666668
2025-02-14,19.775000000000002,74.125,7.7375,0.0,30.333333333333332
2025-02-15,19.5625,73.16666666666667,7.425,0.0,46.875
2025-02-16,19.466666666666665,72.04166666666667,6.879166666666666,0.0,17.708333333333332
2025-02-17,18.233333333333334,73.29166666666667,6.891666666666667,0.0,39.708333333333336
2025-02-18,17.929166666666667,73.54166666666667,7.058333333333334,0.0,51.416666666666664
2025-02-19,19.454166666666666,68.66666666666667,6.4750000000000005,0.0,46.25
2025-02-20,20.366666666666667,67.91666666666667,7.804166666666666,0.0,14.875
2025-02-21,21.224999999999998,65.66666666666667,7.3374999999999995,0.0,28.916666666666668
2025-02-22,20.895833333333332,68.125,7.266666666666667,0.0,14.166666666666666
2025-02-23,20.05,70.20833333333333,7.2749999999999995,0.0,28.208333333333332
2025-02-24,20.016666666666666,72.66666666666667,7.554166666666667,0.0,23.166666666666668
2025-02-25,20.408333333333335,70.875,6.9875,0.0,9.083333333333334
2025-02-26,20.516666666666666,71.25,7.0874999999999995,0.0,16.666666666666668
2025-02-27,20.3875,72.91666666666667,7.6875,0.0,30.458333333333332
2025-02-28,21.304166666666667,71.04166666666667,7.395833333333333,0.0,14.208333333333334
2025-03-01,20.775000000000002,71.29166666666667,6.895833333333333,0.0,0.0
2025-03-02,20.162499999999998,70.45833333333333,6.7749999999999995,0.0,20.333333333333332
2025-03-03,19.066666666666666,67.83333333333333,6.283333333333334,0.0,9.208333333333334
2025-03-04,19.0,71.91666666666667,7.354166666666667,0.0,18.125
2025-03-05,18.633333333333333,73.875,6.8374999999999995,0.0,31.875
2025-03-06,19.395833333333332,72.625,6.9875,0.0,27.458333333333332
2025-03-07,20.383333333333333,66.91666666666667,6.454166666666667,0.0,18.791666666666668
2025-03-08,22.020833333333332,57.791666666666664,7.691666666666666,0.0,0.16666666666666666
2025-03-09,18.741666666666667,78.33333333333333,7.0874999999999995,0.0,44.0
2025-03-10,18.745833333333334,74.41666666666667,6.7625,0.0,45.458333333333336
2025-03-11,20.245833333333334,68.16666666666667,7.091666666666666,0.0,0.0
2025-03-12,19.483333333333334,73.16666666666667,6.891666666666667,0.0,5.125
2025-03-13,18.349999999999998,77.0,6.458333333333333,0.0,31.916666666666668
2025-03-14,18.508333333333333,74.66666666666667,6.554166666666667,0.0,46.083333333333336
2025-03-15,18.491666666666667,74.5,6.75,0.0,31.708333333333332
2025-03-16,18.712500000000002,75.0,6.6000000000000005,0.0,25.083333333333332
2025-03-17,18.724999999999998,75.58333333333333,6.6375,0.0,45.583333333333336
2025-03-18,17.925,78.375,6.495833333333334,0.0,46.791666666666664
2025-03-19,19.195833333333333,71.20833333333333,6.4875,0.0,54.583333333333336
2025-03-20,18.804166666666667,74.5,6.75,0.0,31.166666666666668
2025-03-21,18.349999999999998,75.79166666666667,6.1125,0.0,32.375
2025-03-22,18.3625,77.375,6.279166666666666,0.0,28.5
2025-03-23,18.291666666666668,76.875,5.729166666666667,0.0,44.75
2025-03-24,17.745833333333334,76.08333333333333,6.3875,0.0,75.83333333333333
2025-03-25,18.008333333333333,73.16666666666667,5.854166666666667,0.0,49.583333333333336
2025-03-26,17.616666666666667,69.83333333333333,5.954166666666667,0.0,5.791666666666667
2025-03-27,18.208333333333332,69.04166666666667,6.925,0.0,0.5416666666666666
2025-03-28,19.2375,67.95833333333333,6.25,0.0,0.0
2025-03-29,18.166666666666668,73.79166666666667,6.625,0.0,11.541666666666666
2025-03-30,18.0625,72.04166666666667,5.483333333333333,0.0,10.125
2025-03-31,19.670833333333334,64.91666666666667,6.745833333333334,0.0,0.5833333333333334
2025-04-01,17.650000000000002,73.95833333333333,5.8,0.0,39.333333333333336
2025-04-02,18.033333333333335,69.41666666666667,6.125,0.0,0.0
2025-04-03,18.754166666666666,65.375,6.029166666666666,0.0,0.3333333333333333
2025-04-04,17.912499999999998,70.29166666666667,6.0249999999999995,0.0,1.7083333333333333
2025-04-05,16.1375,72.0,6.466666666666666,0.0,8.791666666666666
2025-04-06,16.554166666666667,66.58333333333333,5.658333333333334,0.0,0.0
2025-04-07,18.425,57.875,6.158333333333334,0.0,0.0
2025-04-08,16.3,73.25,5.3999999999999995,0.0,40.708333333333336
2025-04-09,16.287499999999998,75.70833333333333,6.029166666666666,0.0,51.958333333333336
2025-04-10,16.345833333333335,71.79166666666667,5.608333333333333,0.0,88.91666666666667
2025-04-11,16.254166666666666,71.375,6.116666666666667,0.0,21.291666666666668
2025-04-12,16.974999999999998,74.375,6.016666666666667,0.0,32.583333333333336
2025-04-13,17.033333333333335,73.0,5.741666666666667,0.0,4.583333333333333
2025-04-14,15.854166666666666,77.66666666666667,5.770833333333333,0.0,48.416666666666664
2025-04-15,17.433333333333334,70.08333333333333,5.566666666666666,0.0,5.125
2025-04-16,17.775000000000002,70.58333333333333,5.075,0.0,0.0
2025-04-17,16.308333333333334,77.54166666666667,5.595833333333334,0.0,54.5
2025-04-18,15.891666666666666,80.29166666666667,5.133333333333333,0.0,66.33333333333333
2025-04-19,15.504166666666668,77.41666666666667,5.7375,0.0,97.70833333333333
2025-04-20,15.604166666666666,76.0,6.7,0.0,98.41666666666667
2025-04-21,15.483333333333334,76.54166666666667,5.808333333333334,0.0,46.375
2025-04-22,16.316666666666666,73.41666666666667,4.804166666666666,0.0,43.833333333333336
2025-04-23,16.0625,71.41666666666667,4.6000000000000005,0.0,0.2916666666666667
2025-04-24,19.416666666666668,55.708333333333336,5.9375,0.0,0.0
2025-04-25,19.016666666666666,59.375,5.891666666666667,0.0,0.0
2025-04-26,17.154166666666665,73.66666666666667,5.245833333333333,0.0,0.0
2025-04-27,16.599999999999998,75.29166666666667,4.358333333333333,0.0,0.0
2025-04-28,15.3375,81.08333333333333,4.958333333333333,0.0,33.958333333333336
2025-04-29,14.016666666666666,83.29166666666667,5.5125,0.0,66.95833333333333
2025-04-30,14.179166666666667,78.58333333333333,5.7250000000000005,0.0,63.458333333333336
2025-05-01,14.279166666666667,74.625,5.683333333333334,0.0,43.041666666666664
2025-05-02,16.341666666666665,68.66666666666667,4.458333333333333,0.0,0.4166666666666667
2025-05-03,15.158333333333333,75.375,4.5125,0.0,4.291666666666667
2025-05-04,14.858333333333334,80.125,5.3500000000000005,0.0,38.125
2025-05-05,15.316666666666668,79.20833333333333,4.604166666666667,0.0,32.708333333333336
2025-05-06,14.6875,80.45833333333333,4.720833333333333,0.0,43.666666666666664
2025-05-07,14.266666666666666,81.75,4.745833333333334,0.0,93.08333333333333
2025-05-08,14.858333333333334,75.875,4.170833333333333,0.0,9.041666666666666
2025-05-09,17.662499999999998,51.0,5.0625,0.0,0.0
2025-05-10,17.595833333333335,42.0,5.966666666666666,0.0,4.333333333333333
2025-05-11,14.6625,79.29166666666667,4.854166666666667,0.0,95.20833333333333
2025-05-12,14.516666666666666,76.70833333333333,4.583333333333333,0.0,17.625
2025-05-13,12.858333333333334,82.79166666666667,4.583333333333333,0.0,89.45833333333333
2025-05-14,13.375,82.08333333333333,5.195833333333334,0.0,99.16666666666667
2025-05-15,13.270833333333334,83.29166666666667,3.4250000000000003,0.0,99.875
2025-05-16,14.137500000000001,85.70833333333333,5.333333333333333,2.0,58.0
2025-05-17,13.283333333333333,85.41666666666667,4.683333333333334,0.0,52.5
2025-05-18,15.220833333333333,78.33333333333333,4.1375,0.0,19.958333333333332
2025-05-19,15.379166666666668,79.41666666666667,3.9625,0.0,9.75
2025-05-20,16.150000000000002,73.25,4.241666666666666,0.0,19.333333333333332
2025-05-21,15.279166666666667,82.29166666666667,3.3708333333333336,0.0,47.958333333333336
2025-05-22,15.045833333333334,82.33333333333333,3.6374999999999997,0.0,17.875
2025-05-23,14.229166666666666,89.5,4.241666666666666,0.0,96.29166666666667
2025-05-24,14.720833333333333,76.83333333333333,4.491666666666666,0.0,74.70833333333333
2025-05-25,13.783333333333333,82.5,4.791666666666667,0.0,60.541666666666664
2025-05-26,13.3375,83.41666666666667,4.258333333333334,0.0,34.791666666666664
2025-05-27,14.7125,81.95833333333333,4.754166666666667,0.0,42.125
2025-05-28,15.216666666666667,73.83333333333333,4.316666666666667,0.0,9.083333333333334
2025-05-29,13.116666666666667,87.54166666666667,5.158333333333333,0.0,54.75
2025-05-30,13.870833333333332,76.91666666666667,4.183333333333334,0.0,28.541666666666668
2025-05-31,14.083333333333334,71.0,3.5083333333333333,0.0,99.16666666666667
2025-06-01,13.091666666666667,86.625,4.541666666666667,0.0,53.125
2025-06-02,13.658333333333333,79.625,3.3708333333333336,0.0,93.04166666666667
2025-06-03,12.308333333333332,80.5,3.858333333333333,0.0,99.20833333333333
2025-06-04,11.983333333333334,80.33333333333333,4.045833333333333,0.0,72.29166666666667
2025-06-05,14.070833333333333,67.58333333333333,3.6958333333333333,0.0,96.66666666666667
2025-06-06,11.679166666666667,86.79166666666667,3.7416666666666667,0.0,51.708333333333336
2025-06-07,13.004166666666668,76.83333333333333,4.008333333333334,0.0,35.583333333333336
2025-06-08,15.575000000000001,59.041666666666664,4.870833333333333,0.0,22.625
2025-06-09,14.879166666666668,59.333333333333336,5.466666666666666,0.0,92.95833333333333
2025-06-10,12.045833333333334,75.125,3.3541666666666665,0.0,12.791666666666666
2025-06-11,11.7875,85.625,3.8083333333333336,0.0,52.75
2025-06-12,14.254166666666668,78.91666666666667,5.8999999999999995,0.1,43.333333333333336
2025-06-13,12.854166666666666,85.33333333333333,3.6458333333333335,1.0,92.70833333333333
2025-06-14,13.65,79.66666666666667,4.620833333333334,0.0,39.125
2025-06-15,13.229166666666666,59.333333333333336,5.479166666666667,0.0,7.875
2025-06-16,12.783333333333333,78.0,4.416666666666667,0.0,47.541666666666664
2025-06-17,11.595833333333333,73.16666666666667,3.9625,0.0,1.0
2025-06-18,10.570833333333333,79.33333333333333,4.704166666666667,0.0,16.791666666666668
2025-06-19,12.6625,59.416666666666664,4.6625000000000005,0.0,0.0
2025-06-20,11.858333333333334,57.75,4.333333333333333,0.0,0.0
2025-06-21,11.799999999999999,63.125,3.3666666666666667,0.0,0.0
2025-06-22,11.816666666666668,68.08333333333333,4.166666666666667,0.0,0.625
2025-06-23,13.095833333333333,67.66666666666667,5.0125,0.0,5.458333333333333
2025-06-24,11.383333333333333,85.95833333333333,3.954166666666667,0.0,53.875
2025-06-25,12.5,83.33333333333333,5.0625,1.2,92.16666666666667
2025-06-26,14.158333333333333,78.41666666666667,4.166666666666667,0.0,31.625
2025-06-27,12.008333333333333,70.33333333333333,5.204166666666667,0.0,24.583333333333332
2025-06-28,11.529166666666667,80.66666666666667,5.679166666666667,0.0,48.291666666666664
2025-06-29,13.991666666666667,50.125,5.633333333333333,0.0,0.0
2025-06-30,15.195833333333333,44.75,6.4375,0.0,4.916666666666667
2025-07-01,15.604166666666666,53.333333333333336,4.166666666666667,0.0,16.5
2025-07-02,18.158333333333335,43.416666666666664,6.545833333333333,0.0,5.708333333333333
2025-07-03,14.679166666666667,60.833333333333336,4.208333333333333,0.0,1.9166666666666667
2025-07-04,12.641666666666667,82.875,3.625,0.0,36.666666666666664
2025-07-05,13.362499999999999,82.58333333333333,5.358333333333333,0.0,56.875
2025-07-06,14.004166666666665,78.58333333333333,4.1875,0.0,34.375
2025-07-07,15.1625,55.0,5.608333333333333,0.0,4.083333333333333
2025-07-08,11.383333333333333,83.66666666666667,4.2124999999999995,0.0,48.25
2025-07-09,11.275,83.25,3.9375,0.0,95.16666666666667
2025-07-10,11.012500000000001,79.83333333333333,4.595833333333333,0.0,50.75
2025-07-11,10.054166666666667,78.5,4.6375,0.0,33.291666666666664
2025-07-12,10.379166666666666,74.95833333333333,4.258333333333334,0.0,31.541666666666668
2025-07-13,9.975,76.08333333333333,4.358333333333333,0.0,45.708333333333336
2025-07-14,10.283333333333333,78.625,4.345833333333333,0.0,35.083333333333336
2025-07-15,10.954166666666666,80.04166666666667,4.6875,0.0,53.75
2025-07-16,13.704166666666666,60.0,3.983333333333333,0.0,0.0
2025-07-17,13.220833333333333,55.25,3.6666666666666665,0.0,4.25
2025-07-18,11.5875,75.20833333333333,4.420833333333333,0.0,44.791666666666664
2025-07-19,12.125,76.70833333333333,3.3375,0.0,15.291666666666666
2025-07-20,12.487499999999999,77.66666666666667,3.975,0.0,34.75
2025-07-21,12.924999999999999,68.5,3.3958333333333335,0.0,0.2916666666666667
2025-07-22,11.816666666666668,70.125,4.104166666666667,0.0,8.125
2025-07-23,11.666666666666666,77.95833333333333,3.595833333333333,0.0,42.458333333333336
2025-07-24,11.2125,77.66666666666667,4.179166666666666,0.0,5.416666666666667
2025-07-25,12.774999999999999,63.458333333333336,4.3,0.0,28.291666666666668
2025-07-26,10.995833333333332,83.58333333333333,5.270833333333333,0.0,79.83333333333333
2025-07-27,13.470833333333333,74.16666666666667,5.3374999999999995,0.0,63.0
2025-07-28,16.849999999999998,47.625,5.1375,0.0,19.375
2025-07-29,16.191666666666666,50.208333333333336,6.233333333333333,0.0,43.583333333333336
2025-07-30,13.066666666666668,82.29166666666667,5.045833333333333,0.0,100.0
2025-07-31,12.5875,83.875,4.041666666666667,0.0,86.41666666666667
2025-08-01,12.945833333333333,80.45833333333333,7.2625,1.3,43.166666666666664
2025-08-02,13.991666666666667,71.5,4.891666666666667,0.0,64.0
2025-08-03,16.604166666666668,65.70833333333333,5.208333333333333,0.0,58.916666666666664
2025-08-04,17.912499999999998,61.333333333333336,6.595833333333334,0.0,53.791666666666664
2025-08-05,14.704166666666666,85.70833333333333,4.166666666666667,0.0,54.083333333333336
2025-08-06,14.862499999999999,75.875,4.375,0.0,44.125
2025-08-07,14.104166666666666,78.33333333333333,5.0625,0.0,32.958333333333336
2025-08-08,13.15,77.20833333333333,5.591666666666666,0.0,42.625
2025-08-09,12.158333333333333,80.875,4.9750000000000005,0.0,55.916666666666664
2025-08-10,14.570833333333333,66.83333333333333,5.129166666666666,0.0,37.833333333333336
2025-08-11,17.366666666666667,42.25,7.033333333333334,0.0,0.2916666666666667
2025-08-12,13.654166666666667,81.25,5.629166666666666,0.0,48.083333333333336
2025-08-13,13.9,80.33333333333333,5.354166666666667,0.0,43.333333333333336
2025-08-14,13.5375,80.45833333333333,5.445833333333333,0.0,51.166666666666664
2025-08-15,14.054166666666667,73.33333333333333,5.829166666666667,0.0,13.708333333333334
2025-08-16,14.091666666666667,67.125,5.645833333333333,0.0,0.08333333333333333
2025-08-17,13.391666666666666,77.79166666666667,6.5249999999999995,0.5,43.083333333333336
2025-08-18,13.195833333333333,71.75,7.5,20.0,38.916666666666664
2025-08-19,13.85,75.625,5.5125,1.9,32.625
2025-08-20,14.512500000000001,70.66666666666667,5.795833333333333,0.0,5.041666666666667
2025-08-21,12.683333333333332,85.95833333333333,5.895833333333333,0.0,77.58333333333333
2025-08-22,12.0625,81.91666666666667,7.75,0.2,87.45833333333333
2025-08-23,10.954166666666666,78.83333333333333,5.141666666666667,0.0,13.458333333333334
2025-08-24,12.404166666666667,71.29166666666667,5.204166666666667,0.0,0.0
2025-08-25,14.5375,64.5,4.9624999999999995,0.0,0.0
2025-08-26,12.8125,74.29166666666667,5.408333333333334,0.0,4.0
2025-08-27,13.054166666666667,84.58333333333333,3.516666666666667,0.0,46.416666666666664
2025-08-28,12.887500000000001,82.58333333333333,5.795833333333333,0.0,30.791666666666668
2025-08-29,11.258333333333333,82.83333333333333,5.55,0.2,74.0
2025-08-30,12.075000000000001,75.58333333333333,7.395833333333333,0.0,60.25
2025-08-31,12.345833333333333,74.04166666666667,5.595833333333334,0.0,17.875
