ds,temperatura,humedad,velocidad_viento,precipitacion,nubosidad
2020-01-01,16.191666666666666,86.58333333333333,8.170833333333333,0.0,16.625
2020-01-02,16.508333333333333,84.08333333333333,7.558333333333334,0.0,15.0
2020-01-03,18.304166666666667,82.79166666666667,17.004166666666666,0.0,15.833333333333334
2020-01-04,17.804166666666667,74.625,26.445833333333336,0.0,0.8333333333333334
2020-01-05,15.158333333333333,72.75,22.145833333333332,0.0,20.458333333333332
2020-01-06,15.4125,75.16666666666667,15.291666666666666,0.0,6.291666666666667
2020-01-07,15.6875,80.16666666666667,12.266666666666666,0.0,18.416666666666668
2020-01-08,14.4375,93.0,14.825000000000001,12.5,81.0
2020-01-09,14.395833333333334,80.58333333333333,11.883333333333333,0.0,18.833333333333332
2020-01-10,15.929166666666667,74.33333333333333,17.983333333333334,0.0,0.125
2020-01-11,17.066666666666666,79.75,12.966666666666667,0.0,0.5
2020-01-12,16.849999999999998,85.45833333333333,11.6875,0.0,19.375
2020-01-13,16.570833333333333,83.45833333333333,20.591666666666665,0.0,29.208333333333332
2020-01-14,16.308333333333334,80.20833333333333,22.724999999999998,0.0,14.166666666666666
2020-01-15,15.929166666666667,63.916666666666664,22.358333333333334,0.0,0.0
2020-01-16,19.041666666666668,52.416666666666664,19.704166666666666,0.0,0.0
2020-01-17,17.45,71.91666666666667,7.341666666666666,0.0,0.041666666666666664
2020-01-18,18.379166666666666,77.08333333333333,10.758333333333333,0.0,44.125
2020-01-19,17.595833333333335,76.20833333333333,9.233333333333333,0.0,45.958333333333336
2020-01-20,16.6125,78.45833333333333,9.279166666666667,0.0,13.375
2020-01-21,18.7,75.20833333333333,8.454166666666667,0.0,0.20833333333333334
2020-01-22,17.445833333333333,87.45833333333333,11.741666666666667,0.0,39.458333333333336
2020-01-23,15.9,88.45833333333333,7.8875,0.0,74.625
2020-01-24,18.779166666666665,72.08333333333333,16.787499999999998,0.0,12.291666666666666
2020-01-25,18.675,74.875,15.762500000000001,0.0,0.16666666666666666
2020-01-26,19.479166666666668,78.83333333333333,16.058333333333334,0.0,25.083333333333332
2020-01-27,19.754166666666666,66.25,18.770833333333332,0.0,16.708333333333332
2020-01-28,18.083333333333332,78.0,22.525000000000002,0.0,19.791666666666668
2020-01-29,16.558333333333334,66.33333333333333,16.075,0.0,4.041666666666667
2020-01-30,17.212500000000002,67.625,12.025,0.0,0.75
2020-01-31,18.724999999999998,77.41666666666667,16.058333333333334,0.0,1.4583333333333333
2020-02-01,17.204166666666666,90.375,14.516666666666666,0.0,58.333333333333336
2020-02-02,15.945833333333333,79.45833333333333,11.049999999999999,0.0,8.875
2020-02-03,16.154166666666665,84.33333333333333,10.112499999999999,0.8,42.25
2020-02-04,16.05,76.875,13.504166666666668,0.7999999999999999,41.958333333333336
2020-02-05,15.25,69.83333333333333,17.837500000000002,0.0,8.916666666666666
2020-02-06,14.979166666666666,75.04166666666667,15.5625,0.0,0.08333333333333333
2020-02-07,16.858333333333334,71.29166666666667,11.9375,0.0,0.08333333333333333
2020-02-08,18.154166666666665,66.16666666666667,9.504166666666666,0.0,0.08333333333333333
2020-02-09,18.733333333333334,77.91666666666667,13.6,0.0,16.291666666666668
2020-02-10,18.6875,79.83333333333333,14.229166666666666,0.0,7.416666666666667
2020-02-11,18.008333333333333,81.16666666666667,14.512500000000001,0.0,7.583333333333333
2020-02-12,17.483333333333334,73.125,25.995833333333334,0.0,23.125
2020-02-13,15.9,69.91666666666667,19.779166666666665,0.0,0.0
2020-02-14,16.083333333333332,75.25,17.258333333333333,0.0,0.0
2020-02-15,16.662499999999998,81.79166666666667,17.1875,0.0,0.2916666666666667
2020-02-16,16.4375,83.0,13.766666666666666,0.0,2.125
2020-02-17,16.058333333333334,76.625,16.645833333333332,2.0,21.5
2020-02-18,17.266666666666666,63.0,19.920833333333334,0.0,1.9166666666666667
2020-02-19,17.933333333333334,68.79166666666667,16.95,0.0,0.0
2020-02-20,18.3125,56.333333333333336,11.775,0.0,0.0
2020-02-21,15.191666666666668,83.75,12.670833333333334,0.0,8.375
2020-02-22,15.158333333333333,89.33333333333333,8.583333333333334,0.0,61.875
2020-02-23,15.145833333333334,86.08333333333333,11.2875,0.0,23.166666666666668
2020-02-24,15.645833333333334,78.20833333333333,17.25,0.0,34.583333333333336
2020-02-25,16.316666666666666,75.29166666666667,13.708333333333334,0.0,0.16666666666666666
2020-02-26,16.962500000000002,70.20833333333333,11.754166666666668,0.0,20.958333333333332
2020-02-27,17.208333333333332,76.75,8.299999999999999,0.0,0.125
2020-02-28,19.1375,75.79166666666667,10.75,0.0,0.0
2020-02-29,17.0,79.54166666666667,10.508333333333333,0.0,10.75
2020-03-01,14.387500000000001,90.70833333333333,10.504166666666666,0.0,97.04166666666667
2020-03-02,14.895833333333334,93.66666666666667,7.3625,0.0,97.70833333333333
2020-03-03,15.987499999999999,86.25,9.858333333333333,0.0,47.875
2020-03-04,17.245833333333334,77.33333333333333,15.216666666666667,0.0,4.083333333333333
2020-03-05,18.654166666666665,79.33333333333333,15.654166666666667,0.0,49.75
2020-03-06,17.183333333333334,82.04166666666667,16.400000000000002,0.0,67.83333333333333
2020-03-07,18.104166666666668,76.95833333333333,15.75,0.0,33.291666666666664
2020-03-08,16.724999999999998,73.25,11.095833333333333,0.0,17.958333333333332
2020-03-09,16.745833333333334,78.08333333333333,10.191666666666666,0.0,19.125
2020-03-10,17.229166666666668,78.25,13.0375,0.0,46.208333333333336
2020-03-11,17.220833333333335,87.91666666666667,9.804166666666665,0.0,60.625
2020-03-12,16.099999999999998,90.08333333333333,8.229166666666666,0.0,89.625
2020-03-13,17.066666666666666,89.20833333333333,11.516666666666666,0.8,67.45833333333333
2020-03-14,16.125,69.875,16.483333333333334,0.0,12.166666666666666
2020-03-15,15.154166666666667,79.91666666666667,11.1625,0.0,13.291666666666666
2020-03-16,16.0,82.54166666666667,13.200000000000001,0.0,78.66666666666667
2020-03-17,16.175,82.66666666666667,11.733333333333334,0.0,11.083333333333334
2020-03-18,15.258333333333333,86.54166666666667,12.416666666666666,0.0,34.708333333333336
2020-03-19,15.254166666666668,80.04166666666667,9.383333333333333,0.0,0.0
2020-03-20,14.670833333333334,83.875,9.054166666666667,0.0,16.958333333333332
2020-03-21,14.5625,84.66666666666667,15.450000000000001,0.1,87.54166666666667
2020-03-22,15.195833333333333,82.58333333333333,17.566666666666666,0.0,22.791666666666668
2020-03-23,15.620833333333332,86.125,23.650000000000002,4.6,69.125
2020-03-24,16.3625,94.25,11.0375,7.2,90.75
2020-03-25,16.320833333333333,89.58333333333333,6.3374999999999995,0.0,42.75
2020-03-26,14.554166666666667,95.375,6.3625,0.0,61.416666666666664
2020-03-27,15.529166666666667,89.29166666666667,10.508333333333333,0.0,42.0
2020-03-28,14.862499999999999,90.29166666666667,8.904166666666667,0.0,47.166666666666664
2020-03-29,14.9,78.33333333333333,12.154166666666667,0.0,3.0416666666666665
2020-03-30,14.179166666666667,76.91666666666667,9.466666666666667,0.0,0.0
2020-03-31,14.758333333333333,80.33333333333333,17.616666666666667,0.0,0.20833333333333334
2020-04-01,15.145833333333334,72.70833333333333,14.975,0.0,0.0
2020-04-02,17.591666666666665,61.791666666666664,14.316666666666668,0.0,0.0
2020-04-03,14.991666666666667,77.08333333333333,13.604166666666666,0.0,76.33333333333333
2020-04-04,15.575000000000001,75.5,15.495833333333332,0.0,6.875
2020-04-05,13.537500000000001,77.66666666666667,13.654166666666667,0.0,0.2916666666666667
2020-04-06,14.4625,64.625,14.200000000000001,0.0,0.0
2020-04-07,13.029166666666667,73.75,7.479166666666667,0.0,0.0
2020-04-08,12.262500000000001,90.79166666666667,8.704166666666667,0.0,37.083333333333336
2020-04-09,12.762500000000001,88.41666666666667,6.4624999999999995,0.0,55.375
2020-04-10,12.700000000000001,90.66666666666667,9.295833333333333,0.0,58.083333333333336
2020-04-11,14.508333333333333,80.33333333333333,14.495833333333332,0.0,39.625
2020-04-12,11.983333333333334,77.08333333333333,11.966666666666667,0.0,14.916666666666666
2020-04-13,11.741666666666667,77.04166666666667,10.483333333333333,0.0,52.708333333333336
2020-04-14,12.408333333333333,76.375,8.341666666666667,0.0,54.5
2020-04-15,13.441666666666668,89.375,6.504166666666666,0.0,93.58333333333333
2020-04-16,12.866666666666667,93.91666666666667,8.641666666666667,0.0,71.04166666666667
2020-04-17,14.6875,94.04166666666667,4.0,0.0,94.95833333333333
2020-04-18,15.266666666666666,97.58333333333333,8.345833333333333,2.2,95.375
2020-04-19,14.320833333333333,83.66666666666667,14.004166666666668,0.0,79.5
2020-04-20,15.308333333333332,66.75,11.583333333333334,0.0,76.58333333333333
2020-04-21,14.4,62.375,7.625,0.0,80.66666666666667
2020-04-22,14.420833333333334,75.95833333333333,9.245833333333334,0.0,66.58333333333333
2020-04-23,13.429166666666667,94.08333333333333,16.433333333333334,15.1,97.29166666666667
2020-04-24,14.362499999999999,91.95833333333333,26.641666666666666,6.7,91.20833333333333
2020-04-25,14.545833333333334,90.5,23.391666666666666,11.9,85.08333333333333
2020-04-26,13.237499999999999,92.875,17.920833333333334,8.2,62.25
2020-04-27,13.933333333333332,93.08333333333333,12.754166666666668,11.1,80.75
2020-04-28,13.0625,91.66666666666667,8.341666666666667,0.6000000000000001,35.041666666666664
2020-04-29,11.775,86.70833333333333,12.583333333333334,0.0,39.958333333333336
2020-04-30,12.366666666666667,88.375,7.404166666666666,0.0,40.375
2020-05-01,12.308333333333332,94.54166666666667,6.658333333333334,0.0,95.33333333333333
2020-05-02,12.395833333333334,96.16666666666667,7.7749999999999995,2.4,97.16666666666667
2020-05-03,12.341666666666667,94.41666666666667,3.8833333333333333,0.0,98.79166666666667
2020-05-04,12.345833333333333,95.79166666666667,9.049999999999999,5.1,98.875
2020-05-05,13.620833333333332,80.04166666666667,12.095833333333333,0.0,34.625
2020-05-06,12.8375,72.91666666666667,8.991666666666667,0.0,28.875
2020-05-07,13.133333333333333,77.29166666666667,6.704166666666667,0.0,90.75
2020-05-08,13.116666666666667,94.16666666666667,11.295833333333334,0.7999999999999999,91.5
2020-05-09,13.975,93.58333333333333,18.6875,4.7,85.54166666666667
2020-05-10,13.391666666666666,88.16666666666667,13.770833333333334,6.9,57.333333333333336
2020-05-11,11.754166666666668,83.70833333333333,13.166666666666666,0.0,41.666666666666664
2020-05-12,10.745833333333332,85.75,8.491666666666667,0.0,40.0
2020-05-13,11.566666666666668,84.125,10.025,0.0,41.125
2020-05-14,13.170833333333334,89.54166666666667,6.8999999999999995,1.3,73.41666666666667
2020-05-15,15.066666666666668,95.41666666666667,7.954166666666667,1.1,92.20833333333333
2020-05-16,14.491666666666667,91.33333333333333,13.733333333333334,0.0,38.166666666666664
2020-05-17,13.558333333333332,93.04166666666667,7.558333333333334,0.0,46.666666666666664
2020-05-18,13.495833333333332,93.0,11.291666666666666,0.6000000000000001,99.83333333333333
2020-05-19,12.329166666666666,92.20833333333333,9.345833333333333,18.6,98.25
2020-05-20,10.858333333333334,90.45833333333333,5.6000000000000005,0.30000000000000004,42.333333333333336
2020-05-21,9.387500000000001,87.0,9.966666666666667,0.0,56.083333333333336
2020-05-22,10.0875,75.70833333333333,12.225,0.0,49.5
2020-05-23,9.991666666666667,83.5,9.829166666666667,0.0,36.291666666666664
2020-05-24,14.204166666666666,91.20833333333333,10.870833333333332,0.0,38.291666666666664
2020-05-25,13.887500000000001,86.91666666666667,8.4625,0.0,15.125
2020-05-26,12.166666666666666,90.91666666666667,8.108333333333333,0.0,7.041666666666667
2020-05-27,11.9625,87.41666666666667,7.320833333333333,0.0,17.458333333333332
2020-05-28,10.1625,73.125,7.129166666666666,0.0,82.54166666666667
2020-05-29,8.475,81.0,8.9125,0.0,12.458333333333334
2020-05-30,8.5,67.0,12.804166666666667,0.0,0.0
2020-05-31,7.779166666666666,73.375,9.950000000000001,0.0,10.75
2020-06-01,7.7625,82.66666666666667,6.420833333333333,0.0,38.416666666666664
2020-06-02,10.137500000000001,92.25,8.575000000000001,17.9,82.91666666666667
2020-06-03,9.995833333333334,79.16666666666667,9.887500000000001,0.0,22.375
2020-06-04,7.466666666666666,87.79166666666667,6.5,0.0,7.958333333333333
2020-06-05,6.8999999999999995,90.75,7.1125,0.0,37.291666666666664
2020-06-06,9.066666666666666,90.95833333333333,13.733333333333334,5.7,92.0
2020-06-07,9.258333333333333,92.0,5.016666666666667,0.1,40.708333333333336
2020-06-08,10.4375,88.95833333333333,13.595833333333333,6.5,60.583333333333336
2020-06-09,8.950000000000001,89.0,8.479166666666666,0.0,69.625
2020-06-10,11.174999999999999,89.20833333333333,20.0,3.0,88.83333333333333
2020-06-11,11.920833333333334,90.41666666666667,31.254166666666666,57.9,84.16666666666667
2020-06-12,10.208333333333334,81.45833333333333,10.029166666666667,2.4,35.375
2020-06-13,6.783333333333334,85.875,10.670833333333334,0.0,46.458333333333336
2020-06-14,7.020833333333333,82.375,6.954166666666667,0.0,16.291666666666668
2020-06-15,10.316666666666666,88.79166666666667,26.566666666666666,17.6,90.29166666666667
2020-06-16,12.1875,92.33333333333333,21.091666666666665,8.5,89.54166666666667
2020-06-17,11.304166666666667,91.20833333333333,13.075000000000001,8.9,95.29166666666667
2020-06-18,12.295833333333334,91.66666666666667,35.670833333333334,56.400000000000006,90.625
2020-06-19,11.991666666666667,88.25,12.908333333333333,4.0,50.125
2020-06-20,11.475,88.45833333333333,25.90416666666667,12.5,75.875
2020-06-21,8.645833333333334,90.04166666666667,8.483333333333333,0.7,34.375
2020-06-22,11.075000000000001,88.625,17.087500000000002,11.3,73.91666666666667
2020-06-23,9.125,84.83333333333333,13.362499999999999,16.5,59.583333333333336
2020-06-24,8.291666666666666,88.16666666666667,13.15,13.5,72.33333333333333
2020-06-25,7.804166666666667,88.125,8.424999999999999,0.0,75.33333333333333
2020-06-26,8.983333333333333,91.125,14.216666666666667,9.0,94.45833333333333
2020-06-27,10.645833333333334,90.45833333333333,12.229166666666666,1.4,99.33333333333333
2020-06-28,11.633333333333333,93.20833333333333,23.104166666666668,33.4,91.16666666666667
2020-06-29,10.429166666666667,92.16666666666667,12.933333333333332,29.1,88.75
2020-06-30,11.049999999999999,91.91666666666667,19.295833333333334,10.200000000000001,97.79166666666667
2020-07-01,10.970833333333333,92.16666666666667,16.0,9.5,76.08333333333333
2020-07-02,8.658333333333333,94.04166666666667,5.354166666666667,0.0,83.41666666666667
2020-07-03,11.154166666666667,88.75,17.408333333333335,12.299999999999999,88.0
2020-07-04,9.145833333333334,81.875,8.6875,1.4,59.583333333333336
2020-07-05,8.841666666666667,85.29166666666667,8.416666666666666,3.8000000000000003,62.708333333333336
2020-07-06,7.379166666666666,78.54166666666667,7.729166666666667,0.0,56.375
2020-07-07,7.545833333333333,87.29166666666667,18.479166666666668,18.8,93.33333333333333
2020-07-08,8.616666666666667,84.54166666666667,7.504166666666666,8.7,59.25
2020-07-09,10.9125,86.75,23.150000000000002,10.5,96.20833333333333
2020-07-10,11.120833333333332,85.58333333333333,17.533333333333335,10.9,62.5
2020-07-11,9.566666666666666,82.25,11.429166666666667,1.6,83.83333333333333
2020-07-12,10.916666666666666,94.95833333333333,8.779166666666667,7.7,98.91666666666667
2020-07-13,8.791666666666666,81.875,11.358333333333334,0.0,10.958333333333334
2020-07-14,8.8375,81.20833333333333,9.270833333333334,0.0,11.0
2020-07-15,9.545833333333333,87.95833333333333,7.816666666666666,0.0,38.625
2020-07-16,11.625,91.08333333333333,20.666666666666668,1.6,99.54166666666667
2020-07-17,12.391666666666666,91.29166666666667,28.570833333333336,38.3,87.0
2020-07-18,12.333333333333334,91.875,29.116666666666664,13.0,95.95833333333333
2020-07-19,11.804166666666667,90.70833333333333,20.854166666666668,22.0,64.79166666666667
2020-07-20,10.829166666666666,91.625,15.4625,29.8,83.83333333333333
2020-07-21,10.0375,87.54166666666667,13.333333333333334,8.6,72.75
2020-07-22,8.891666666666667,87.66666666666667,9.758333333333333,4.7,55.875
2020-07-23,7.7,71.5,12.041666666666666,0.0,22.375
2020-07-24,7.420833333333333,85.54166666666667,8.179166666666667,0.30000000000000004,37.083333333333336
2020-07-25,10.458333333333334,82.0,17.579166666666666,1.3,97.91666666666667
2020-07-26,11.766666666666666,86.79166666666667,16.604166666666668,17.8,98.08333333333333
2020-07-27,8.354166666666666,79.79166666666667,10.008333333333333,0.0,33.791666666666664
2020-07-28,6.895833333333333,77.91666666666667,8.833333333333334,0.0,17.5
2020-07-29,7.008333333333333,82.66666666666667,7.020833333333333,0.0,54.125
2020-07-30,9.2125,89.04166666666667,13.7125,3.0,84.95833333333333
2020-07-31,9.158333333333333,87.45833333333333,8.25,0.0,76.0
2020-08-01,11.4125,91.91666666666667,18.308333333333334,17.6,81.125
2020-08-02,11.225,93.375,7.470833333333334,0.0,74.125
2020-08-03,11.2875,88.83333333333333,10.683333333333332,0.4,75.04166666666667
2020-08-04,12.025,94.125,7.9875,3.4,97.08333333333333
2020-08-05,10.9125,81.16666666666667,14.0625,2.0,27.416666666666668
2020-08-06,8.8125,78.45833333333333,13.841666666666667,0.0,36.125
2020-08-07,8.704166666666667,80.20833333333333,8.441666666666666,0.0,63.708333333333336
2020-08-08,9.670833333333333,90.25,9.008333333333333,0.0,81.54166666666667
2020-08-09,10.529166666666667,90.0,17.349999999999998,3.2,80.45833333333333
2020-08-10,8.875,73.83333333333333,16.520833333333332,0.1,37.208333333333336
2020-08-11,7.7749999999999995,76.20833333333333,14.379166666666668,0.0,1.9583333333333333
2020-08-12,9.033333333333333,81.875,13.174999999999999,0.0,29.208333333333332
2020-08-13,9.608333333333333,89.54166666666667,11.408333333333333,4.8,79.66666666666667
2020-08-14,9.049999999999999,76.45833333333333,12.216666666666667,4.0,38.416666666666664
2020-08-15,8.7125,75.83333333333333,11.216666666666667,1.9000000000000001,47.291666666666664
2020-08-16,7.5249999999999995,82.25,9.1625,0.0,25.125
2020-08-17,8.329166666666667,84.41666666666667,11.795833333333334,0.0,16.541666666666668
2020-08-18,9.270833333333334,84.20833333333333,10.3,0.5,41.458333333333336
2020-08-19,8.441666666666666,63.791666666666664,13.25,0.0,6.5
2020-08-20,11.741666666666667,56.208333333333336,13.091666666666667,0.0,0.0
2020-08-21,12.129166666666668,72.41666666666667,8.220833333333333,0.0,0.2916666666666667
2020-08-22,10.4,81.625,10.295833333333333,0.0,13.791666666666666
2020-08-23,11.15,82.45833333333333,26.462500000000002,5.7,93.0
2020-08-24,10.920833333333334,86.125,28.775000000000002,16.2,90.79166666666667
2020-08-25,10.966666666666667,86.625,27.604166666666668,18.4,67.91666666666667
2020-08-26,10.35,86.41666666666667,23.52916666666667,12.2,74.95833333333333
2020-08-27,9.4625,87.25,11.404166666666667,1.4000000000000001,80.54166666666667
2020-08-28,9.7125,89.25,18.179166666666667,19.400000000000002,89.79166666666667
2020-08-29,8.170833333333333,70.79166666666667,15.041666666666666,0.6,22.25
2020-08-30,8.245833333333334,73.45833333333333,11.887500000000001,0.0,0.041666666666666664
2020-08-31,9.033333333333333,82.54166666666667,6.125,0.0,0.625
2020-09-01,9.4625,90.29166666666667,6.166666666666667,0.2,47.666666666666664
2020-09-02,9.629166666666666,88.54166666666667,7.820833333333333,0.0,61.458333333333336
2020-09-03,9.637500000000001,86.75,9.220833333333333,0.4,56.75
2020-09-04,9.183333333333334,77.54166666666667,9.25,0.1,87.41666666666667
2020-09-05,10.079166666666667,83.70833333333333,8.191666666666666,0.9,55.0
2020-09-06,10.987499999999999,81.0,10.9375,0.0,6.25
2020-09-07,10.0375,86.125,7.970833333333334,0.0,97.58333333333333
2020-09-08,10.216666666666667,92.29166666666667,17.491666666666667,27.5,99.66666666666667
2020-09-09,10.945833333333333,91.91666666666667,11.208333333333334,0.6000000000000001,67.54166666666667
2020-09-10,11.416666666666666,87.375,19.925,8.8,55.125
2020-09-11,9.066666666666666,79.875,11.9625,0.0,2.75
2020-09-12,9.754166666666666,84.25,11.908333333333333,0.0,26.541666666666668
2020-09-13,10.129166666666666,74.70833333333333,12.950000000000001,0.0,10.958333333333334
2020-09-14,11.691666666666668,72.91666666666667,13.145833333333334,0.0,0.0
2020-09-15,10.883333333333333,89.625,8.079166666666667,0.9,78.79166666666667
2020-09-16,11.441666666666668,88.0,9.529166666666667,0.1,55.791666666666664
2020-09-17,11.870833333333332,87.83333333333333,12.266666666666666,0.2,52.166666666666664
2020-09-18,11.258333333333333,77.04166666666667,12.533333333333333,0.0,18.5
2020-09-19,13.5875,46.125,20.1125,0.0,0.0
2020-09-20,12.679166666666667,62.0,8.3375,0.0,22.166666666666668
2020-09-21,10.758333333333333,90.25,8.679166666666667,0.0,68.41666666666667
2020-09-22,10.770833333333334,84.83333333333333,9.833333333333334,0.0,44.541666666666664
2020-09-23,11.345833333333333,79.54166666666667,9.3375,0.0,15.791666666666666
2020-09-24,10.995833333333332,86.91666666666667,6.433333333333334,0.0,22.041666666666668
2020-09-25,10.0375,86.25,12.229166666666666,0.0,70.58333333333333
2020-09-26,10.075000000000001,84.41666666666667,7.8125,0.4,56.833333333333336
2020-09-27,11.0875,84.875,11.299999999999999,0.0,3.125
2020-09-28,10.345833333333333,86.125,12.133333333333333,0.0,73.41666666666667
2020-09-29,10.6,84.91666666666667,24.25,9.1,76.5
2020-09-30,9.174999999999999,75.29166666666667,14.908333333333333,0.0,27.75
2020-10-01,8.533333333333333,78.08333333333333,13.245833333333332,0.0,14.916666666666666
2020-10-02,8.799999999999999,78.95833333333333,11.741666666666667,0.0,8.75
2020-10-03,9.308333333333334,75.66666666666667,14.808333333333332,0.0,14.375
2020-10-04,10.041666666666666,79.91666666666667,11.845833333333333,0.0,3.5833333333333335
2020-10-05,10.066666666666666,79.125,16.1375,0.0,21.916666666666668
2020-10-06,9.895833333333334,83.66666666666667,14.966666666666667,0.0,20.583333333333332
2020-10-07,9.820833333333333,77.29166666666667,15.5375,0.0,26.333333333333332
2020-10-08,10.950000000000001,83.45833333333333,14.112499999999999,0.0,34.208333333333336
2020-10-09,12.183333333333332,84.95833333333333,15.991666666666667,0.0,0.5833333333333334
2020-10-10,12.179166666666667,78.58333333333333,22.054166666666664,0.0,15.458333333333334
2020-10-11,13.429166666666667,76.20833333333333,14.008333333333333,0.0,0.08333333333333333
2020-10-12,12.666666666666666,85.58333333333333,11.866666666666667,0.0,19.041666666666668
2020-10-13,13.066666666666668,88.83333333333333,15.125,0.0,53.166666666666664
2020-10-14,13.833333333333334,84.45833333333333,8.7875,0.0,0.625
2020-10-15,13.166666666666666,88.66666666666667,5.870833333333334,0.0,61.666666666666664
2020-10-16,11.979166666666666,91.625,13.304166666666667,0.0,86.08333333333333
2020-10-17,11.179166666666667,85.66666666666667,6.670833333333333,0.0,87.20833333333333
2020-10-18,12.0625,82.54166666666667,12.633333333333333,0.0,15.041666666666666
2020-10-19,12.204166666666666,76.75,15.683333333333332,0.0,31.875
2020-10-20,12.120833333333332,75.66666666666667,15.924999999999999,0.0,21.0
2020-10-21,11.720833333333333,82.91666666666667,11.329166666666666,0.0,24.75
2020-10-22,12.045833333333334,86.20833333333333,11.608333333333334,0.0,43.458333333333336
2020-10-23,11.204166666666666,86.125,11.725000000000001,0.0,30.25
2020-10-24,11.0625,93.70833333333333,7.908333333333334,5.5,66.70833333333333
2020-10-25,11.345833333333333,74.66666666666667,15.954166666666667,0.0,11.708333333333334
2020-10-26,11.016666666666666,78.625,12.654166666666667,0.1,52.958333333333336
2020-10-27,12.108333333333334,77.0,15.129166666666665,3.7,66.91666666666667
2020-10-28,12.666666666666666,74.91666666666667,14.941666666666668,4.3999999999999995,31.958333333333332
2020-10-29,13.450000000000001,74.625,12.783333333333333,0.0,0.041666666666666664
2020-10-30,15.1875,77.41666666666667,9.204166666666667,0.0,2.9166666666666665
2020-10-31,13.15,93.45833333333333,7.379166666666666,0.0,57.375
2020-11-01,11.816666666666668,92.0,7.408333333333334,0.0,96.16666666666667
2020-11-02,12.979166666666666,90.875,8.633333333333333,0.2,80.45833333333333
2020-11-03,12.129166666666668,89.66666666666667,10.220833333333333,0.0,84.16666666666667
2020-11-04,13.095833333333333,76.95833333333333,18.825,0.30000000000000004,30.208333333333332
2020-11-05,13.229166666666666,77.375,18.008333333333333,0.0,0.041666666666666664
2020-11-06,13.775,83.625,13.070833333333333,0.0,9.125
2020-11-07,14.479166666666666,81.95833333333333,13.2875,0.0,3.5
2020-11-08,13.833333333333334,82.875,11.583333333333334,0.0,25.375
2020-11-09,14.758333333333333,86.0,15.7875,0.0,16.541666666666668
2020-11-10,14.483333333333334,85.79166666666667,8.9,0.0,25.125
2020-11-11,12.841666666666667,88.75,10.770833333333334,0.0,89.5
2020-11-12,14.533333333333333,81.20833333333333,12.862499999999999,0.0,95.375
2020-11-13,13.65,86.125,15.291666666666666,0.2,54.875
2020-11-14,13.233333333333334,74.625,16.816666666666666,0.0,10.666666666666666
2020-11-15,13.487499999999999,76.58333333333333,12.683333333333332,0.0,0.0
2020-11-16,14.741666666666667,78.79166666666667,13.495833333333332,0.0,0.5833333333333334
2020-11-17,13.870833333333332,84.41666666666667,8.85,0.0,47.708333333333336
2020-11-18,12.804166666666667,84.79166666666667,8.883333333333333,0.0,55.958333333333336
2020-11-19,12.495833333333332,87.625,10.625,0.0,90.75
2020-11-20,13.320833333333333,82.58333333333333,11.070833333333333,0.1,77.04166666666667
2020-11-21,13.658333333333333,84.58333333333333,11.208333333333334,0.2,62.75
2020-11-22,14.6875,81.45833333333333,14.195833333333333,0.0,32.25
2020-11-23,14.4125,79.33333333333333,12.112499999999999,0.1,21.791666666666668
2020-11-24,14.541666666666666,82.33333333333333,12.920833333333334,0.2,6.541666666666667
2020-11-25,14.845833333333333,77.25,16.145833333333332,0.7,22.208333333333332
2020-11-26,14.799999999999999,60.75,20.066666666666666,0.0,0.4583333333333333
2020-11-27,14.241666666666667,80.95833333333333,17.295833333333334,0.0,14.666666666666666
2020-11-28,14.549999999999999,82.54166666666667,14.125,0.0,28.416666666666668
2020-11-29,16.154166666666665,64.95833333333333,16.220833333333335,0.0,27.875
2020-11-30,14.404166666666667,74.54166666666667,13.275,0.0,0.041666666666666664
2020-12-01,14.362499999999999,79.20833333333333,18.841666666666665,0.0,31.833333333333332
2020-12-02,14.204166666666666,78.41666666666667,16.5125,0.0,1.7916666666666667
2020-12-03,14.475,71.33333333333333,17.150000000000002,0.0,24.708333333333332
2020-12-04,15.520833333333334,73.04166666666667,11.975,0.0,0.125
2020-12-05,15.112499999999999,83.70833333333333,8.075000000000001,0.0,36.458333333333336
2020-12-06,14.858333333333334,84.375,9.116666666666667,0.0,35.375
2020-12-07,13.299999999999999,85.20833333333333,10.804166666666667,0.0,85.79166666666667
2020-12-08,14.825000000000001,80.04166666666667,12.9625,0.0,32.916666666666664
2020-12-09,15.3125,75.91666666666667,16.633333333333333,0.0,0.5
2020-12-10,13.991666666666667,81.625,16.370833333333334,1.2000000000000002,26.625
2020-12-11,13.866666666666667,77.58333333333333,13.529166666666667,0.2,21.25
2020-12-12,14.066666666666668,90.16666666666667,14.65,6.9,59.041666666666664
2020-12-13,14.466666666666667,72.875,18.070833333333333,0.0,17.958333333333332
2020-12-14,14.483333333333334,81.83333333333333,17.833333333333332,0.2,28.125
2020-12-15,14.595833333333333,70.66666666666667,17.070833333333333,0.0,1.7083333333333333
2020-12-16,15.387500000000001,70.875,13.191666666666668,0.0,0.6666666666666666
2020-12-17,15.120833333333332,80.125,8.645833333333334,0.0,57.833333333333336
2020-12-18,14.029166666666667,82.83333333333333,11.604166666666666,0.30000000000000004,67.41666666666667
2020-12-19,14.362499999999999,77.29166666666667,16.766666666666666,0.1,58.041666666666664
2020-12-20,15.275,74.5,15.7125,0.0,3.5833333333333335
2020-12-21,16.258333333333333,76.95833333333333,15.641666666666666,0.0,0.2916666666666667
2020-12-22,16.95,78.45833333333333,18.150000000000002,0.0,5.25
2020-12-23,16.429166666666667,75.29166666666667,20.120833333333334,0.0,0.2916666666666667
2020-12-24,16.4375,78.79166666666667,16.508333333333333,0.0,0.5833333333333334
2020-12-25,17.670833333333334,77.58333333333333,16.579166666666666,0.0,0.041666666666666664
2020-12-26,17.733333333333334,83.75,13.9625,0.0,30.833333333333332
2020-12-27,16.5125,87.25,13.054166666666667,0.0,50.291666666666664
2020-12-28,16.429166666666667,86.625,12.554166666666667,0.0,16.291666666666668
2020-12-29,15.566666666666668,87.5,14.329166666666667,1.0,53.0
2020-12-30,16.412499999999998,64.04166666666667,17.916666666666668,0.0,3.5416666666666665
2020-12-31,17.354166666666668,66.04166666666667,17.204166666666666,0.0,54.416666666666664
2021-01-01,17.425,76.25,12.820833333333333,0.0,8.583333333333334
2021-01-02,16.970833333333335,76.16666666666667,13.6,0.0,26.5
2021-01-03,17.337500000000002,78.91666666666667,17.529166666666665,0.0,3.5
2021-01-04,16.325,72.625,19.925,0.0,7.791666666666667
2021-01-05,16.295833333333334,77.29166666666667,16.366666666666667,0.0,4.958333333333333
2021-01-06,16.758333333333333,78.70833333333333,17.029166666666665,0.0,0.4583333333333333
2021-01-07,16.870833333333334,74.58333333333333,19.229166666666668,0.0,15.541666666666666
2021-01-08,16.229166666666668,67.25,14.566666666666668,0.0,42.25
2021-01-09,14.291666666666666,74.29166666666667,16.591666666666665,0.0,7.333333333333333
2021-01-10,13.700000000000001,92.08333333333333,12.25,8.3,63.291666666666664
2021-01-11,14.4125,71.45833333333333,17.608333333333334,0.0,20.458333333333332
2021-01-12,15.241666666666667,58.666666666666664,15.945833333333333,0.0,17.208333333333332
2021-01-13,14.908333333333333,74.5,13.558333333333332,0.0,11.75
2021-01-14,14.154166666666667,80.70833333333333,16.529166666666665,0.0,13.625
2021-01-15,15.7125,74.91666666666667,19.6375,0.0,27.541666666666668
2021-01-16,15.954166666666666,70.625,20.016666666666666,0.0,0.0
2021-01-17,16.945833333333333,76.75,16.625,0.0,0.8333333333333334
2021-01-18,18.320833333333333,76.16666666666667,12.316666666666668,0.0,0.0
2021-01-19,17.154166666666665,84.95833333333333,10.025,0.0,23.958333333333332
2021-01-20,15.558333333333332,87.41666666666667,7.970833333333334,0.0,51.583333333333336
2021-01-21,17.608333333333334,82.625,12.070833333333333,0.0,34.333333333333336
2021-01-22,19.220833333333335,78.58333333333333,16.525000000000002,0.0,0.6666666666666666
2021-01-23,19.066666666666666,81.16666666666667,14.270833333333334,0.0,1.1666666666666667
2021-01-24,17.083333333333332,81.20833333333333,12.112499999999999,0.0,32.041666666666664
2021-01-25,17.208333333333332,71.625,15.375,0.0,0.7083333333333334
2021-01-26,16.537499999999998,74.79166666666667,17.058333333333334,0.0,15.541666666666666
2021-01-27,15.487499999999999,80.08333333333333,19.833333333333332,0.0,51.125
2021-01-28,15.3375,87.79166666666667,10.616666666666667,2.3,85.0
2021-01-29,16.254166666666666,97.08333333333333,17.341666666666665,20.7,98.45833333333333
2021-01-30,16.220833333333335,91.375,9.4,4.3,81.875
2021-01-31,16.974999999999998,86.83333333333333,8.7875,3.2,55.708333333333336
2021-02-01,16.787499999999998,87.08333333333333,12.0625,0.0,55.208333333333336
2021-02-02,18.087500000000002,84.875,8.354166666666666,0.0,7.083333333333333
2021-02-03,18.35833333333333,84.54166666666667,7.654166666666666,0.0,25.791666666666668
2021-02-04,18.054166666666667,88.29166666666667,9.683333333333334,0.0,31.75
2021-02-05,15.429166666666667,90.75,13.858333333333334,0.0,89.33333333333333
2021-02-06,15.174999999999999,88.95833333333333,7.916666666666667,0.0,93.08333333333333
2021-02-07,15.183333333333332,90.125,7.779166666666666,0.0,77.20833333333333
2021-02-08,15.204166666666666,92.41666666666667,9.095833333333333,0.0,65.375
2021-02-09,17.866666666666667,87.58333333333333,6.604166666666667,0.0,32.416666666666664
2021-02-10,16.474999999999998,90.625,9.604166666666666,0.0,53.25
2021-02-11,16.579166666666666,89.54166666666667,7.208333333333333,0.0,92.875
2021-02-12,17.275000000000002,86.75,8.279166666666667,0.0,36.791666666666664
2021-02-13,17.229166666666668,80.83333333333333,13.620833333333332,0.0,35.291666666666664
2021-02-14,17.183333333333334,78.79166666666667,12.200000000000001,0.0,21.916666666666668
2021-02-15,16.745833333333334,79.875,9.125,0.0,8.291666666666666
2021-02-16,15.545833333333333,79.875,10.433333333333334,0.0,23.166666666666668
2021-02-17,14.904166666666667,78.41666666666667,12.266666666666666,0.0,11.166666666666666
2021-02-18,15.2125,87.0,10.258333333333333,0.6000000000000001,58.666666666666664
2021-02-19,15.829166666666666,59.625,15.266666666666666,0.0,16.083333333333332
2021-02-20,14.904166666666667,64.75,11.1875,0.0,0.0
2021-02-21,15.404166666666667,81.54166666666667,14.975,0.0,9.458333333333334
2021-02-22,15.733333333333334,77.91666666666667,14.516666666666666,0.0,5.125
2021-02-23,16.929166666666667,68.625,12.491666666666667,0.0,0.20833333333333334
2021-02-24,16.462500000000002,85.5,7.845833333333334,0.0,36.583333333333336
2021-02-25,15.125,89.45833333333333,9.4625,0.0,57.708333333333336
2021-02-26,16.04583333333333,85.16666666666667,12.637500000000001,0.0,30.083333333333332
2021-02-27,16.566666666666666,84.29166666666667,13.820833333333333,0.0,38.416666666666664
2021-02-28,17.595833333333335,79.58333333333333,14.954166666666666,0.0,6.833333333333333
2021-03-01,17.900000000000002,84.58333333333333,11.633333333333333,0.0,46.166666666666664
2021-03-02,16.370833333333334,89.75,5.354166666666667,0.0,87.75
2021-03-03,17.087500000000002,84.91666666666667,10.725,0.0,50.166666666666664
2021-03-04,18.05,84.54166666666667,12.9625,0.0,24.875
2021-03-05,15.329166666666666,90.41666666666667,11.904166666666667,0.0,53.208333333333336
2021-03-06,15.729166666666666,86.875,8.775,0.0,51.0
2021-03-07,17.599999999999998,89.29166666666667,13.920833333333334,0.0,23.833333333333332
2021-03-08,19.0625,66.25,13.262500000000001,0.0,0.08333333333333333
2021-03-09,15.616666666666667,86.125,8.029166666666667,0.0,55.916666666666664
2021-03-10,15.575000000000001,96.5,11.204166666666666,8.1,94.29166666666667
2021-03-11,15.695833333333333,80.16666666666667,14.220833333333333,0.0,15.333333333333334
2021-03-12,15.541666666666666,82.125,7.05,0.0,6.583333333333333
2021-03-13,15.0375,86.79166666666667,9.504166666666666,0.0,15.666666666666666
2021-03-14,13.6875,91.33333333333333,8.5375,0.0,99.08333333333333
2021-03-15,14.358333333333334,86.25,7.466666666666666,0.1,95.625
2021-03-16,14.637500000000001,83.58333333333333,7.345833333333334,0.1,81.875
2021-03-17,15.191666666666668,84.875,7.420833333333333,0.0,20.916666666666668
2021-03-18,14.4,86.0,7.620833333333334,0.0,59.25
2021-03-19,14.995833333333332,84.83333333333333,7.720833333333334,0.0,56.5
2021-03-20,15.408333333333333,80.75,11.262500000000001,0.2,59.583333333333336
2021-03-21,15.658333333333333,81.125,7.279166666666666,0.0,13.458333333333334
2021-03-22,15.487499999999999,82.45833333333333,9.341666666666667,0.0,10.0
2021-03-23,15.241666666666667,84.04166666666667,15.287500000000001,0.0,17.291666666666668
2021-03-24,15.137500000000001,78.08333333333333,14.941666666666668,0.0,33.875
2021-03-25,13.825000000000001,75.95833333333333,13.108333333333334,0.0,34.125
2021-03-26,14.908333333333333,79.04166666666667,12.116666666666667,0.0,0.041666666666666664
2021-03-27,16.3125,66.33333333333333,13.137500000000001,0.0,23.416666666666668
2021-03-28,14.883333333333333,80.95833333333333,6.041666666666667,0.0,23.75
2021-03-29,13.483333333333334,86.66666666666667,9.875,0.0,58.666666666666664
2021-03-30,13.366666666666667,90.875,6.620833333333334,0.0,73.41666666666667
2021-03-31,14.004166666666668,89.45833333333333,7.816666666666666,0.0,65.875
2021-04-01,14.120833333333332,90.45833333333333,9.404166666666667,0.0,46.708333333333336
2021-04-02,13.9625,87.91666666666667,10.700000000000001,0.0,27.916666666666668
2021-04-03,13.9625,86.16666666666667,7.3125,0.0,5.041666666666667
2021-04-04,12.808333333333332,90.16666666666667,12.154166666666667,0.0,85.58333333333333
2021-04-05,14.508333333333333,85.125,18.425,0.1,96.45833333333333
2021-04-06,14.845833333333333,86.625,11.487499999999999,3.6,99.45833333333333
2021-04-07,14.370833333333332,91.54166666666667,5.529166666666666,0.0,52.25
2021-04-08,13.275,96.33333333333333,9.237499999999999,3.1999999999999997,81.45833333333333
2021-04-09,12.512500000000001,87.45833333333333,11.691666666666668,0.0,84.83333333333333
2021-04-10,12.508333333333333,82.875,10.529166666666667,0.0,36.583333333333336
2021-04-11,14.333333333333334,77.04166666666667,14.904166666666667,0.0,0.20833333333333334
2021-04-12,14.950000000000001,88.75,10.862499999999999,0.0,23.208333333333332
2021-04-13,14.841666666666667,86.125,10.395833333333334,0.0,11.916666666666666
2021-04-14,14.429166666666667,90.79166666666667,12.075000000000001,0.0,61.916666666666664
2021-04-15,14.1625,87.79166666666667,10.700000000000001,0.0,35.208333333333336
2021-04-16,14.0,84.58333333333333,8.625,0.0,57.166666666666664
2021-04-17,12.516666666666666,87.08333333333333,10.4,0.0,72.5
2021-04-18,13.237499999999999,90.08333333333333,7.808333333333334,0.0,53.583333333333336
2021-04-19,14.304166666666667,91.375,17.295833333333334,0.0,79.79166666666667
2021-04-20,14.341666666666667,87.79166666666667,16.166666666666668,20.1,86.58333333333333
2021-04-21,14.0625,87.41666666666667,12.908333333333333,2.5,61.541666666666664
2021-04-22,12.541666666666666,84.29166666666667,8.908333333333333,0.0,53.541666666666664
2021-04-23,11.916666666666666,88.08333333333333,6.745833333333334,0.0,21.666666666666668
2021-04-24,12.870833333333332,89.45833333333333,9.700000000000001,0.0,24.541666666666668
2021-04-25,12.504166666666668,88.45833333333333,9.783333333333333,0.0,22.708333333333332
2021-04-26,12.758333333333333,90.66666666666667,8.141666666666667,0.0,30.208333333333332
2021-04-27,12.783333333333333,91.79166666666667,8.083333333333334,0.0,51.916666666666664
2021-04-28,13.516666666666666,91.29166666666667,9.762500000000001,0.0,65.5
2021-04-29,12.1625,95.54166666666667,4.7250000000000005,0.0,95.375
2021-04-30,12.891666666666667,89.04166666666667,17.154166666666665,6.0,96.33333333333333
2021-05-01,13.641666666666666,90.33333333333333,23.754166666666666,23.0,100.0
2021-05-02,13.179166666666667,95.91666666666667,6.875,14.3,100.0
2021-05-03,12.854166666666666,79.70833333333333,10.475,0.0,93.91666666666667
2021-05-04,12.058333333333332,74.33333333333333,10.3625,0.0,22.708333333333332
2021-05-05,11.966666666666667,87.20833333333333,7.483333333333333,0.0,0.16666666666666666
2021-05-06,11.775,88.04166666666667,6.1375,0.0,49.583333333333336
2021-05-07,11.075000000000001,94.04166666666667,8.466666666666667,0.1,95.58333333333333
2021-05-08,11.970833333333333,92.16666666666667,8.583333333333334,0.2,45.291666666666664
2021-05-09,11.970833333333333,82.79166666666667,10.195833333333333,0.0,13.625
2021-05-10,9.924999999999999,78.16666666666667,8.775,0.0,13.666666666666666
2021-05-11,10.35,82.58333333333333,7.508333333333333,0.0,26.875
2021-05-12,10.354166666666666,86.33333333333333,8.133333333333333,0.0,40.291666666666664
2021-05-13,10.733333333333334,90.66666666666667,6.591666666666666,0.0,67.79166666666667
2021-05-14,12.595833333333333,93.45833333333333,7.075,0.0,75.66666666666667
2021-05-15,11.170833333333334,91.04166666666667,8.658333333333333,0.0,35.333333333333336
2021-05-16,10.404166666666667,84.91666666666667,8.137500000000001,0.0,49.5
2021-05-17,10.895833333333334,88.83333333333333,5.75,0.0,95.54166666666667
2021-05-18,11.575000000000001,88.08333333333333,20.75,1.0,93.20833333333333
2021-05-19,12.891666666666666,90.70833333333333,28.704166666666666,28.7,96.5
2021-05-20,11.479166666666666,83.29166666666667,8.416666666666666,0.2,34.75
2021-05-21,10.229166666666666,91.91666666666667,8.195833333333333,5.4,55.25
2021-05-22,9.920833333333333,92.125,7.625,0.0,41.208333333333336
2021-05-23,9.854166666666666,86.375,10.433333333333334,0.0,17.166666666666668
2021-05-24,11.641666666666666,92.04166666666667,7.8875,0.0,48.625
2021-05-25,12.141666666666666,93.66666666666667,8.745833333333334,0.0,43.958333333333336
2021-05-26,12.9,96.125,5.4125000000000005,0.4,85.70833333333333
2021-05-27,13.516666666666666,96.79166666666667,14.845833333333333,10.4,92.58333333333333
2021-05-28,11.941666666666668,88.5,9.079166666666667,3.7,65.45833333333333
2021-05-29,9.625,88.33333333333333,9.333333333333334,0.0,64.54166666666667
2021-05-30,9.966666666666667,88.95833333333333,7.983333333333333,0.4,81.04166666666667
2021-05-31,14.012500000000001,97.95833333333333,15.212499999999999,47.8,99.83333333333333
2021-06-01,14.275,97.54166666666667,15.620833333333332,37.0,99.04166666666667
2021-06-02,12.941666666666668,94.25,5.920833333333333,1.9,95.66666666666667
2021-06-03,14.079166666666666,97.04166666666667,9.1,4.3,99.75
2021-06-04,12.1875,91.875,9.891666666666667,0.1,77.33333333333333
2021-06-05,9.424999999999999,85.29166666666667,9.262500000000001,0.0,60.166666666666664
2021-06-06,9.029166666666667,83.20833333333333,7.066666666666666,0.0,74.08333333333333
2021-06-07,8.975,81.75,11.845833333333333,0.0,59.291666666666664
2021-06-08,12.708333333333334,89.54166666666667,26.3625,23.400000000000002,99.70833333333333
2021-06-09,12.858333333333334,88.54166666666667,13.491666666666667,11.8,69.125
2021-06-10,11.025,89.33333333333333,6.9125000000000005,1.2,57.0
2021-06-11,11.5625,90.83333333333333,8.875,0.0,34.75
2021-06-12,12.216666666666667,94.45833333333333,7.395833333333333,0.0,50.083333333333336
2021-06-13,11.983333333333334,89.08333333333333,11.012500000000001,0.4,99.33333333333333
2021-06-14,10.145833333333334,54.583333333333336,14.391666666666666,0.0,96.375
2021-06-15,10.291666666666666,63.583333333333336,14.654166666666667,0.30000000000000004,93.70833333333333
2021-06-16,12.066666666666668,79.25,11.533333333333333,0.4,56.458333333333336
2021-06-17,10.529166666666667,83.33333333333333,6.675,0.0,11.291666666666666
2021-06-18,8.629166666666666,91.04166666666667,6.4375,0.0,16.958333333333332
2021-06-19,9.0625,91.375,7.354166666666667,0.0,63.875
2021-06-20,8.745833333333334,83.625,12.616666666666667,0.0,81.58333333333333
2021-06-21,11.658333333333333,88.625,24.8625,17.4,92.45833333333333
2021-06-22,12.954166666666666,92.625,24.629166666666666,1.2,99.41666666666667
2021-06-23,11.554166666666667,86.75,16.508333333333333,11.0,82.41666666666667
2021-06-24,11.174999999999999,89.41666666666667,24.458333333333332,28.599999999999998,99.45833333333333
2021-06-25,9.004166666666666,83.91666666666667,12.483333333333334,0.1,38.208333333333336
2021-06-26,5.604166666666667,86.08333333333333,8.683333333333334,0.0,3.5833333333333335
2021-06-27,5.441666666666666,77.95833333333333,9.083333333333334,0.0,0.9583333333333334
2021-06-28,6.7250000000000005,70.41666666666667,9.275,0.0,24.916666666666668
2021-06-29,6.820833333333333,85.625,7.3125,0.0,91.625
2021-06-30,9.970833333333333,87.45833333333333,9.2125,0.0,78.54166666666667
2021-07-01,10.770833333333334,89.91666666666667,9.737499999999999,1.5,60.791666666666664
2021-07-02,7.591666666666666,82.875,9.691666666666666,0.0,3.9583333333333335
2021-07-03,9.570833333333333,83.70833333333333,7.875,0.0,0.3333333333333333
2021-07-04,8.691666666666666,91.41666666666667,7.4125000000000005,0.0,46.916666666666664
2021-07-05,7.816666666666666,95.16666666666667,7.258333333333333,0.0,94.0
2021-07-06,10.654166666666667,83.95833333333333,17.55,0.9,81.79166666666667
2021-07-07,10.704166666666666,87.20833333333333,10.495833333333334,0.2,86.45833333333333
2021-07-08,10.241666666666667,92.79166666666667,15.379166666666668,16.7,97.70833333333333
2021-07-09,10.579166666666667,88.0,13.304166666666667,10.9,42.666666666666664
2021-07-10,7.4875,84.04166666666667,10.762500000000001,0.0,1.8333333333333333
2021-07-11,5.841666666666666,89.70833333333333,7.158333333333334,0.0,17.625
2021-07-12,5.666666666666667,90.625,7.733333333333333,0.0,23.041666666666668
2021-07-13,5.804166666666667,91.95833333333333,7.066666666666666,0.0,27.125
2021-07-14,6.3500000000000005,91.04166666666667,6.741666666666667,0.0,39.291666666666664
2021-07-15,8.0625,91.125,7.9875,0.0,32.416666666666664
2021-07-16,9.225,81.25,12.887500000000001,1.2000000000000002,32.083333333333336
2021-07-17,7.0125,75.95833333333333,14.129166666666668,0.0,1.2916666666666667
2021-07-18,9.854166666666666,64.875,11.9125,0.0,0.0
2021-07-19,8.424999999999999,79.25,8.875,0.0,37.125
2021-07-20,10.450000000000001,93.75,9.450000000000001,0.0,81.79166666666667
2021-07-21,9.799999999999999,93.5,5.25,0.0,99.16666666666667
2021-07-22,8.879166666666666,92.70833333333333,5.704166666666667,0.0,97.04166666666667
2021-07-23,9.541666666666666,89.375,8.554166666666667,0.0,87.33333333333333
2021-07-24,9.362499999999999,84.45833333333333,16.816666666666666,1.2,88.95833333333333
2021-07-25,10.604166666666666,91.75,19.616666666666667,26.4,83.5
2021-07-26,7.825,73.66666666666667,12.658333333333333,0.0,4.166666666666667
2021-07-27,7.408333333333334,71.41666666666667,11.075000000000001,0.0,1.9583333333333333
2021-07-28,11.549999999999999,53.333333333333336,19.9875,0.0,0.25
2021-07-29,11.220833333333333,69.29166666666667,10.8375,0.0,5.833333333333333
2021-07-30,9.512500000000001,92.16666666666667,7.4875,0.0,87.5
2021-07-31,9.258333333333333,75.08333333333333,10.495833333333334,0.0,30.041666666666668
2021-08-01,8.779166666666667,74.66666666666667,9.216666666666667,0.0,0.0
2021-08-02,10.429166666666667,75.95833333333333,10.229166666666666,0.0,3.2083333333333335
2021-08-03,12.579166666666666,81.58333333333333,7.329166666666667,0.0,26.541666666666668
2021-08-04,9.8125,90.83333333333333,15.241666666666667,0.0,72.375
2021-08-05,11.1625,89.58333333333333,14.729166666666666,0.7000000000000001,99.625
2021-08-06,9.325000000000001,93.75,4.6000000000000005,0.6000000000000001,98.75
2021-08-07,9.954166666666667,82.08333333333333,9.729166666666666,0.0,68.33333333333333
2021-08-08,6.4125000000000005,82.29166666666667,7.308333333333334,0.0,43.541666666666664
2021-08-09,8.095833333333333,85.58333333333333,7.6499999999999995,0.0,0.0
2021-08-10,7.6375,84.75,6.720833333333334,0.0,10.125
2021-08-11,8.570833333333333,77.04166666666667,8.195833333333333,0.0,5.958333333333333
2021-08-12,7.779166666666666,88.125,7.4375,0.0,22.541666666666668
2021-08-13,9.112499999999999,88.79166666666667,6.0874999999999995,0.0,75.125
2021-08-14,7.808333333333334,87.375,7.370833333333334,0.0,78.41666666666667
2021-08-15,9.083333333333334,83.45833333333333,23.7375,8.7,99.91666666666667
2021-08-16,12.129166666666668,90.0,26.204166666666666,29.9,56.75
2021-08-17,11.270833333333334,92.25,22.120833333333334,18.2,97.20833333333333
2021-08-18,12.004166666666668,91.41666666666667,21.0,20.099999999999998,94.08333333333333
2021-08-19,10.283333333333333,86.66666666666667,22.604166666666668,16.9,57.958333333333336
2021-08-20,9.495833333333334,84.25,11.75,4.7,89.41666666666667
2021-08-21,10.975,85.79166666666667,39.99583333333333,35.6,89.75
2021-08-22,9.166666666666666,81.83333333333333,9.366666666666667,0.6000000000000001,37.291666666666664
2021-08-23,7.991666666666667,76.08333333333333,10.341666666666667,0.0,47.458333333333336
2021-08-24,7.154166666666666,68.29166666666667,14.366666666666667,0.0,10.291666666666666
2021-08-25,9.379166666666666,86.375,15.195833333333333,14.8,82.79166666666667
2021-08-26,10.15,84.875,12.216666666666667,3.6,67.625
2021-08-27,9.4,88.45833333333333,15.783333333333333,6.7,91.375
2021-08-28,11.129166666666668,90.375,19.495833333333334,10.7,86.875
2021-08-29,11.237499999999999,94.95833333333333,8.104166666666666,0.0,100.0
2021-08-30,11.4375,89.70833333333333,8.137500000000001,0.30000000000000004,84.45833333333333
2021-08-31,10.875,88.33333333333333,11.658333333333333,0.1,55.458333333333336
2021-09-01,10.479166666666666,89.375,8.3375,0.0,11.125
2021-09-02,10.020833333333334,93.25,6.054166666666667,0.0,45.041666666666664
2021-09-03,9.854166666666666,86.16666666666667,6.704166666666667,0.2,71.29166666666667
2021-09-04,11.1,81.29166666666667,16.625,1.5,76.125
2021-09-05,11.254166666666668,91.70833333333333,11.233333333333334,3.4,68.70833333333333
2021-09-06,9.820833333333333,85.54166666666667,14.895833333333334,18.5,58.083333333333336
2021-09-07,9.633333333333333,85.58333333333333,7.370833333333334,2.3000000000000003,35.375
2021-09-08,10.0,85.83333333333333,10.9375,0.0,19.708333333333332
2021-09-09,11.045833333333334,87.79166666666667,8.129166666666666,0.0,65.45833333333333
2021-09-10,10.695833333333333,92.875,5.9750000000000005,0.0,96.66666666666667
2021-09-11,11.275,89.04166666666667,26.133333333333336,15.9,95.58333333333333
2021-09-12,10.066666666666666,84.875,27.895833333333332,27.6,72.66666666666667
2021-09-13,9.458333333333334,80.16666666666667,10.845833333333333,16.0,38.291666666666664
2021-09-14,9.233333333333333,76.29166666666667,13.320833333333333,0.0,11.333333333333334
2021-09-15,9.808333333333334,85.04166666666667,11.245833333333332,0.0,22.041666666666668
2021-09-16,10.125,88.0,14.466666666666667,0.0,10.291666666666666
2021-09-17,11.129166666666668,85.33333333333333,12.608333333333334,0.0,51.333333333333336
2021-09-18,10.545833333333333,81.29166666666667,15.075000000000001,0.0,48.25
2021-09-19,10.408333333333333,78.75,13.854166666666666,0.0,17.583333333333332
2021-09-20,11.008333333333333,79.875,10.579166666666667,0.0,4.458333333333333
2021-09-21,11.645833333333334,75.16666666666667,16.162499999999998,0.0,31.791666666666668
2021-09-22,11.7125,81.125,9.579166666666667,0.8,79.95833333333333
2021-09-23,11.4375,86.45833333333333,9.679166666666667,0.0,19.208333333333332
2021-09-24,12.091666666666667,87.58333333333333,9.279166666666667,0.0,16.25
2021-09-25,11.141666666666666,87.54166666666667,17.162499999999998,6.6,66.20833333333333
2021-09-26,10.020833333333334,79.54166666666667,15.045833333333334,0.0,14.458333333333334
2021-09-27,10.516666666666667,70.83333333333333,11.358333333333334,0.0,23.416666666666668
2021-09-28,10.791666666666666,78.75,7.191666666666666,0.0,22.583333333333332
2021-09-29,10.020833333333334,86.875,10.2125,3.6,45.125
2021-09-30,11.1,79.83333333333333,9.2125,1.7000000000000002,42.458333333333336
2021-10-01,11.1875,86.08333333333333,15.020833333333334,6.6,58.541666666666664
2021-10-02,9.895833333333334,72.0,16.879166666666666,0.6000000000000001,41.5
2021-10-03,10.191666666666666,78.0,14.200000000000001,0.0,3.5
2021-10-04,10.291666666666666,84.375,11.795833333333334,0.0,22.666666666666668
2021-10-05,11.691666666666668,81.95833333333333,12.1625,0.0,41.5
2021-10-06,12.0625,66.625,11.054166666666667,0.0,0.0
2021-10-07,11.9625,73.41666666666667,10.549999999999999,0.0,18.458333333333332
2021-10-08,12.441666666666668,83.29166666666667,11.8375,0.0,48.25
2021-10-09,11.958333333333334,88.75,10.033333333333333,0.0,20.083333333333332
2021-10-10,11.858333333333334,86.58333333333333,9.133333333333333,0.0,55.708333333333336
2021-10-11,12.995833333333332,83.58333333333333,9.733333333333333,0.0,44.666666666666664
2021-10-12,12.1625,85.83333333333333,11.612499999999999,0.0,66.29166666666667
2021-10-13,11.645833333333334,86.95833333333333,16.0625,12.2,90.91666666666667
2021-10-14,10.058333333333334,74.41666666666667,17.2125,4.9,19.541666666666668
2021-10-15,10.049999999999999,75.29166666666667,15.116666666666667,0.0,12.083333333333334
2021-10-16,11.158333333333333,82.875,15.4,0.0,38.375
2021-10-17,12.0625,83.58333333333333,12.9125,0.0,2.7083333333333335
2021-10-18,12.904166666666667,87.375,10.066666666666666,0.0,0.5833333333333334
2021-10-19,12.5625,89.79166666666667,7.0874999999999995,0.0,47.708333333333336
2021-10-20,12.0875,89.41666666666667,9.433333333333334,1.9000000000000001,100.0
2021-10-21,12.745833333333332,83.04166666666667,16.408333333333335,0.30000000000000004,70.20833333333333
2021-10-22,11.241666666666667,74.70833333333333,19.400000000000002,0.4,36.791666666666664
2021-10-23,11.045833333333334,78.20833333333333,15.049999999999999,0.0,28.583333333333332
2021-10-24,12.716666666666667,84.45833333333333,15.795833333333334,0.0,4.75
2021-10-25,13.554166666666667,83.45833333333333,17.058333333333334,0.0,8.958333333333334
2021-10-26,13.379166666666668,85.0,16.879166666666666,0.0,7.916666666666667
2021-10-27,13.779166666666667,85.75,10.308333333333334,0.0,49.0
2021-10-28,13.820833333333333,87.54166666666667,13.520833333333334,0.0,52.125
2021-10-29,14.095833333333333,83.16666666666667,17.483333333333334,0.1,81.91666666666667
2021-10-30,14.183333333333332,80.66666666666667,11.983333333333334,0.0,77.41666666666667
2021-10-31,13.033333333333333,90.25,8.770833333333334,0.0,72.0
2021-11-01,12.329166666666666,84.45833333333333,12.5625,0.0,73.5
2021-11-02,12.991666666666667,85.75,10.404166666666667,0.0,64.08333333333333
2021-11-03,12.2875,86.79166666666667,13.454166666666666,9.1,69.95833333333333
2021-11-04,12.641666666666666,69.75,18.175,0.1,15.208333333333334
2021-11-05,13.454166666666666,75.83333333333333,15.825000000000001,0.0,0.3333333333333333
2021-11-06,12.525,88.5,12.166666666666666,0.1,63.75
2021-11-07,13.491666666666667,84.04166666666667,14.670833333333334,0.0,25.833333333333332
2021-11-08,14.725,85.95833333333333,14.354166666666666,0.0,12.958333333333334
2021-11-09,13.108333333333334,90.70833333333333,11.808333333333332,0.0,70.0
2021-11-10,12.391666666666666,84.08333333333333,11.304166666666667,0.0,79.25
2021-11-11,12.966666666666667,88.33333333333333,9.195833333333333,0.1,97.91666666666667
2021-11-12,13.075000000000001,85.08333333333333,10.866666666666667,1.2,85.33333333333333
2021-11-13,12.2875,75.5,15.708333333333334,1.0,20.083333333333332
2021-11-14,12.829166666666666,75.08333333333333,15.429166666666667,0.0,27.166666666666668
2021-11-15,13.295833333333334,70.0,21.079166666666666,1.5,24.291666666666668
2021-11-16,15.408333333333333,59.458333333333336,18.337500000000002,0.0,0.0
2021-11-17,15.245833333333332,78.375,16.079166666666666,0.0,9.958333333333334
2021-11-18,14.995833333333332,80.875,17.7625,0.0,14.25
2021-11-19,14.608333333333334,84.25,8.966666666666667,0.0,41.041666666666664
2021-11-20,15.145833333333334,85.0,9.924999999999999,0.0,41.416666666666664
2021-11-21,16.099999999999998,81.83333333333333,14.85,0.0,13.291666666666666
2021-11-22,17.2625,75.95833333333333,15.829166666666666,0.0,26.75
2021-11-23,15.520833333333334,75.5,11.6,0.0,12.083333333333334
2021-11-24,14.208333333333334,83.70833333333333,14.15,0.6000000000000001,68.375
2021-11-25,15.475,81.625,14.65,0.0,8.0
2021-11-26,14.275,80.75,19.212500000000002,0.0,19.208333333333332
2021-11-27,13.991666666666667,71.125,20.904166666666665,0.0,18.625
2021-11-28,14.008333333333333,70.70833333333333,18.366666666666667,0.0,0.125
2021-11-29,14.775,76.125,17.270833333333332,0.0,9.291666666666666
2021-11-30,14.129166666666668,82.95833333333333,12.279166666666667,0.0,19.291666666666668
2021-12-01,13.183333333333332,80.125,16.191666666666666,0.0,51.333333333333336
2021-12-02,14.25,81.66666666666667,12.454166666666666,0.1,94.66666666666667
2021-12-03,14.204166666666666,78.20833333333333,13.645833333333334,0.0,22.708333333333332
2021-12-04,17.1375,73.75,14.5375,0.0,0.0
2021-12-05,18.495833333333334,70.16666666666667,9.754166666666666,0.0,0.625
2021-12-06,14.108333333333334,88.25,19.875,0.2,91.0
2021-12-07,14.920833333333334,79.91666666666667,13.4625,0.4,59.25
2021-12-08,16.520833333333332,80.91666666666667,11.016666666666666,0.0,2.2916666666666665
2021-12-09,20.291666666666668,68.0,15.520833333333334,0.0,25.208333333333332
2021-12-10,14.362499999999999,88.20833333333333,12.612499999999999,0.1,98.58333333333333
2021-12-11,13.737499999999999,80.625,13.583333333333334,1.6,73.91666666666667
2021-12-12,13.416666666666666,73.41666666666667,17.079166666666666,0.5,17.291666666666668
2021-12-13,13.866666666666667,75.75,15.5625,0.0,21.791666666666668
2021-12-14,14.458333333333334,78.54166666666667,16.033333333333335,0.0,8.625
2021-12-15,15.262500000000001,78.75,10.916666666666666,0.0,28.125
2021-12-16,15.262500000000001,82.20833333333333,11.166666666666666,0.30000000000000004,29.416666666666668
2021-12-17,15.145833333333334,78.33333333333333,13.008333333333333,0.5,32.916666666666664
2021-12-18,16.279166666666665,80.625,13.308333333333332,0.0,13.458333333333334
2021-12-19,17.404166666666665,81.75,14.0625,0.0,30.333333333333332
2021-12-20,18.099999999999998,75.125,14.683333333333332,0.0,0.4166666666666667
2021-12-21,18.1875,72.29166666666667,14.854166666666666,0.0,3.5416666666666665
2021-12-22,16.925,77.875,9.304166666666667,0.0,17.458333333333332
2021-12-23,15.674999999999999,81.375,14.4125,0.0,55.5
2021-12-24,17.870833333333334,75.79166666666667,14.845833333333333,0.0,15.791666666666666
2021-12-25,19.016666666666666,71.20833333333333,12.266666666666666,0.0,9.041666666666666
2021-12-26,19.587500000000002,69.0,9.979166666666666,0.0,35.375
2021-12-27,20.4875,69.70833333333333,13.645833333333334,0.0,53.083333333333336
2021-12-28,16.970833333333335,81.70833333333333,11.916666666666666,0.0,77.75
2021-12-29,14.704166666666667,86.75,10.295833333333333,1.4,100.0
2021-12-30,16.083333333333332,73.58333333333333,19.075,0.0,9.583333333333334
2021-12-31,15.0,76.70833333333333,17.912499999999998,0.0,0.20833333333333334
2022-01-01,15.095833333333333,86.91666666666667,12.858333333333334,2.3,61.125
2022-01-02,15.616666666666667,96.41666666666667,16.349999999999998,10.2,99.91666666666667
2022-01-03,16.366666666666667,94.04166666666667,11.525,1.4000000000000001,99.41666666666667
2022-01-04,17.0,82.16666666666667,15.008333333333333,0.0,41.833333333333336
2022-01-05,15.779166666666667,82.20833333333333,11.975,0.0,17.916666666666668
2022-01-06,16.462500000000002,83.58333333333333,14.829166666666666,0.0,32.166666666666664
2022-01-07,18.795833333333334,82.0,11.4375,0.0,10.083333333333334
2022-01-08,16.541666666666668,87.75,14.8375,0.2,71.08333333333333
2022-01-09,16.941666666666666,83.04166666666667,13.083333333333334,0.6000000000000001,63.916666666666664
2022-01-10,17.3625,85.875,9.879166666666666,0.0,10.833333333333334
2022-01-11,17.599999999999998,84.54166666666667,7.995833333333334,0.0,25.291666666666668
2022-01-12,15.895833333333334,83.75,11.670833333333334,0.0,33.875
2022-01-13,16.625,82.41666666666667,12.429166666666667,0.0,11.875
2022-01-14,17.7375,85.41666666666667,12.358333333333334,0.0,19.958333333333332
2022-01-15,17.7625,76.58333333333333,20.654166666666665,0.0,35.666666666666664
2022-01-16,15.716666666666667,69.66666666666667,17.9875,0.0,13.25
2022-01-17,14.470833333333333,58.666666666666664,18.6125,0.7000000000000001,21.666666666666668
2022-01-18,14.7875,59.875,17.691666666666666,0.0,45.916666666666664
2022-01-19,14.924999999999999,73.45833333333333,20.5,0.0,2.1666666666666665
2022-01-20,14.841666666666667,72.5,13.770833333333334,0.0,0.0
2022-01-21,15.054166666666667,80.5,10.608333333333333,0.0,1.0833333333333333
2022-01-22,15.220833333333333,84.66666666666667,16.429166666666667,3.1,69.33333333333333
2022-01-23,15.799999999999999,76.58333333333333,16.933333333333334,0.0,1.75
2022-01-24,16.995833333333334,77.625,16.891666666666666,0.0,1.2083333333333333
2022-01-25,16.791666666666668,80.70833333333333,11.8125,0.0,10.708333333333334
2022-01-26,16.166666666666668,85.83333333333333,8.829166666666667,0.0,34.916666666666664
2022-01-27,15.995833333333332,86.125,10.583333333333334,0.0,55.875
2022-01-28,16.241666666666667,86.54166666666667,10.495833333333334,1.4000000000000001,86.375
2022-01-29,15.75,86.375,12.170833333333334,0.0,60.083333333333336
2022-01-30,16.675,77.58333333333333,16.375,0.0,3.25
2022-01-31,16.658333333333335,67.41666666666667,14.941666666666668,0.0,0.0
2022-02-01,16.654166666666665,82.125,9.608333333333333,0.0,2.6666666666666665
2022-02-02,15.433333333333332,88.375,9.095833333333333,0.0,52.583333333333336
2022-02-03,16.741666666666667,85.25,10.758333333333333,0.0,65.29166666666667
2022-02-04,17.883333333333333,81.375,18.05,0.0,31.041666666666668
2022-02-05,17.945833333333333,77.95833333333333,16.033333333333335,0.0,1.1666666666666667
2022-02-06,19.308333333333334,71.66666666666667,12.0375,0.0,0.0
2022-02-07,17.141666666666666,84.58333333333333,11.725,0.0,35.875
2022-02-08,18.558333333333334,80.0,16.854166666666668,0.0,31.333333333333332
2022-02-09,17.620833333333334,76.25,14.920833333333334,0.0,7.75
2022-02-10,17.808333333333334,69.45833333333333,16.474999999999998,0.0,71.25
2022-02-11,16.429166666666667,58.208333333333336,13.608333333333334,0.0,0.0
2022-02-12,19.641666666666666,57.666666666666664,10.791666666666666,0.0,26.416666666666668
2022-02-13,15.666666666666666,83.16666666666667,18.241666666666667,0.1,89.79166666666667
2022-02-14,15.1625,83.16666666666667,9.345833333333333,0.0,70.75
2022-02-15,13.858333333333334,86.875,11.370833333333332,0.0,68.66666666666667
2022-02-16,16.979166666666668,77.04166666666667,12.029166666666667,0.0,0.25
2022-02-17,17.320833333333333,71.91666666666667,15.612499999999999,0.0,6.208333333333333
2022-02-18,15.870833333333332,76.16666666666667,17.974999999999998,0.0,6.791666666666667
2022-02-19,16.433333333333334,84.70833333333333,17.075,0.0,5.25
2022-02-20,15.933333333333332,79.54166666666667,17.1375,0.0,23.541666666666668
2022-02-21,16.15,74.875,10.6,0.0,53.625
2022-02-22,16.416666666666668,81.375,14.529166666666667,0.4,68.33333333333333
2022-02-23,15.4625,87.66666666666667,16.7625,1.1,93.29166666666667
2022-02-24,16.083333333333332,88.08333333333333,16.775000000000002,10.0,56.625
2022-02-25,15.775,90.41666666666667,7.208333333333333,0.0,49.75
2022-02-26,16.695833333333333,88.29166666666667,10.666666666666666,1.9,58.75
2022-02-27,16.304166666666667,78.625,14.691666666666668,0.2,8.583333333333334
2022-02-28,15.804166666666667,72.54166666666667,17.391666666666666,0.0,1.25
2022-03-01,16.400000000000002,76.33333333333333,18.620833333333334,0.0,3.5416666666666665
2022-03-02,18.558333333333334,79.75,19.458333333333332,0.0,5.0
2022-03-03,17.108333333333334,86.91666666666667,14.424999999999999,0.0,43.791666666666664
2022-03-04,16.462500000000002,74.875,18.041666666666668,0.0,31.291666666666668
2022-03-05,14.929166666666667,70.16666666666667,15.091666666666667,0.0,16.791666666666668
2022-03-06,15.15,79.70833333333333,13.229166666666666,1.7000000000000002,92.0
2022-03-07,15.208333333333334,85.0,11.758333333333333,0.4,45.375
2022-03-08,15.033333333333333,85.41666666666667,13.200000000000001,2.6,50.625
2022-03-09,15.954166666666666,69.70833333333333,17.729166666666668,0.0,38.0
2022-03-10,15.8375,76.04166666666667,14.9625,0.0,0.08333333333333333
2022-03-11,17.441666666666666,76.0,10.116666666666667,0.0,0.0
2022-03-12,15.754166666666668,86.08333333333333,7.2124999999999995,0.0,34.458333333333336
2022-03-13,17.729166666666668,80.29166666666667,8.795833333333333,0.0,22.041666666666668
2022-03-14,17.983333333333334,71.0,10.345833333333333,0.0,0.0
2022-03-15,16.537499999999998,81.91666666666667,8.262500000000001,0.0,24.0
2022-03-16,14.008333333333333,91.20833333333333,9.320833333333333,0.2,99.75
2022-03-17,16.05,74.91666666666667,14.783333333333333,0.0,30.875
2022-03-18,13.85,65.75,10.704166666666666,0.0,40.166666666666664
2022-03-19,15.183333333333332,70.25,9.545833333333333,0.0,75.70833333333333
2022-03-20,13.670833333333333,82.83333333333333,10.916666666666666,1.3,85.875
2022-03-21,14.808333333333332,85.95833333333333,11.054166666666667,0.30000000000000004,35.375
2022-03-22,14.387500000000001,77.79166666666667,15.820833333333333,0.0,5.0
2022-03-23,13.908333333333333,72.16666666666667,19.404166666666665,4.6,37.458333333333336
2022-03-24,13.808333333333332,66.70833333333333,16.295833333333334,0.0,0.7916666666666666
2022-03-25,15.85,71.33333333333333,10.933333333333332,0.0,0.0
2022-03-26,13.033333333333333,92.66666666666667,7.4375,0.30000000000000004,76.875
2022-03-27,13.654166666666667,85.0,10.2875,0.0,30.458333333333332
2022-03-28,13.737499999999999,77.95833333333333,10.783333333333333,0.0,9.625
2022-03-29,13.924999999999999,66.41666666666667,19.404166666666665,0.7000000000000001,25.333333333333332
2022-03-30,13.025,61.916666666666664,17.158333333333335,0.0,9.916666666666666
2022-03-31,12.375,79.16666666666667,10.237499999999999,0.0,19.208333333333332
2022-04-01,13.133333333333333,85.08333333333333,13.295833333333334,0.0,49.208333333333336
2022-04-02,13.791666666666666,91.08333333333333,13.270833333333334,2.3000000000000003,95.54166666666667
2022-04-03,12.495833333333332,69.45833333333333,16.508333333333333,0.0,13.25
2022-04-04,13.045833333333334,72.33333333333333,13.516666666666666,0.0,2.9583333333333335
2022-04-05,13.6,83.25,10.520833333333334,0.0,23.916666666666668
2022-04-06,13.570833333333333,85.375,12.866666666666667,0.0,32.666666666666664
2022-04-07,14.304166666666667,91.54166666666667,10.641666666666667,0.2,63.708333333333336
2022-04-08,13.045833333333334,91.20833333333333,11.070833333333333,0.0,53.708333333333336
2022-04-09,12.341666666666667,91.79166666666667,11.966666666666667,3.3,68.75
2022-04-10,11.420833333333334,84.91666666666667,14.004166666666668,1.9000000000000001,48.375
2022-04-11,11.012500000000001,82.0,11.141666666666666,0.30000000000000004,54.75
2022-04-12,12.799999999999999,77.66666666666667,11.679166666666667,0.0,36.75
2022-04-13,12.829166666666666,72.45833333333333,11.633333333333333,0.0,1.75
2022-04-14,11.670833333333334,90.75,6.7375,0.0,60.958333333333336
2022-04-15,11.966666666666667,88.16666666666667,6.608333333333333,0.6000000000000001,75.25
2022-04-16,11.895833333333334,87.41666666666667,6.108333333333333,0.0,6.583333333333333
2022-04-17,11.325000000000001,92.45833333333333,9.416666666666666,0.0,54.375
2022-04-18,11.854166666666666,92.70833333333333,6.1625000000000005,0.0,81.91666666666667
2022-04-19,12.316666666666668,93.75,9.795833333333333,9.0,93.08333333333333
2022-04-20,12.079166666666666,82.54166666666667,12.083333333333334,0.1,28.208333333333332
2022-04-21,11.1875,89.375,15.254166666666668,28.5,100.0
2022-04-22,13.016666666666666,96.125,10.483333333333333,6.7,96.54166666666667
2022-04-23,13.404166666666667,97.83333333333333,16.754166666666666,19.8,96.75
2022-04-24,13.229166666666666,93.45833333333333,27.241666666666664,38.199999999999996,83.41666666666667
2022-04-25,10.987499999999999,88.70833333333333,18.891666666666666,1.9,77.75
2022-04-26,12.354166666666666,83.875,23.491666666666664,29.099999999999998,72.875
2022-04-27,11.291666666666666,82.875,19.083333333333332,14.4,64.75
2022-04-28,9.433333333333334,83.45833333333333,10.804166666666667,0.0,20.0
2022-04-29,8.9625,83.45833333333333,9.15,0.0,33.083333333333336
2022-04-30,9.004166666666666,88.875,6.6125,0.0,54.25
2022-05-01,9.783333333333333,91.75,10.2125,0.0,47.208333333333336
2022-05-02,10.791666666666666,91.16666666666667,10.145833333333334,0.0,9.875
2022-05-03,11.045833333333334,86.91666666666667,9.083333333333334,0.0,27.0
2022-05-04,12.541666666666666,85.66666666666667,7.45,0.0,99.875
2022-05-05,12.262500000000001,93.83333333333333,5.2250000000000005,0.0,76.95833333333333
2022-05-06,11.458333333333334,93.70833333333333,9.862499999999999,0.0,35.75
2022-05-07,11.829166666666666,92.04166666666667,9.779166666666667,0.0,48.041666666666664
2022-05-08,12.0375,96.375,8.15,0.7,96.79166666666667
2022-05-09,13.054166666666667,94.58333333333333,6.129166666666666,1.1,100.0
2022-05-10,11.354166666666666,90.41666666666667,5.633333333333333,0.0,72.75
2022-05-11,10.729166666666666,92.91666666666667,5.170833333333333,0.0,93.16666666666667
2022-05-12,11.8375,94.875,8.758333333333333,26.3,84.45833333333333
2022-05-13,10.704166666666666,85.33333333333333,10.904166666666667,0.0,63.083333333333336
2022-05-14,9.854166666666666,78.08333333333333,6.891666666666667,0.0,58.166666666666664
2022-05-15,12.320833333333333,68.875,11.525,0.0,48.208333333333336
2022-05-16,11.4,71.25,11.016666666666666,0.0,10.041666666666666
2022-05-17,9.545833333333333,94.75,4.816666666666666,0.0,55.166666666666664
2022-05-18,10.120833333333334,90.29166666666667,10.533333333333333,0.0,100.0
2022-05-19,12.579166666666666,86.58333333333333,26.070833333333336,5.4,99.95833333333333
2022-05-20,12.633333333333333,88.08333333333333,16.558333333333334,15.8,33.375
2022-05-21,9.416666666666666,95.70833333333333,4.279166666666667,0.0,88.66666666666667
2022-05-22,11.791666666666666,92.95833333333333,18.325,40.0,99.95833333333333
2022-05-23,8.25,87.54166666666667,6.9750000000000005,1.1,98.95833333333333
2022-05-24,9.450000000000001,87.04166666666667,6.0125,0.1,96.41666666666667
2022-05-25,8.799999999999999,88.41666666666667,9.641666666666667,0.0,10.041666666666666
2022-05-26,6.6625000000000005,85.79166666666667,5.870833333333334,0.0,64.125
2022-05-27,6.120833333333334,82.83333333333333,8.429166666666667,0.0,81.83333333333333
2022-05-28,5.379166666666666,81.66666666666667,9.15,0.0,9.208333333333334
2022-05-29,4.95,81.95833333333333,7.879166666666666,0.0,27.708333333333332
2022-05-30,4.633333333333334,86.875,6.6375,0.0,4.708333333333333
2022-05-31,3.908333333333333,89.70833333333333,6.7749999999999995,0.0,19.25
2022-06-01,3.920833333333334,91.16666666666667,10.145833333333334,0.0,83.70833333333333
2022-06-02,8.408333333333333,79.875,14.441666666666668,2.2,81.625
2022-06-03,10.529166666666667,90.08333333333333,23.183333333333334,37.7,100.0
2022-06-04,11.516666666666666,91.5,18.470833333333335,63.9,100.0
2022-06-05,12.3125,88.625,22.47083333333333,9.7,100.0
2022-06-06,10.916666666666666,89.91666666666667,9.799999999999999,2.5,96.83333333333333
2022-06-07,11.299999999999999,92.75,15.179166666666667,6.3,99.70833333333333
2022-06-08,10.616666666666667,93.20833333333333,6.679166666666667,0.1,95.16666666666667
2022-06-09,10.112499999999999,83.91666666666667,9.933333333333334,1.0,74.25
2022-06-10,8.65,69.375,7.3875,0.0,28.5
2022-06-11,7.1499999999999995,89.29166666666667,6.983333333333333,0.0,70.16666666666667
2022-06-12,8.570833333333333,90.66666666666667,7.008333333333333,0.4,98.91666666666667
2022-06-13,7.95,89.75,9.887500000000001,0.0,98.625
2022-06-14,10.091666666666667,89.0,16.662499999999998,29.3,97.70833333333333
2022-06-15,9.075000000000001,93.66666666666667,6.229166666666667,0.4,49.375
2022-06-16,7.375,92.83333333333333,5.675000000000001,0.0,86.45833333333333
2022-06-17,9.887500000000001,88.41666666666667,10.4375,1.5,89.54166666666667
2022-06-18,7.7,84.54166666666667,7.320833333333333,0.0,93.25
2022-06-19,9.529166666666667,89.95833333333333,8.154166666666667,1.3,99.66666666666667
2022-06-20,10.341666666666667,94.33333333333333,9.25,5.9,100.0
2022-06-21,11.004166666666668,86.66666666666667,9.516666666666667,1.1,99.0
2022-06-22,8.483333333333333,83.79166666666667,15.4,5.7,99.54166666666667
2022-06-23,10.208333333333334,89.58333333333333,21.166666666666668,16.0,97.875
2022-06-24,10.137500000000001,92.08333333333333,5.391666666666667,0.8,64.08333333333333
2022-06-25,8.450000000000001,74.54166666666667,13.116666666666667,0.0,42.375
2022-06-26,9.604166666666666,92.29166666666667,9.995833333333334,5.300000000000001,87.04166666666667
2022-06-27,11.15,93.91666666666667,11.887500000000001,5.8,98.45833333333333
2022-06-28,11.879166666666668,90.33333333333333,26.22083333333333,6.3,100.0
2022-06-29,11.9125,91.75,19.379166666666666,25.3,64.375
2022-06-30,7.670833333333333,92.41666666666667,13.620833333333332,18.7,100.0
2022-07-01,10.137500000000001,82.16666666666667,21.570833333333336,17.5,49.125
2022-07-02,8.75,82.5,17.3125,9.9,62.916666666666664
2022-07-03,7.9624999999999995,86.375,12.629166666666668,8.6,63.666666666666664
2022-07-04,9.616666666666667,84.58333333333333,13.254166666666668,6.5,56.333333333333336
2022-07-05,10.770833333333334,87.20833333333333,25.65416666666667,25.4,100.0
2022-07-06,9.458333333333334,76.95833333333333,21.3625,13.2,68.125
2022-07-07,7.4875,81.91666666666667,7.441666666666666,0.1,31.958333333333332
2022-07-08,8.799999999999999,82.0,18.316666666666666,0.8,52.833333333333336
2022-07-09,10.441666666666666,87.91666666666667,28.054166666666664,45.699999999999996,94.45833333333333
2022-07-10,8.720833333333333,86.04166666666667,9.237499999999999,1.0,59.791666666666664
2022-07-11,7.929166666666667,84.75,9.916666666666666,1.3,66.5
2022-07-12,10.3375,82.91666666666667,18.333333333333332,29.4,100.0
2022-07-13,7.554166666666667,90.75,5.766666666666667,11.5,93.58333333333333
2022-07-14,4.966666666666667,92.41666666666667,12.549999999999999,5.8,82.875
2022-07-15,6.220833333333334,88.04166666666667,11.233333333333334,0.7000000000000001,76.75
2022-07-16,6.520833333333333,84.16666666666667,13.529166666666667,0.9,78.125
2022-07-17,9.804166666666667,87.25,20.129166666666666,37.5,88.91666666666667
2022-07-18,6.320833333333333,85.125,10.591666666666667,0.0,49.875
2022-07-19,5.829166666666667,88.04166666666667,9.866666666666667,0.0,25.75
2022-07-20,10.075000000000001,94.5,10.691666666666668,3.1999999999999997,92.0
2022-07-21,10.25,94.08333333333333,5.716666666666666,0.0,89.45833333333333
2022-07-22,11.720833333333333,93.79166666666667,10.845833333333333,1.0,99.91666666666667
2022-07-23,11.616666666666667,95.20833333333333,19.837500000000002,9.299999999999999,100.0
2022-07-24,11.633333333333333,94.83333333333333,20.349999999999998,7.6000000000000005,100.0
2022-07-25,11.950000000000001,87.70833333333333,28.504166666666666,11.9,97.04166666666667
2022-07-26,11.512500000000001,89.5,25.129166666666666,20.4,66.20833333333333
2022-07-27,10.520833333333334,89.625,12.395833333333334,8.6,38.833333333333336
2022-07-28,9.4625,87.91666666666667,10.0,0.0,1.6666666666666667
2022-07-29,8.716666666666667,87.25,7.75,0.0,25.833333333333332
2022-07-30,8.383333333333333,84.54166666666667,8.020833333333334,0.0,85.33333333333333
2022-07-31,8.887500000000001,88.70833333333333,6.520833333333333,0.0,92.91666666666667
2022-08-01,8.841666666666667,83.45833333333333,9.691666666666666,0.0,58.541666666666664
2022-08-02,7.1125,84.79166666666667,8.466666666666667,0.0,0.08333333333333333
2022-08-03,7.770833333333333,87.83333333333333,8.595833333333333,0.0,56.0
2022-08-04,9.3375,85.20833333333333,8.304166666666667,1.5,92.95833333333333
2022-08-05,10.991666666666667,95.33333333333333,11.741666666666667,10.4,100.0
2022-08-06,10.395833333333334,94.45833333333333,8.6625,24.9,100.0
2022-08-07,9.466666666666667,86.58333333333333,8.895833333333334,2.9000000000000004,62.208333333333336
2022-08-08,8.641666666666667,86.66666666666667,9.670833333333333,0.0,17.333333333333332
2022-08-09,8.554166666666667,80.95833333333333,8.387500000000001,0.0,96.54166666666667
2022-08-10,8.341666666666667,89.625,9.0375,0.0,56.833333333333336
2022-08-11,8.308333333333334,90.79166666666667,8.354166666666666,0.0,31.0
2022-08-12,10.7875,87.08333333333333,20.458333333333332,7.6,95.125
2022-08-13,11.691666666666668,90.58333333333333,27.441666666666666,16.1,98.79166666666667
2022-08-14,10.012500000000001,85.54166666666667,18.895833333333332,15.5,84.5
2022-08-15,8.512500000000001,82.29166666666667,18.675,17.4,78.70833333333333
2022-08-16,10.799999999999999,92.29166666666667,29.212500000000002,29.7,83.375
2022-08-17,8.15,80.625,12.483333333333334,0.8,23.5
2022-08-18,7.829166666666667,84.375,11.958333333333334,0.0,4.0
2022-08-19,10.095833333333333,82.91666666666667,10.120833333333334,0.0,37.75
2022-08-20,10.970833333333333,92.125,9.804166666666667,0.0,72.25
2022-08-21,13.029166666666667,77.08333333333333,9.6,0.0,2.625
2022-08-22,10.575000000000001,92.41666666666667,6.5249999999999995,0.1,72.08333333333333
2022-08-23,10.554166666666667,86.54166666666667,5.304166666666666,0.0,94.45833333333333
2022-08-24,9.65,89.58333333333333,8.6,0.6,63.083333333333336
2022-08-25,8.4375,85.375,9.945833333333333,0.0,23.375
2022-08-26,8.720833333333333,83.08333333333333,14.35,0.0,68.625
2022-08-27,9.295833333333333,76.91666666666667,13.375,0.0,8.25
2022-08-28,11.229166666666666,67.20833333333333,11.658333333333333,0.0,0.3333333333333333
2022-08-29,10.616666666666667,84.25,11.304166666666667,0.0,69.54166666666667
2022-08-30,10.700000000000001,88.25,9.341666666666667,0.5,99.91666666666667
2022-08-31,10.275,87.79166666666667,9.220833333333333,0.0,77.33333333333333
2022-09-01,10.483333333333333,83.95833333333333,11.65,0.0,20.541666666666668
2022-09-02,11.870833333333332,70.41666666666667,11.691666666666668,0.0,0.0
2022-09-03,11.533333333333333,79.75,10.408333333333333,0.0,11.125
2022-09-04,11.216666666666667,87.70833333333333,6.316666666666666,0.0,38.083333333333336
2022-09-05,10.604166666666666,88.0,6.266666666666667,0.0,81.04166666666667
2022-09-06,10.275,88.5,11.720833333333333,0.6000000000000001,47.666666666666664
2022-09-07,9.795833333333333,77.0,17.908333333333335,5.5,60.75
2022-09-08,7.754166666666666,79.70833333333333,9.512500000000001,0.2,22.0
2022-09-09,9.424999999999999,75.04166666666667,12.395833333333334,0.0,1.0
2022-09-10,8.975,82.70833333333333,6.3625,0.0,0.7916666666666666
2022-09-11,9.195833333333333,90.875,6.129166666666666,0.5,76.125
2022-09-12,9.275,88.125,8.408333333333333,0.0,47.708333333333336
2022-09-13,10.416666666666666,91.20833333333333,5.583333333333333,0.0,37.416666666666664
2022-09-14,9.35,92.54166666666667,7.429166666666667,0.0,73.91666666666667
2022-09-15,11.366666666666667,91.16666666666667,8.358333333333333,0.4,100.0
2022-09-16,11.670833333333334,90.83333333333333,20.504166666666666,7.9,100.0
2022-09-17,8.745833333333334,86.54166666666667,13.5,11.8,74.16666666666667
2022-09-18,7.675,75.70833333333333,11.008333333333333,0.0,6.958333333333333
2022-09-19,7.691666666666666,81.45833333333333,13.170833333333334,0.0,48.166666666666664
2022-09-20,8.804166666666667,79.125,13.045833333333334,3.7,44.916666666666664
2022-09-21,8.512500000000001,83.20833333333333,6.2124999999999995,3.3,59.541666666666664
2022-09-22,10.887500000000001,82.58333333333333,8.75,0.0,76.75
2022-09-23,12.004166666666668,86.91666666666667,14.129166666666668,0.0,52.666666666666664
2022-09-24,10.575000000000001,84.58333333333333,9.958333333333334,0.0,57.458333333333336
2022-09-25,10.4625,83.25,7.804166666666667,0.0,74.91666666666667
2022-09-26,11.045833333333334,88.625,11.575000000000001,2.0,81.41666666666667
2022-09-27,12.604166666666666,82.58333333333333,10.970833333333333,0.0,0.2916666666666667
2022-09-28,13.191666666666668,75.79166666666667,9.445833333333333,0.0,9.125
2022-09-29,11.358333333333334,91.04166666666667,9.391666666666667,0.1,85.5
2022-09-30,12.291666666666666,87.70833333333333,10.504166666666666,0.0,91.75
2022-10-01,12.875,88.45833333333333,6.104166666666667,0.0,54.708333333333336
2022-10-02,11.004166666666668,89.83333333333333,7.379166666666666,0.0,85.66666666666667
2022-10-03,11.3375,81.5,13.520833333333334,1.8,92.08333333333333
2022-10-04,11.404166666666667,91.04166666666667,11.291666666666666,12.700000000000001,80.25
2022-10-05,10.924999999999999,88.83333333333333,8.6875,0.2,84.54166666666667
2022-10-06,11.716666666666667,91.25,13.508333333333333,4.9,99.91666666666667
2022-10-07,11.883333333333333,91.45833333333333,14.995833333333332,9.8,91.875
2022-10-08,9.795833333333333,72.875,13.420833333333334,0.0,2.75
2022-10-09,12.041666666666666,63.041666666666664,15.166666666666666,0.0,0.0
2022-10-10,10.85,81.95833333333333,11.641666666666666,0.0,14.0
2022-10-11,10.533333333333333,81.0,15.604166666666666,0.0,29.083333333333332
2022-10-12,11.5375,77.875,19.775000000000002,0.1,71.41666666666667
2022-10-13,9.979166666666666,76.75,17.229166666666668,0.0,18.291666666666668
2022-10-14,11.645833333333334,83.125,14.345833333333333,0.0,0.125
2022-10-15,14.466666666666667,77.375,14.791666666666666,0.0,38.541666666666664
2022-10-16,12.116666666666667,86.45833333333333,18.587500000000002,0.0,75.0
2022-10-17,11.987499999999999,91.25,9.166666666666666,0.0,81.875
2022-10-18,12.279166666666667,86.54166666666667,9.979166666666666,21.3,61.875
2022-10-19,11.775,88.29166666666667,9.866666666666667,0.30000000000000004,54.791666666666664
2022-10-20,11.958333333333334,79.58333333333333,10.795833333333334,0.0,79.20833333333333
2022-10-21,12.137500000000001,78.16666666666667,16.041666666666668,0.2,28.916666666666668
2022-10-22,11.408333333333333,87.58333333333333,10.033333333333333,0.0,69.125
2022-10-23,11.020833333333334,72.66666666666667,9.491666666666667,0.0,68.54166666666667
2022-10-24,11.875,85.75,8.1,0.0,40.958333333333336
2022-10-25,12.683333333333332,86.66666666666667,13.358333333333334,0.1,95.33333333333333
2022-10-26,13.633333333333333,87.83333333333333,13.545833333333334,2.1,51.916666666666664
2022-10-27,12.85,83.04166666666667,12.820833333333333,0.0,40.75
2022-10-28,13.004166666666668,96.25,17.283333333333335,17.3,100.0
2022-10-29,12.629166666666668,91.04166666666667,20.091666666666665,7.0,85.75
2022-10-30,11.183333333333332,61.375,17.858333333333334,0.0,4.041666666666667
2022-10-31,16.120833333333334,43.375,22.570833333333336,0.0,0.0
2022-11-01,19.291666666666668,54.041666666666664,17.441666666666666,0.0,1.75
2022-11-02,13.458333333333334,84.5,12.075000000000001,0.0,24.75
2022-11-03,11.933333333333332,88.75,9.079166666666667,0.0,96.125
2022-11-04,12.104166666666666,82.91666666666667,7.845833333333334,0.0,91.95833333333333
2022-11-05,12.0625,84.58333333333333,8.141666666666667,0.30000000000000004,54.625
2022-11-06,12.549999999999999,84.29166666666667,13.1,0.0,59.291666666666664
2022-11-07,13.404166666666667,86.83333333333333,8.366666666666667,0.0,60.208333333333336
2022-11-08,14.958333333333334,83.70833333333333,16.179166666666667,0.6,95.20833333333333
2022-11-09,13.691666666666668,83.66666666666667,20.908333333333335,2.6,87.66666666666667
2022-11-10,13.408333333333333,87.16666666666667,15.570833333333333,1.8,97.375
2022-11-11,13.254166666666668,86.16666666666667,17.675,11.5,82.375
2022-11-12,13.204166666666666,85.20833333333333,16.583333333333332,4.2,71.20833333333333
2022-11-13,13.583333333333334,87.375,14.354166666666666,1.7000000000000002,60.041666666666664
2022-11-14,14.016666666666666,89.75,8.520833333333334,0.4,64.79166666666667
2022-11-15,14.9625,87.16666666666667,14.641666666666666,0.0,25.041666666666668
2022-11-16,15.241666666666667,87.83333333333333,13.579166666666667,0.0,25.541666666666668
2022-11-17,15.666666666666666,88.375,15.35,0.0,83.54166666666667
2022-11-18,16.037499999999998,85.58333333333333,17.908333333333335,0.0,11.083333333333334
2022-11-19,14.708333333333334,73.75,24.754166666666666,0.0,28.583333333333332
2022-11-20,15.266666666666666,74.0,17.7375,0.0,2.4583333333333335
2022-11-21,16.429166666666667,73.5,16.462500000000002,0.0,0.5
2022-11-22,15.766666666666666,82.0,17.045833333333334,0.0,27.958333333333332
2022-11-23,16.508333333333333,82.375,18.8625,0.0,19.0
2022-11-24,17.704166666666666,81.25,17.05,0.0,81.04166666666667
2022-11-25,17.483333333333334,74.29166666666667,9.208333333333334,0.0,27.125
2022-11-26,17.212500000000002,76.79166666666667,8.754166666666666,0.0,6.583333333333333
2022-11-27,13.904166666666667,92.41666666666667,11.066666666666668,0.0,95.20833333333333
2022-11-28,14.1,91.20833333333333,8.395833333333334,0.0,79.875
2022-11-29,15.225,84.33333333333333,14.929166666666667,0.0,84.375
2022-11-30,14.504166666666668,75.66666666666667,18.912499999999998,0.0,36.041666666666664
2022-12-01,14.758333333333333,74.625,13.816666666666668,0.0,0.0
2022-12-02,14.829166666666666,83.79166666666667,12.654166666666667,0.0,28.125
2022-12-03,16.020833333333332,83.5,17.233333333333334,0.0,42.125
2022-12-04,16.354166666666668,77.0,15.200000000000001,0.0,0.125
2022-12-05,15.641666666666666,84.875,13.991666666666667,0.0,13.875
2022-12-06,16.779166666666665,83.16666666666667,10.908333333333333,0.0,13.458333333333334
2022-12-07,15.0375,93.04166666666667,13.120833333333332,1.2,100.0
2022-12-08,16.791666666666668,95.75,15.654166666666667,4.5,100.0
2022-12-09,17.6375,90.45833333333333,8.241666666666667,0.2,86.83333333333333
2022-12-10,17.508333333333333,77.33333333333333,16.583333333333332,0.0,6.333333333333333
2022-12-11,17.337500000000002,71.125,21.212500000000002,0.0,0.4583333333333333
2022-12-12,16.404166666666665,70.91666666666667,19.599999999999998,0.0,4.0
2022-12-13,16.845833333333335,78.29166666666667,15.383333333333333,0.0,1.625
2022-12-14,16.908333333333335,81.75,20.170833333333334,0.0,24.583333333333332
2022-12-15,18.920833333333334,75.83333333333333,18.579166666666666,0.0,10.75
2022-12-16,17.041666666666668,76.70833333333333,17.816666666666666,0.0,0.5833333333333334
2022-12-17,16.287499999999998,76.25,17.741666666666667,0.0,16.875
2022-12-18,16.3125,80.0,14.299999999999999,0.0,41.5
2022-12-19,14.579166666666666,80.75,10.779166666666667,1.5,53.583333333333336
2022-12-20,15.920833333333334,82.08333333333333,12.808333333333332,0.1,65.45833333333333
2022-12-21,16.650000000000002,86.66666666666667,7.8625,0.0,60.25
2022-12-22,15.887500000000001,85.875,17.770833333333332,10.5,80.29166666666667
2022-12-23,15.770833333333334,69.66666666666667,23.070833333333336,0.0,13.208333333333334
2022-12-24,19.245833333333334,61.833333333333336,16.599999999999998,0.0,0.0
2022-12-25,19.775000000000002,59.25,18.962500000000002,0.0,30.041666666666668
2022-12-26,16.366666666666667,83.5,16.595833333333335,1.2000000000000002,89.08333333333333
2022-12-27,17.191666666666666,78.75,13.9625,0.0,3.625
2022-12-28,16.720833333333335,63.791666666666664,15.799999999999999,0.0,0.0
2022-12-29,18.395833333333332,69.41666666666667,11.950000000000001,0.0,0.0
2022-12-30,17.304166666666667,76.83333333333333,9.483333333333333,0.0,11.041666666666666
2022-12-31,15.204166666666666,85.79166666666667,16.391666666666666,0.0,67.5
2023-01-01,14.870833333333332,84.66666666666667,13.670833333333334,0.1,45.583333333333336
2023-01-02,15.708333333333334,75.625,18.795833333333334,0.0,17.583333333333332
2023-01-03,16.7375,73.45833333333333,16.845833333333335,0.0,0.5833333333333334
2023-01-04,18.9375,75.95833333333333,9.366666666666667,0.0,22.625
2023-01-05,16.058333333333334,85.95833333333333,15.008333333333333,0.1,76.70833333333333
2023-01-06,16.425,85.79166666666667,8.5375,0.0,63.833333333333336
2023-01-07,15.583333333333334,86.79166666666667,8.154166666666667,0.0,63.666666666666664
2023-01-08,15.158333333333333,89.41666666666667,11.154166666666667,0.0,70.45833333333333
2023-01-09,16.849999999999998,85.08333333333333,14.054166666666667,0.0,49.25
2023-01-10,17.620833333333334,72.5,17.616666666666667,0.0,32.625
2023-01-11,15.65,65.0,19.058333333333334,0.0,16.791666666666668
2023-01-12,15.637500000000001,74.20833333333333,16.804166666666667,0.0,12.791666666666666
2023-01-13,15.85,77.625,14.5625,0.0,12.791666666666666
2023-01-14,16.120833333333334,75.29166666666667,18.962500000000002,0.0,32.041666666666664
2023-01-15,16.412499999999998,75.70833333333333,14.729166666666666,0.0,18.166666666666668
2023-01-16,15.358333333333334,79.16666666666667,13.895833333333334,0.0,62.416666666666664
2023-01-17,14.625,85.91666666666667,8.441666666666666,0.0,11.875
2023-01-18,15.479166666666666,87.20833333333333,7.920833333333333,0.0,37.0
2023-01-19,14.025,88.20833333333333,12.3375,0.1,92.5
2023-01-20,16.066666666666666,79.0,12.516666666666666,0.0,52.833333333333336
2023-01-21,16.724999999999998,80.08333333333333,16.3625,0.0,2.9583333333333335
2023-01-22,18.4875,78.29166666666667,14.395833333333334,0.0,0.08333333333333333
2023-01-23,16.841666666666665,87.08333333333333,12.704166666666666,0.0,29.916666666666668
2023-01-24,17.395833333333332,76.08333333333333,19.412499999999998,8.3,35.5
2023-01-25,15.737499999999999,71.95833333333333,16.516666666666666,0.0,0.5
2023-01-26,16.358333333333334,78.29166666666667,15.520833333333334,0.0,5.333333333333333
2023-01-27,16.770833333333332,71.25,16.462500000000002,0.0,0.0
2023-01-28,18.087500000000002,72.66666666666667,13.512500000000001,0.0,0.25
2023-01-29,17.854166666666668,82.70833333333333,18.641666666666666,0.0,16.125
2023-01-30,18.454166666666666,81.54166666666667,19.570833333333333,0.0,11.666666666666666
2023-01-31,16.520833333333332,78.25,13.708333333333334,0.0,3.6666666666666665
2023-02-01,16.758333333333333,79.75,13.799999999999999,0.0,6.416666666666667
2023-02-02,18.8,68.83333333333333,18.020833333333332,0.0,0.0
2023-02-03,21.933333333333334,65.625,14.158333333333333,0.0,0.25
2023-02-04,15.775,91.45833333333333,12.158333333333333,0.0,90.54166666666667
2023-02-05,15.8375,92.5,7.8500000000000005,0.0,66.41666666666667
2023-02-06,17.895833333333332,82.33333333333333,12.495833333333332,0.0,20.458333333333332
2023-02-07,18.658333333333335,75.875,13.049999999999999,0.0,7.208333333333333
2023-02-08,17.283333333333335,83.125,12.5,0.0,2.9166666666666665
2023-02-09,17.275000000000002,85.58333333333333,14.908333333333333,0.0,9.166666666666666
2023-02-10,18.004166666666666,82.0,19.529166666666665,0.0,10.25
2023-02-11,17.129166666666666,81.79166666666667,14.220833333333333,0.0,8.333333333333334
2023-02-12,17.266666666666666,87.70833333333333,11.25,0.6000000000000001,38.833333333333336
2023-02-13,16.820833333333333,79.0,17.55,0.0,7.75
2023-02-14,17.154166666666665,70.91666666666667,20.412499999999998,0.0,41.5
2023-02-15,17.587500000000002,73.75,20.912499999999998,0.0,14.75
2023-02-16,16.016666666666666,68.08333333333333,15.745833333333332,0.0,32.458333333333336
2023-02-17,18.195833333333333,50.958333333333336,14.958333333333334,0.0,5.458333333333333
2023-02-18,16.704166666666666,53.916666666666664,9.020833333333334,0.0,6.708333333333333
2023-02-19,16.191666666666666,79.79166666666667,10.595833333333333,0.0,37.916666666666664
2023-02-20,17.337500000000002,69.25,12.337499999999999,0.0,1.6666666666666667
2023-02-21,17.316666666666666,62.375,12.870833333333332,0.0,0.0
2023-02-22,17.412499999999998,73.75,10.512500000000001,0.0,20.5
2023-02-23,18.145833333333332,76.91666666666667,15.933333333333332,0.0,7.083333333333333
2023-02-24,16.2875,82.70833333333333,14.183333333333332,0.0,33.25
2023-02-25,17.3625,73.66666666666667,18.108333333333334,0.0,34.083333333333336
2023-02-26,16.766666666666666,62.791666666666664,15.291666666666666,0.0,28.875
2023-02-27,17.070833333333333,71.5,12.666666666666666,0.0,0.0
2023-02-28,17.3125,78.375,15.604166666666666,0.0,8.708333333333334
2023-03-01,17.304166666666667,74.875,19.604166666666668,0.0,24.875
2023-03-02,17.400000000000002,75.25,18.445833333333333,0.0,42.166666666666664
2023-03-03,17.533333333333335,79.45833333333333,14.645833333333334,0.0,5.541666666666667
2023-03-04,17.804166666666667,71.70833333333333,12.3375,0.0,17.5
2023-03-05,17.662499999999998,74.41666666666667,15.116666666666667,0.0,2.7083333333333335
2023-03-06,15.6625,91.58333333333333,10.233333333333333,0.1,84.16666666666667
2023-03-07,15.604166666666666,89.83333333333333,8.575,0.1,99.66666666666667
2023-03-08,16.645833333333332,85.04166666666667,13.8375,0.1,87.625
2023-03-09,15.6,92.0,5.679166666666667,0.30000000000000004,99.20833333333333
2023-03-10,14.916666666666666,88.83333333333333,7.0375000000000005,0.0,47.791666666666664
2023-03-11,15.158333333333333,88.08333333333333,14.9375,0.0,50.333333333333336
2023-03-12,16.708333333333332,88.41666666666667,9.395833333333334,0.0,98.16666666666667
2023-03-13,17.270833333333332,78.20833333333333,11.525,0.1,26.875
2023-03-14,15.441666666666668,79.04166666666667,9.170833333333333,0.0,6.333333333333333
2023-03-15,16.537499999999998,80.875,7.695833333333333,0.0,6.458333333333333
2023-03-16,17.05,89.70833333333333,8.35,0.5,80.875
2023-03-17,16.870833333333334,84.95833333333333,6.5874999999999995,0.0,89.45833333333333
2023-03-18,17.4875,84.45833333333333,9.741666666666667,0.0,18.416666666666668
2023-03-19,17.35,79.95833333333333,11.4625,0.0,7.875
2023-03-20,15.341666666666667,69.20833333333333,8.558333333333334,0.0,20.0
2023-03-21,15.866666666666667,78.45833333333333,8.362499999999999,0.0,1.0833333333333333
2023-03-22,15.795833333333334,80.91666666666667,9.3125,0.0,21.041666666666668
2023-03-23,15.904166666666667,71.91666666666667,9.341666666666667,0.0,0.0
2023-03-24,15.954166666666666,79.08333333333333,11.5375,0.0,9.0
2023-03-25,16.829166666666666,69.41666666666667,12.620833333333332,0.0,0.0
2023-03-26,14.904166666666667,84.25,6.5625,0.0,60.0
2023-03-27,12.737499999999999,84.95833333333333,10.320833333333333,0.0,27.833333333333332
2023-03-28,14.070833333333333,83.66666666666667,11.904166666666667,0.6000000000000001,54.458333333333336
2023-03-29,13.366666666666667,72.54166666666667,15.0875,0.0,4.708333333333333
2023-03-30,13.008333333333333,69.04166666666667,12.104166666666666,0.0,18.208333333333332
2023-03-31,14.3375,66.16666666666667,10.958333333333334,0.0,20.916666666666668
2023-04-01,15.679166666666667,77.91666666666667,11.637500000000001,0.0,81.66666666666667
2023-04-02,14.758333333333333,87.33333333333333,11.512500000000001,2.5,59.541666666666664
2023-04-03,14.179166666666667,80.25,10.070833333333333,0.0,9.833333333333334
2023-04-04,13.191666666666668,77.66666666666667,7.608333333333333,0.0,23.708333333333332
2023-04-05,13.979166666666666,89.95833333333333,9.237499999999999,0.4,85.41666666666667
2023-04-06,15.266666666666666,83.875,10.975000000000001,0.7000000000000001,56.708333333333336
2023-04-07,14.341666666666667,72.875,10.008333333333333,0.0,91.83333333333333
2023-04-08,13.283333333333333,80.91666666666667,7.741666666666667,0.0,31.791666666666668
2023-04-09,13.5375,82.75,7.954166666666667,0.0,56.25
2023-04-10,15.991666666666667,92.33333333333333,9.033333333333333,0.0,99.58333333333333
2023-04-11,15.549999999999999,94.70833333333333,7.529166666666666,1.7,94.25
2023-04-12,13.945833333333333,96.20833333333333,5.954166666666667,0.0,98.0
2023-04-13,13.6625,95.125,6.795833333333333,3.8000000000000003,99.70833333333333
2023-04-14,14.104166666666666,90.875,8.516666666666667,0.0,70.20833333333333
2023-04-15,13.233333333333334,84.91666666666667,7.300000000000001,0.0,7.666666666666667
2023-04-16,12.329166666666666,85.08333333333333,11.549999999999999,0.0,50.0
2023-04-17,10.708333333333334,80.08333333333333,13.445833333333333,0.0,22.375
2023-04-18,11.0,80.29166666666667,9.366666666666667,0.0,91.70833333333333
2023-04-19,14.524999999999999,80.41666666666667,11.412500000000001,0.0,38.041666666666664
2023-04-20,12.6875,94.33333333333333,12.195833333333333,0.9,86.95833333333333
2023-04-21,13.904166666666667,91.875,9.575000000000001,0.5,77.33333333333333
2023-04-22,12.908333333333333,88.125,8.970833333333333,0.0,9.5
2023-04-23,12.075000000000001,93.0,5.779166666666666,0.0,57.0
2023-04-24,11.345833333333333,93.66666666666667,4.845833333333333,0.0,78.08333333333333
2023-04-25,11.283333333333333,91.66666666666667,5.4375,0.0,90.79166666666667
2023-04-26,13.420833333333334,87.54166666666667,6.45,0.0,99.83333333333333
2023-04-27,13.383333333333333,96.375,12.083333333333334,0.7000000000000001,100.0
2023-04-28,14.0375,94.0,35.604166666666664,60.1,99.75
2023-04-29,13.841666666666667,89.0,23.058333333333334,15.7,79.54166666666667
2023-04-30,12.25,80.29166666666667,10.512500000000001,1.4000000000000001,20.125
2023-05-01,10.345833333333333,81.70833333333333,9.379166666666666,0.0,12.416666666666666
2023-05-02,10.554166666666667,88.375,8.9375,0.0,2.0833333333333335
2023-05-03,9.466666666666667,91.08333333333333,6.558333333333334,0.0,43.333333333333336
2023-05-04,10.0,89.83333333333333,4.941666666666666,0.0,81.83333333333333
2023-05-05,11.566666666666668,94.58333333333333,6.991666666666667,0.0,46.5
2023-05-06,11.975,93.91666666666667,4.695833333333334,0.0,72.0
2023-05-07,12.358333333333334,91.54166666666667,7.75,0.0,45.041666666666664
2023-05-08,9.858333333333333,86.04166666666667,8.241666666666667,0.0,66.79166666666667
2023-05-09,12.195833333333333,83.25,8.15,0.0,79.08333333333333
2023-05-10,12.0375,86.04166666666667,6.766666666666667,0.0,80.29166666666667
2023-05-11,13.091666666666667,91.75,9.779166666666667,0.0,72.45833333333333
2023-05-12,14.141666666666666,92.83333333333333,9.7375,0.0,78.95833333333333
2023-05-13,14.241666666666667,90.04166666666667,9.441666666666666,0.0,92.91666666666667
2023-05-14,12.233333333333334,85.83333333333333,14.791666666666666,0.0,85.75
2023-05-15,13.995833333333332,93.54166666666667,14.604166666666666,0.4,98.08333333333333
2023-05-16,13.941666666666668,88.16666666666667,7.529166666666666,1.2,94.54166666666667
2023-05-17,11.741666666666667,80.83333333333333,7.25,1.8,81.54166666666667
2023-05-18,10.520833333333334,90.08333333333333,8.479166666666666,0.0,60.0
2023-05-19,11.204166666666666,88.70833333333333,10.783333333333333,0.0,8.041666666666666
2023-05-20,9.137500000000001,88.33333333333333,10.091666666666667,0.0,94.125
2023-05-21,12.025,91.875,26.941666666666666,61.7,99.375
2023-05-22,11.754166666666668,92.33333333333333,15.266666666666667,5.0,82.45833333333333
2023-05-23,12.754166666666668,83.5,18.525000000000002,19.8,47.291666666666664
2023-05-24,12.1875,89.08333333333333,17.599999999999998,30.400000000000002,68.79166666666667
2023-05-25,10.995833333333332,93.33333333333333,12.916666666666666,10.9,82.04166666666667
2023-05-26,11.454166666666666,85.20833333333333,14.012500000000001,9.8,96.79166666666667
2023-05-27,8.225,78.0,11.020833333333334,0.0,63.708333333333336
2023-05-28,6.925,89.25,6.016666666666667,0.0,95.45833333333333
2023-05-29,8.741666666666667,87.20833333333333,8.450000000000001,0.0,69.375
2023-05-30,10.883333333333333,90.08333333333333,7.358333333333333,8.7,87.83333333333333
2023-05-31,12.75,91.83333333333333,9.333333333333334,0.1,100.0
2023-06-01,10.908333333333333,93.08333333333333,18.3625,15.3,90.79166666666667
2023-06-02,13.0,93.91666666666667,13.924999999999999,3.3,51.0
2023-06-03,12.304166666666667,92.625,20.354166666666668,30.1,88.29166666666667
2023-06-04,10.095833333333333,83.54166666666667,12.091666666666667,0.0,77.58333333333333
2023-06-05,10.533333333333333,90.25,5.620833333333334,0.0,89.58333333333333
2023-06-06,13.316666666666668,91.29166666666667,10.679166666666667,7.199999999999999,99.66666666666667
2023-06-07,11.625,86.29166666666667,11.366666666666667,0.6,82.29166666666667
2023-06-08,13.683333333333332,93.54166666666667,32.041666666666664,44.2,100.0
2023-06-09,9.870833333333334,79.91666666666667,8.908333333333333,1.3,66.0
2023-06-10,8.545833333333333,83.58333333333333,9.5,0.2,20.916666666666668
2023-06-11,7.258333333333333,80.54166666666667,8.424999999999999,0.0,0.5
2023-06-12,7.908333333333334,73.375,12.85,0.0,0.75
2023-06-13,8.708333333333334,69.54166666666667,10.433333333333334,0.0,43.416666666666664
2023-06-14,9.9375,85.375,9.291666666666666,0.0,53.666666666666664
2023-06-15,10.375,92.08333333333333,9.9625,0.0,61.416666666666664
2023-06-16,9.5,77.66666666666667,9.112499999999999,0.0,50.166666666666664
2023-06-17,8.495833333333334,72.5,9.716666666666667,0.0,86.75
2023-06-18,7.883333333333333,79.29166666666667,8.395833333333334,0.0,100.0
2023-06-19,9.208333333333334,89.16666666666667,13.720833333333333,1.2,96.625
2023-06-20,11.549999999999999,87.95833333333333,11.041666666666666,0.7000000000000001,99.95833333333333
2023-06-21,12.116666666666667,93.66666666666667,20.154166666666665,14.7,100.0
2023-06-22,13.220833333333333,94.70833333333333,28.875,41.9,100.0
2023-06-23,14.137500000000001,96.66666666666667,29.09166666666667,37.2,100.0
2023-06-24,13.908333333333333,96.0,14.279166666666667,33.3,100.0
2023-06-25,13.758333333333333,95.54166666666667,24.1125,53.5,85.29166666666667
2023-06-26,12.012500000000001,90.95833333333333,15.362499999999999,8.6,89.79166666666667
2023-06-27,10.754166666666668,85.25,7.954166666666667,4.7,47.666666666666664
2023-06-28,9.008333333333333,83.125,14.441666666666668,0.0,84.79166666666667
2023-06-29,8.9375,85.83333333333333,5.508333333333333,0.0,82.625
2023-06-30,11.137500000000001,87.70833333333333,4.520833333333333,0.0,62.833333333333336
2023-07-01,10.575000000000001,94.83333333333333,11.079166666666666,0.4,100.0
2023-07-02,12.5625,93.875,16.333333333333332,28.7,80.08333333333333
2023-07-03,11.879166666666668,90.375,17.425,0.5,66.25
2023-07-04,11.554166666666667,87.29166666666667,19.395833333333332,20.2,81.70833333333333
2023-07-05,9.0625,89.375,7.2250000000000005,3.2,97.91666666666667
2023-07-06,9.516666666666667,89.875,6.075,0.9,52.416666666666664
2023-07-07,7.5375000000000005,90.29166666666667,14.141666666666666,6.4,98.58333333333333
2023-07-08,11.245833333333332,83.0,16.554166666666667,13.1,53.666666666666664
2023-07-09,7.979166666666667,87.20833333333333,6.004166666666666,0.0,28.291666666666668
2023-07-10,7.770833333333333,76.29166666666667,9.691666666666666,0.0,75.58333333333333
2023-07-11,8.420833333333333,87.91666666666667,9.620833333333334,10.7,84.0
2023-07-12,8.491666666666667,81.79166666666667,8.4875,0.1,35.416666666666664
2023-07-13,6.45,84.58333333333333,8.25,0.0,60.458333333333336
2023-07-14,8.362499999999999,83.16666666666667,10.279166666666667,0.0,85.25
2023-07-15,6.570833333333333,84.0,8.066666666666666,0.0,50.666666666666664
2023-07-16,6.691666666666666,76.83333333333333,9.208333333333334,0.0,87.33333333333333
2023-07-17,6.041666666666667,82.04166666666667,6.5375000000000005,0.1,55.666666666666664
2023-07-18,8.720833333333333,77.625,7.7,0.1,99.54166666666667
2023-07-19,11.816666666666668,86.08333333333333,13.658333333333333,2.9,100.0
2023-07-20,12.762500000000001,94.79166666666667,28.675,30.200000000000003,99.875
2023-07-21,12.266666666666666,91.0,21.316666666666666,17.7,88.5
2023-07-22,10.4,86.83333333333333,10.933333333333332,22.3,62.458333333333336
2023-07-23,7.933333333333334,91.0,7.795833333333333,0.0,78.16666666666667
2023-07-24,9.166666666666666,88.75,14.216666666666667,1.1,85.20833333333333
2023-07-25,11.329166666666666,86.25,15.708333333333334,3.3,59.583333333333336
2023-07-26,8.154166666666667,90.95833333333333,9.4,0.0,89.79166666666667
2023-07-27,9.979166666666666,89.625,5.4125000000000005,0.0,91.875
2023-07-28,10.266666666666667,93.79166666666667,7.120833333333334,0.0,99.625
2023-07-29,11.375,96.125,4.904166666666667,0.0,99.0
2023-07-30,12.591666666666667,95.625,6.5,0.0,99.70833333333333
2023-07-31,11.987499999999999,92.79166666666667,14.420833333333334,1.4,99.33333333333333
2023-08-01,12.083333333333334,88.95833333333333,9.220833333333333,0.7,42.25
2023-08-02,9.520833333333334,81.08333333333333,11.3375,0.0,18.541666666666668
2023-08-03,7.683333333333334,70.16666666666667,8.737499999999999,0.0,17.708333333333332
2023-08-04,9.325000000000001,60.416666666666664,10.529166666666667,0.0,35.958333333333336
2023-08-05,9.758333333333333,80.83333333333333,12.5875,0.0,87.45833333333333
2023-08-06,10.783333333333333,87.33333333333333,7.854166666666667,0.1,35.583333333333336
2023-08-07,9.6625,86.45833333333333,7.533333333333334,0.0,65.875
2023-08-08,9.141666666666667,93.75,4.291666666666667,0.0,93.41666666666667
2023-08-09,11.270833333333334,89.20833333333333,20.504166666666666,14.0,97.54166666666667
2023-08-10,11.133333333333333,85.04166666666667,19.479166666666668,42.4,63.625
2023-08-11,8.708333333333334,79.5,10.1,0.1,48.125
2023-08-12,8.829166666666667,80.83333333333333,9.887500000000001,0.0,47.166666666666664
2023-08-13,9.2125,88.875,8.570833333333333,0.0,77.33333333333333
2023-08-14,10.549999999999999,93.45833333333333,6.316666666666666,0.0,99.79166666666667
2023-08-15,11.762500000000001,95.29166666666667,17.041666666666668,8.2,100.0
2023-08-16,12.354166666666666,95.0,20.358333333333334,31.2,99.33333333333333
2023-08-17,10.533333333333333,83.95833333333333,10.808333333333332,6.1,30.166666666666668
2023-08-18,9.766666666666667,81.5,9.270833333333334,4.3,74.75
2023-08-19,12.391666666666666,93.04166666666667,25.520833333333332,36.0,100.0
2023-08-20,13.145833333333334,96.16666666666667,25.133333333333336,52.1,99.70833333333333
2023-08-21,12.65,88.08333333333333,21.316666666666666,11.4,99.0
2023-08-22,10.291666666666666,89.5,11.512500000000001,15.4,85.75
2023-08-23,9.466666666666667,85.25,11.720833333333333,18.7,68.375
2023-08-24,8.770833333333334,84.375,6.9375,6.300000000000001,45.541666666666664
2023-08-25,7.925,83.95833333333333,7.675,0.0,22.916666666666668
2023-08-26,7.2749999999999995,85.79166666666667,7.820833333333333,0.0,23.25
2023-08-27,8.795833333333333,82.16666666666667,7.2375,0.4,62.541666666666664
2023-08-28,10.658333333333333,89.33333333333333,14.1625,29.8,80.83333333333333
2023-08-29,9.387500000000001,79.54166666666667,9.7875,0.5,78.75
2023-08-30,11.104166666666666,77.70833333333333,15.491666666666667,13.899999999999999,47.166666666666664
2023-08-31,8.545833333333333,80.75,9.633333333333333,0.0,85.625
2023-09-01,10.987499999999999,89.25,9.041666666666666,1.5,98.91666666666667
2023-09-02,9.525,88.0,10.008333333333333,7.3,100.0
2023-09-03,9.304166666666667,76.04166666666667,10.354166666666666,0.8,60.666666666666664
2023-09-04,8.958333333333334,73.04166666666667,5.491666666666667,1.3,90.5
2023-09-05,10.020833333333334,87.41666666666667,18.929166666666667,31.700000000000003,99.08333333333333
2023-09-06,11.516666666666666,85.04166666666667,12.291666666666666,3.9,37.791666666666664
2023-09-07,10.558333333333334,86.41666666666667,12.920833333333334,18.400000000000002,91.125
2023-09-08,10.6875,86.79166666666667,6.158333333333334,0.30000000000000004,65.875
2023-09-09,12.520833333333334,91.79166666666667,20.370833333333334,24.5,95.29166666666667
2023-09-10,12.4375,94.25,19.966666666666665,32.7,99.95833333333333
2023-09-11,11.112499999999999,75.375,13.758333333333333,5.8999999999999995,17.625
2023-09-12,9.045833333333333,83.45833333333333,10.0625,0.0,6.166666666666667
2023-09-13,10.045833333333333,86.0,15.408333333333333,8.6,87.04166666666667
2023-09-14,12.879166666666668,95.75,16.962500000000002,33.4,100.0
2023-09-15,12.666666666666666,92.95833333333333,18.033333333333335,2.8000000000000003,100.0
2023-09-16,11.733333333333334,83.375,18.429166666666667,8.799999999999999,64.75
2023-09-17,8.445833333333333,78.125,11.795833333333334,0.2,9.5
2023-09-18,8.116666666666667,76.58333333333333,11.408333333333333,0.0,15.041666666666666
2023-09-19,10.137500000000001,67.5,10.700000000000001,0.0,87.41666666666667
2023-09-20,10.0,81.70833333333333,15.370833333333332,3.9000000000000004,94.54166666666667
2023-09-21,12.595833333333333,89.375,24.21666666666667,10.0,95.5
2023-09-22,11.825000000000001,85.5,17.104166666666668,3.1,82.58333333333333
2023-09-23,9.179166666666667,82.33333333333333,10.583333333333334,0.0,37.0
2023-09-24,9.866666666666667,79.25,11.595833333333333,0.0,6.25
2023-09-25,9.220833333333333,87.04166666666667,9.495833333333334,2.1,64.25
2023-09-26,9.504166666666666,80.54166666666667,13.433333333333332,0.2,41.125
2023-09-27,10.020833333333334,81.0,13.9,0.0,42.625
2023-09-28,11.6625,75.125,15.766666666666667,0.6,13.916666666666666
2023-09-29,14.308333333333332,59.583333333333336,13.420833333333334,0.0,0.0
2023-09-30,12.758333333333333,72.91666666666667,8.633333333333333,0.0,13.625
2023-10-01,10.408333333333333,83.83333333333333,9.924999999999999,0.0,87.5
2023-10-02,10.6625,82.125,8.170833333333333,0.30000000000000004,63.583333333333336
2023-10-03,10.295833333333333,86.25,9.75,0.1,44.375
2023-10-04,10.908333333333333,80.125,10.416666666666666,0.0,13.416666666666666
2023-10-05,10.083333333333334,79.83333333333333,11.616666666666667,0.0,33.666666666666664
2023-10-06,10.808333333333335,82.875,10.091666666666667,0.6000000000000001,20.75
2023-10-07,10.179166666666667,78.625,13.9125,0.0,27.375
2023-10-08,10.725,81.79166666666667,12.595833333333333,0.0,11.25
2023-10-09,11.049999999999999,81.95833333333333,13.133333333333333,0.0,71.70833333333333
2023-10-10,11.8375,73.0,18.291666666666668,0.0,57.833333333333336
2023-10-11,11.612499999999999,68.83333333333333,13.870833333333332,0.0,3.0
2023-10-12,11.258333333333333,79.45833333333333,11.358333333333334,0.0,0.08333333333333333
2023-10-13,11.549999999999999,79.95833333333333,11.120833333333332,0.0,37.041666666666664
2023-10-14,11.975,80.29166666666667,12.379166666666668,0.0,17.166666666666668
2023-10-15,11.416666666666666,75.625,19.008333333333333,0.0,16.666666666666668
2023-10-16,12.116666666666667,73.95833333333333,13.504166666666668,0.0,0.3333333333333333
2023-10-17,14.1625,68.70833333333333,9.754166666666666,0.0,0.0
2023-10-18,12.745833333333332,80.5,17.758333333333333,0.2,12.666666666666666
2023-10-19,12.825000000000001,80.95833333333333,12.125,0.0,78.04166666666667
2023-10-20,14.566666666666668,78.16666666666667,9.6875,0.0,90.45833333333333
2023-10-21,13.245833333333332,78.20833333333333,10.945833333333333,0.0,35.041666666666664
2023-10-22,12.933333333333332,79.625,12.045833333333334,0.0,4.791666666666667
2023-10-23,12.120833333333332,78.45833333333333,17.020833333333332,0.0,17.208333333333332
2023-10-24,12.716666666666667,78.70833333333333,15.295833333333334,0.0,15.375
2023-10-25,13.520833333333334,77.08333333333333,11.908333333333333,0.0,3.9583333333333335
2023-10-26,12.716666666666667,79.16666666666667,13.495833333333332,0.0,31.125
2023-10-27,11.520833333333334,87.95833333333333,21.416666666666668,6.7,83.66666666666667
2023-10-28,12.033333333333333,90.66666666666667,34.19166666666667,31.7,94.91666666666667
2023-10-29,9.879166666666666,77.33333333333333,22.45,18.3,62.5
2023-10-30,9.6,71.41666666666667,11.670833333333334,0.0,51.208333333333336
2023-10-31,9.65,74.625,12.879166666666668,0.0,30.041666666666668
2023-11-01,10.829166666666666,81.16666666666667,12.591666666666667,0.1,54.875
2023-11-02,11.529166666666667,82.79166666666667,12.470833333333333,0.0,11.083333333333334
2023-11-03,12.520833333333334,81.75,13.233333333333334,0.0,22.416666666666668
2023-11-04,12.1875,83.79166666666667,13.041666666666666,0.0,40.166666666666664
2023-11-05,12.554166666666667,84.16666666666667,11.7125,2.0,97.20833333333333
2023-11-06,12.225,87.0,13.883333333333333,6.3,100.0
2023-11-07,13.141666666666666,79.45833333333333,16.308333333333334,2.2,25.791666666666668
2023-11-08,13.129166666666668,81.0,15.1625,0.0,3.9583333333333335
2023-11-09,12.995833333333335,84.375,9.766666666666667,0.0,20.083333333333332
2023-11-10,11.845833333333333,77.45833333333333,16.133333333333333,0.8,86.75
2023-11-11,11.545833333333334,74.83333333333333,24.0625,11.9,63.708333333333336
2023-11-12,9.762500000000001,69.29166666666667,15.658333333333333,0.0,28.0
2023-11-13,10.508333333333333,75.54166666666667,14.541666666666666,0.0,5.375
2023-11-14,11.154166666666667,71.75,18.045833333333334,0.0,25.5
2023-11-15,10.554166666666667,72.83333333333333,13.408333333333333,0.0,25.541666666666668
2023-11-16,11.829166666666666,84.66666666666667,14.470833333333333,7.4,65.54166666666667
2023-11-17,12.454166666666666,82.70833333333333,24.620833333333334,15.2,81.5
2023-11-18,11.799999999999999,73.625,6.683333333333334,0.1,77.95833333333333
2023-11-19,12.020833333333334,83.45833333333333,10.329166666666667,0.0,45.041666666666664
2023-11-20,13.5,87.79166666666667,12.4,2.9,88.125
2023-11-21,12.704166666666666,78.0,16.9875,0.0,32.666666666666664
2023-11-22,13.316666666666665,74.08333333333333,17.816666666666666,0.0,13.958333333333334
2023-11-23,14.7125,75.45833333333333,13.991666666666667,0.0,0.041666666666666664
2023-11-24,14.275,85.20833333333333,11.191666666666668,0.0,28.375
2023-11-25,13.904166666666667,86.41666666666667,12.512500000000001,0.0,37.291666666666664
2023-11-26,14.8125,87.04166666666667,7.029166666666666,0.0,69.875
2023-11-27,13.520833333333334,87.20833333333333,15.633333333333333,1.9000000000000001,82.625
2023-11-28,13.691666666666668,81.79166666666667,15.825000000000001,0.0,24.625
2023-11-29,13.766666666666666,77.625,16.604166666666668,0.0,0.0
2023-11-30,14.2875,82.33333333333333,17.079166666666666,0.0,14.583333333333334
2023-12-01,13.779166666666667,83.875,12.366666666666667,4.2,87.04166666666667
2023-12-02,13.391666666666666,64.91666666666667,22.525000000000002,0.0,22.708333333333332
2023-12-03,13.291666666666666,67.83333333333333,19.325,0.0,0.0
2023-12-04,15.083333333333334,76.41666666666667,11.475,0.0,9.541666666666666
2023-12-05,13.516666666666666,86.08333333333333,10.445833333333333,0.30000000000000004,67.91666666666667
2023-12-06,15.0375,83.58333333333333,12.141666666666666,0.0,11.083333333333334
2023-12-07,16.1375,80.0,14.970833333333333,0.0,1.4583333333333333
2023-12-08,14.3125,76.70833333333333,24.625,0.0,42.708333333333336
2023-12-09,15.220833333333333,70.91666666666667,15.9125,0.0,0.875
2023-12-10,16.3875,66.83333333333333,18.458333333333332,0.0,33.375
2023-12-11,13.908333333333333,80.95833333333333,16.945833333333333,0.2,71.95833333333333
2023-12-12,15.091666666666667,74.58333333333333,18.875,0.0,47.791666666666664
2023-12-13,14.579166666666666,75.375,14.754166666666668,0.0,0.0
2023-12-14,13.2125,80.0,17.175,0.0,19.625
2023-12-15,13.220833333333333,76.41666666666667,11.670833333333334,0.0,57.666666666666664
2023-12-16,13.504166666666668,77.0,24.275000000000002,8.3,76.83333333333333
2023-12-17,13.1,76.0,16.095833333333335,1.4000000000000001,26.708333333333332
2023-12-18,13.666666666666666,68.58333333333333,16.933333333333334,0.0,10.375
2023-12-19,13.879166666666668,84.625,12.233333333333334,0.0,67.375
2023-12-20,14.775,81.04166666666667,10.983333333333334,0.1,52.25
2023-12-21,15.529166666666667,83.16666666666667,14.679166666666667,0.0,32.958333333333336
2023-12-22,16.854166666666668,78.66666666666667,16.745833333333334,0.0,37.25
2023-12-23,17.270833333333332,74.5,13.154166666666667,0.0,43.708333333333336
2023-12-24,17.066666666666666,69.04166666666667,12.75,0.0,1.125
2023-12-25,18.520833333333332,68.41666666666667,13.887500000000001,0.0,10.25
2023-12-26,16.920833333333334,79.75,12.395833333333334,0.0,55.333333333333336
2023-12-27,15.483333333333334,86.0,9.85,0.30000000000000004,93.75
2023-12-28,15.129166666666668,86.95833333333333,10.450000000000001,0.30000000000000004,78.41666666666667
2023-12-29,17.933333333333334,78.54166666666667,9.683333333333334,0.0,0.625
2023-12-30,15.829166666666666,84.75,19.25,0.5,49.333333333333336
2023-12-31,15.566666666666668,81.95833333333333,8.791666666666666,0.0,39.0
2024-01-01,16.504166666666666,81.33333333333333,12.975,0.0,32.583333333333336
2024-01-02,17.945833333333333,77.33333333333333,16.358333333333334,0.0,4.458333333333333
2024-01-03,18.041666666666668,76.125,14.362499999999999,0.0,50.666666666666664
2024-01-04,19.379166666666666,71.66666666666667,10.275,0.0,72.875
2024-01-05,17.104166666666668,83.83333333333333,10.491666666666667,0.0,52.666666666666664
2024-01-06,16.5625,83.45833333333333,13.887500000000001,0.0,43.25
2024-01-07,16.991666666666667,80.375,16.658333333333335,0.4,33.75
2024-01-08,16.633333333333333,69.58333333333333,18.9875,0.0,0.25
2024-01-09,16.533333333333335,69.625,17.008333333333333,0.0,0.8333333333333334
2024-01-10,16.75,69.66666666666667,13.825000000000001,0.0,0.25
2024-01-11,16.716666666666665,68.875,12.295833333333334,0.0,0.5833333333333334
2024-01-12,17.1875,72.0,13.620833333333332,0.0,55.416666666666664
2024-01-13,16.0,74.625,17.495833333333334,0.0,9.25
2024-01-14,16.795833333333334,66.70833333333333,17.6375,0.0,0.0
2024-01-15,16.650000000000002,77.29166666666667,16.033333333333335,0.0,1.25
2024-01-16,18.099999999999998,72.41666666666667,17.041666666666668,0.0,0.125
2024-01-17,16.466666666666665,74.95833333333333,20.304166666666667,0.0,34.708333333333336
2024-01-18,16.583333333333332,70.25,20.283333333333335,0.0,0.125
2024-01-19,16.920833333333334,72.25,17.366666666666667,0.0,8.375
2024-01-20,16.679166666666667,73.33333333333333,12.508333333333333,0.0,7.708333333333333
2024-01-21,17.224999999999998,72.375,8.679166666666667,0.0,9.875
2024-01-22,17.441666666666666,79.79166666666667,9.129166666666666,0.0,19.583333333333332
2024-01-23,15.325000000000001,85.95833333333333,8.424999999999999,0.0,45.041666666666664
2024-01-24,20.191666666666666,66.875,11.420833333333334,0.0,0.041666666666666664
2024-01-25,17.7,74.58333333333333,11.633333333333333,0.0,63.458333333333336
2024-01-26,15.229166666666666,86.54166666666667,11.120833333333332,0.0,97.08333333333333
2024-01-27,18.2625,78.58333333333333,11.375,0.0,23.541666666666668
2024-01-28,17.791666666666668,77.25,9.487499999999999,0.0,32.875
2024-01-29,18.175,69.25,10.299999999999999,0.0,15.583333333333334
2024-01-30,19.358333333333334,63.583333333333336,13.879166666666668,0.0,14.625
2024-01-31,20.3625,65.5,15.950000000000001,0.0,1.125
2024-02-01,19.8,74.04166666666667,19.041666666666668,0.0,22.416666666666668
2024-02-02,19.970833333333335,78.58333333333333,20.291666666666668,0.0,4.25
2024-02-03,19.599999999999998,67.625,19.966666666666665,0.0,0.20833333333333334
2024-02-04,17.629166666666666,74.95833333333333,12.299999999999999,0.0,1.75
2024-02-05,17.179166666666667,81.25,13.033333333333333,0.0,64.125
2024-02-06,18.695833333333333,87.20833333333333,9.825000000000001,0.2,70.83333333333333
2024-02-07,20.370833333333334,72.25,17.375,0.0,49.25
2024-02-08,18.120833333333334,64.91666666666667,12.85,0.0,32.708333333333336
2024-02-09,17.520833333333332,77.54166666666667,10.016666666666667,0.0,7.583333333333333
2024-02-10,16.258333333333333,83.58333333333333,11.020833333333334,0.0,31.416666666666668
2024-02-11,17.275000000000002,75.5,19.716666666666665,0.0,37.791666666666664
2024-02-12,18.375,68.66666666666667,13.8375,0.0,0.0
2024-02-13,18.866666666666667,68.83333333333333,11.741666666666667,0.0,3.2916666666666665
2024-02-14,15.799999999999999,86.5,12.970833333333333,0.0,85.0
2024-02-15,14.816666666666668,85.04166666666667,8.295833333333333,0.0,80.58333333333333
2024-02-16,15.9,83.91666666666667,13.5375,0.0,20.25
2024-02-17,18.658333333333335,69.16666666666667,19.6,0.0,5.541666666666667
2024-02-18,19.008333333333333,64.45833333333333,15.2125,0.0,0.0
2024-02-19,16.145833333333332,85.79166666666667,14.341666666666667,0.0,60.916666666666664
2024-02-20,16.270833333333332,79.66666666666667,8.320833333333333,0.1,57.5
2024-02-21,15.487499999999999,87.08333333333333,8.725,0.0,69.95833333333333
2024-02-22,16.375,77.875,10.154166666666667,1.5,64.79166666666667
2024-02-23,17.108333333333334,66.875,15.695833333333333,0.0,0.0
2024-02-24,17.724999999999998,62.625,10.091666666666667,0.0,10.75
2024-02-25,17.3125,69.25,13.158333333333333,0.0,64.54166666666667
2024-02-26,16.633333333333333,76.83333333333333,14.104166666666666,0.0,0.125
2024-02-27,16.370833333333334,82.70833333333333,14.758333333333333,0.0,28.125
2024-02-28,18.720833333333335,76.75,16.720833333333335,0.0,39.875
2024-02-29,17.2,73.0,12.929166666666667,0.0,10.5
2024-03-01,16.654166666666665,72.83333333333333,16.087500000000002,0.0,14.5
2024-03-02,17.454166666666666,64.25,17.058333333333334,0.0,0.0
2024-03-03,16.545833333333334,66.5,12.15,0.0,0.0
2024-03-04,16.287499999999998,69.16666666666667,10.704166666666666,0.0,0.0
2024-03-05,16.004166666666666,76.08333333333333,15.220833333333333,0.0,11.625
2024-03-06,15.733333333333333,73.08333333333333,15.420833333333334,0.0,20.041666666666668
2024-03-07,13.804166666666667,75.95833333333333,12.670833333333334,0.0,37.625
2024-03-08,14.054166666666667,88.625,14.383333333333333,6.0,58.833333333333336
2024-03-09,14.5875,80.25,13.174999999999999,0.0,5.375
2024-03-10,14.549999999999999,83.41666666666667,10.174999999999999,0.0,60.5
2024-03-11,13.979166666666666,90.25,12.424999999999999,0.4,51.125
2024-03-12,15.991666666666667,85.79166666666667,17.441666666666666,2.0,64.70833333333333
2024-03-13,14.941666666666668,73.5,11.454166666666666,0.0,0.7083333333333334
2024-03-14,15.525,74.125,16.608333333333334,0.0,5.708333333333333
2024-03-15,14.170833333333334,75.91666666666667,15.4625,0.0,1.75
2024-03-16,14.525,75.83333333333333,15.916666666666666,0.0,17.291666666666668
2024-03-17,13.991666666666667,72.25,15.083333333333334,0.0,37.708333333333336
2024-03-18,14.116666666666667,74.95833333333333,11.158333333333333,0.0,64.625
2024-03-19,14.979166666666666,82.75,11.345833333333333,0.0,72.625
2024-03-20,14.041666666666666,85.20833333333333,17.25,37.9,99.625
2024-03-21,15.270833333333334,68.91666666666667,12.341666666666667,0.0,61.916666666666664
2024-03-22,15.745833333333332,80.45833333333333,5.9125000000000005,0.0,65.41666666666667
2024-03-23,15.708333333333334,96.20833333333333,9.558333333333334,4.5,91.25
2024-03-24,15.799999999999999,89.875,10.795833333333334,0.0,72.83333333333333
2024-03-25,15.858333333333334,86.79166666666667,9.554166666666667,0.0,68.33333333333333
2024-03-26,17.3125,88.375,13.308333333333332,0.0,41.75
2024-03-27,16.245833333333334,87.0,11.104166666666666,0.0,29.208333333333332
2024-03-28,16.370833333333334,81.75,9.237499999999999,0.0,0.4583333333333333
2024-03-29,16.329166666666666,81.625,13.075000000000001,0.0,11.0
2024-03-30,15.620833333333335,56.958333333333336,13.016666666666666,0.0,81.95833333333333
2024-03-31,13.475,73.5,12.508333333333333,0.0,54.541666666666664
2024-04-01,12.65,77.79166666666667,8.979166666666666,0.0,68.16666666666667
2024-04-02,13.674999999999999,88.08333333333333,15.549999999999999,6.3,98.79166666666667
2024-04-03,12.991666666666667,84.45833333333333,9.887500000000001,0.0,21.375
2024-04-04,12.908333333333333,84.04166666666667,10.904166666666667,0.0,23.958333333333332
2024-04-05,13.441666666666668,86.16666666666667,10.245833333333334,0.0,23.291666666666668
2024-04-06,12.995833333333332,87.70833333333333,9.666666666666666,0.0,34.25
2024-04-07,13.875,86.04166666666667,10.691666666666668,0.0,51.291666666666664
2024-04-08,14.979166666666666,92.54166666666667,9.924999999999999,0.1,73.125
2024-04-09,14.216666666666667,73.41666666666667,9.679166666666665,0.0,81.75
2024-04-10,11.9625,74.79166666666667,6.491666666666667,0.5,42.916666666666664
2024-04-11,12.020833333333334,86.04166666666667,9.758333333333333,0.30000000000000004,30.0
2024-04-12,12.1875,90.25,4.666666666666667,0.0,53.583333333333336
2024-04-13,13.441666666666668,85.04166666666667,8.5375,0.0,33.833333333333336
2024-04-14,13.058333333333332,93.95833333333333,5.729166666666667,0.0,91.66666666666667
2024-04-15,13.154166666666667,91.79166666666667,9.579166666666667,0.30000000000000004,85.41666666666667
2024-04-16,14.420833333333334,90.5,15.729166666666666,3.9,90.375
2024-04-17,14.745833333333332,89.125,7.8374999999999995,0.0,52.708333333333336
2024-04-18,13.65,90.33333333333333,8.125,0.0,99.83333333333333
2024-04-19,13.429166666666667,81.29166666666667,11.495833333333332,0.0,93.95833333333333
2024-04-20,12.304166666666667,80.95833333333333,9.029166666666667,0.0,96.0
2024-04-21,12.5375,77.16666666666667,15.066666666666668,8.8,89.54166666666667
2024-04-22,12.516666666666666,82.5,11.7125,36.2,40.791666666666664
2024-04-23,10.691666666666668,83.29166666666667,10.416666666666666,0.0,0.3333333333333333
2024-04-24,11.158333333333333,88.04166666666667,11.341666666666667,6.6,57.625
2024-04-25,13.424999999999999,90.875,13.316666666666668,10.1,85.375
2024-04-26,11.929166666666667,81.04166666666667,8.625,3.4,41.041666666666664
2024-04-27,10.2625,83.54166666666667,6.716666666666666,0.1,11.125
2024-04-28,9.691666666666666,85.41666666666667,10.020833333333334,1.2000000000000002,69.625
2024-04-29,12.275,83.33333333333333,32.574999999999996,38.9,83.91666666666667
2024-04-30,10.641666666666667,80.54166666666667,15.745833333333332,10.299999999999999,88.79166666666667
2024-05-01,8.429166666666667,82.125,10.270833333333334,0.0,18.583333333333332
2024-05-02,7.679166666666667,85.5,10.570833333333333,0.0,22.0
2024-05-03,8.641666666666667,89.79166666666667,17.133333333333333,26.4,86.41666666666667
2024-05-04,12.4625,79.25,20.3,12.799999999999999,56.125
2024-05-05,10.487499999999999,82.125,7.420833333333333,3.5,58.916666666666664
2024-05-06,11.491666666666667,82.58333333333333,28.554166666666664,13.200000000000001,84.125
2024-05-07,9.862499999999999,79.45833333333333,12.058333333333332,23.6,56.916666666666664
2024-05-08,8.2125,81.29166666666667,9.016666666666667,0.0,20.75
2024-05-09,9.5375,86.08333333333333,10.875,0.0,66.54166666666667
2024-05-10,8.966666666666667,87.25,5.970833333333334,0.5,54.208333333333336
2024-05-11,8.233333333333333,90.04166666666667,6.6000000000000005,3.1,38.125
2024-05-12,6.8374999999999995,90.66666666666667,7.304166666666667,0.0,47.125
2024-05-13,6.7375,84.04166666666667,8.200000000000001,0.0,24.375
2024-05-14,6.566666666666666,81.79166666666667,7.466666666666666,0.0,6.916666666666667
2024-05-15,7.183333333333334,87.83333333333333,13.025,1.4000000000000001,69.70833333333333
2024-05-16,9.508333333333333,86.79166666666667,10.104166666666666,1.2,47.541666666666664
2024-05-17,7.433333333333334,89.83333333333333,6.558333333333334,0.0,5.0
2024-05-18,6.8500000000000005,90.91666666666667,4.879166666666666,0.0,55.041666666666664
2024-05-19,8.229166666666666,84.375,10.270833333333334,3.8,84.04166666666667
2024-05-20,10.612499999999999,89.20833333333333,9.529166666666667,11.2,77.04166666666667
2024-05-21,9.529166666666667,86.79166666666667,8.049999999999999,0.2,43.416666666666664
2024-05-22,7.4375,90.125,5.95,0.0,98.04166666666667
2024-05-23,6.7875000000000005,85.70833333333333,8.15,0.0,14.875
2024-05-24,6.779166666666666,85.04166666666667,10.4,0.0,96.125
2024-05-25,9.066666666666666,80.79166666666667,11.470833333333333,0.2,96.66666666666667
2024-05-26,10.045833333333333,85.625,9.879166666666666,0.0,69.08333333333333
2024-05-27,8.579166666666667,94.29166666666667,7.3500000000000005,0.0,73.95833333333333
2024-05-28,9.833333333333334,94.29166666666667,14.441666666666668,3.5,100.0
2024-05-29,12.208333333333334,93.5,14.504166666666668,4.5,99.95833333333333
2024-05-30,11.016666666666666,92.29166666666667,5.2250000000000005,0.0,99.58333333333333
2024-05-31,9.9375,93.33333333333333,9.245833333333334,8.3,97.08333333333333
2024-06-01,10.0375,84.91666666666667,9.566666666666666,0.6,45.083333333333336
2024-06-02,8.195833333333333,76.66666666666667,11.799999999999999,0.0,72.91666666666667
2024-06-03,9.054166666666667,84.04166666666667,8.366666666666667,0.6,91.83333333333333
2024-06-04,11.0625,76.25,14.541666666666666,5.8,93.75
2024-06-05,12.970833333333333,93.58333333333333,31.308333333333334,61.8,100.0
2024-06-06,14.091666666666667,97.625,18.454166666666666,16.9,100.0
2024-06-07,13.683333333333332,95.0,6.791666666666667,1.0,93.16666666666667
2024-06-08,12.408333333333333,95.20833333333333,26.25,31.8,96.83333333333333
2024-06-09,12.141666666666666,91.29166666666667,23.4375,15.4,80.45833333333333
2024-06-10,12.700000000000001,90.95833333333333,32.762499999999996,30.7,97.95833333333333
2024-06-11,13.408333333333333,92.875,34.3375,64.2,100.0
2024-06-12,13.1875,93.45833333333333,37.32083333333333,70.8,99.95833333333333
2024-06-13,12.516666666666666,92.04166666666667,27.520833333333332,84.5,96.20833333333333
2024-06-14,11.799999999999999,91.08333333333333,21.104166666666668,16.1,82.375
2024-06-15,11.308333333333332,90.83333333333333,7.629166666666666,7.2,77.58333333333333
2024-06-16,10.299999999999999,92.79166666666667,12.545833333333334,1.5,82.125
2024-06-17,11.683333333333332,88.45833333333333,24.354166666666668,35.6,94.75
2024-06-18,10.354166666666666,86.33333333333333,13.633333333333333,16.2,64.16666666666667
2024-06-19,9.5375,86.33333333333333,10.120833333333334,3.1,74.95833333333333
2024-06-20,11.766666666666666,87.45833333333333,36.13333333333333,47.4,100.0
2024-06-21,10.570833333333333,86.0,25.52916666666667,41.1,79.0
2024-06-22,8.758333333333333,79.66666666666667,14.0,10.2,48.625
2024-06-23,6.433333333333334,86.125,5.925,0.0,30.75
2024-06-24,5.154166666666667,90.33333333333333,7.887499999999999,0.0,39.166666666666664
2024-06-25,5.1625000000000005,88.0,5.958333333333333,0.0,48.791666666666664
2024-06-26,10.762500000000001,88.75,14.383333333333333,10.8,100.0
2024-06-27,11.262500000000001,86.41666666666667,19.416666666666668,4.9,55.916666666666664
2024-06-28,7.058333333333334,80.04166666666667,12.804166666666667,0.0,16.791666666666668
2024-06-29,8.354166666666666,66.79166666666667,13.625,0.0,51.625
2024-06-30,7.095833333333334,87.79166666666667,4.858333333333333,0.0,56.166666666666664
2024-07-01,10.904166666666667,94.125,10.316666666666666,1.6,96.20833333333333
2024-07-02,11.241666666666667,89.875,12.920833333333334,5.1,77.91666666666667
2024-07-03,7.5125,80.0,11.479166666666666,0.0,77.75
2024-07-04,6.520833333333333,77.375,13.799999999999999,0.0,10.125
2024-07-05,6.004166666666666,72.375,10.3875,0.0,7.25
2024-07-06,5.625,81.83333333333333,10.316666666666666,0.0,4.375
2024-07-07,5.495833333333334,89.70833333333333,7.0375000000000005,0.0,42.041666666666664
2024-07-08,4.6875,86.83333333333333,6.929166666666667,0.0,7.875
2024-07-09,4.416666666666667,85.41666666666667,5.7,0.0,18.791666666666668
2024-07-10,4.879166666666666,76.70833333333333,8.245833333333334,0.0,13.708333333333334
2024-07-11,5.654166666666666,87.75,8.200000000000001,0.0,16.833333333333332
2024-07-12,6.070833333333333,80.54166666666667,8.65,0.0,0.0
2024-07-13,7.7124999999999995,87.75,9.720833333333333,0.0,74.70833333333333
2024-07-14,6.333333333333333,89.5,6.079166666666667,0.0,71.16666666666667
2024-07-15,6.133333333333333,91.25,5.154166666666667,0.0,96.20833333333333
2024-07-16,9.1875,87.54166666666667,10.674999999999999,0.0,60.541666666666664
2024-07-17,8.366666666666667,92.33333333333333,6.2250000000000005,0.2,99.95833333333333
2024-07-18,9.799999999999999,81.0,15.691666666666668,0.0,56.958333333333336
2024-07-19,7.645833333333333,63.083333333333336,14.041666666666666,0.0,0.041666666666666664
2024-07-20,6.5125,75.875,8.4125,0.0,0.0
2024-07-21,6.354166666666667,80.375,7.554166666666667,0.0,4.791666666666667
2024-07-22,7.05,88.66666666666667,7.566666666666666,0.0,25.0
2024-07-23,9.0875,90.83333333333333,13.170833333333334,0.9,95.375
2024-07-24,9.508333333333333,91.16666666666667,10.108333333333333,0.1,60.75
2024-07-25,10.254166666666666,94.41666666666667,9.491666666666667,2.5,83.04166666666667
2024-07-26,6.6125,84.58333333333333,10.354166666666666,0.0,29.375
2024-07-27,6.516666666666667,75.45833333333333,11.737499999999999,0.0,64.08333333333333
2024-07-28,6.908333333333334,63.041666666666664,10.908333333333333,0.0,13.208333333333334
2024-07-29,8.520833333333334,58.583333333333336,9.970833333333333,0.0,50.875
2024-07-30,8.612499999999999,76.375,9.016666666666667,0.0,100.0
2024-07-31,10.841666666666667,88.0,32.8125,33.7,100.0
2024-08-01,11.612499999999999,91.04166666666667,46.725,110.0,100.0
2024-08-02,10.854166666666666,90.66666666666667,18.025000000000002,28.6,73.41666666666667
2024-08-03,9.958333333333334,89.29166666666667,12.058333333333332,11.5,68.16666666666667
2024-08-04,9.475,87.875,22.083333333333332,16.0,98.04166666666667
2024-08-05,9.475,85.58333333333333,13.141666666666666,14.2,71.29166666666667
2024-08-06,7.066666666666666,86.25,7.691666666666666,3.7,38.708333333333336
2024-08-07,5.870833333333334,87.45833333333333,7.995833333333334,0.0,20.666666666666668
2024-08-08,6.170833333333333,85.95833333333333,8.679166666666667,0.0,10.541666666666666
2024-08-09,6.979166666666667,86.45833333333333,9.579166666666667,0.0,66.375
2024-08-10,10.691666666666668,88.625,12.483333333333334,1.5999999999999999,59.291666666666664
2024-08-11,9.6875,79.33333333333333,11.5375,0.0,32.333333333333336
2024-08-12,9.237499999999999,81.75,9.029166666666667,0.0,85.54166666666667
2024-08-13,9.804166666666667,91.54166666666667,7.7,0.0,98.95833333333333
2024-08-14,11.0625,91.75,7.370833333333334,0.7000000000000001,100.0
2024-08-15,8.4125,88.20833333333333,10.387500000000001,0.0,46.208333333333336
2024-08-16,7.5249999999999995,86.41666666666667,10.320833333333333,0.0,71.45833333333333
2024-08-17,7.295833333333333,80.04166666666667,12.016666666666666,0.0,65.41666666666667
2024-08-18,6.2749999999999995,81.08333333333333,9.070833333333335,0.0,37.041666666666664
2024-08-19,6.291666666666667,80.0,8.125,0.0,74.29166666666667
2024-08-20,6.591666666666666,78.33333333333333,13.9125,4.4,45.625
2024-08-21,7.420833333333333,87.91666666666667,17.2375,17.3,78.79166666666667
2024-08-22,7.05,87.58333333333333,10.945833333333333,5.6,79.33333333333333
2024-08-23,7.404166666666666,85.04166666666667,9.741666666666667,2.9000000000000004,49.5
2024-08-24,7.841666666666666,79.41666666666667,12.379166666666668,0.0,23.125
2024-08-25,7.354166666666667,84.54166666666667,6.395833333333333,0.6,58.875
2024-08-26,10.591666666666667,86.54166666666667,14.362499999999999,1.8,59.375
2024-08-27,8.808333333333334,82.66666666666667,9.075000000000001,0.0,47.375
2024-08-28,8.058333333333334,84.83333333333333,6.445833333333333,0.0,20.625
2024-08-29,9.6625,78.08333333333333,8.970833333333333,0.0,20.375
2024-08-30,9.929166666666667,87.5,8.125,0.0,48.458333333333336
2024-08-31,8.808333333333334,88.5,8.516666666666667,0.0,46.291666666666664
2024-09-01,9.7125,87.29166666666667,12.279166666666667,3.3,97.75
2024-09-02,10.416666666666666,82.66666666666667,20.675,9.1,45.375
2024-09-03,7.654166666666666,84.58333333333333,9.229166666666666,0.8,41.5
2024-09-04,9.283333333333333,82.75,12.795833333333334,0.0,21.125
2024-09-05,9.237499999999999,85.04166666666667,12.441666666666668,0.9,98.58333333333333
2024-09-06,10.512500000000001,88.16666666666667,11.308333333333332,0.9,85.79166666666667
2024-09-07,9.358333333333333,83.79166666666667,10.704166666666666,0.0,15.166666666666666
2024-09-08,8.700000000000001,84.83333333333333,11.408333333333333,0.0,73.25
2024-09-09,9.070833333333333,88.33333333333333,8.233333333333333,8.1,75.125
2024-09-10,10.487499999999999,86.875,11.370833333333332,1.8,23.125
2024-09-11,8.779166666666667,80.29166666666667,12.0375,0.0,46.041666666666664
2024-09-12,8.083333333333334,85.625,12.9125,0.0,43.083333333333336
2024-09-13,9.479166666666666,83.33333333333333,9.670833333333333,0.0,27.708333333333332
2024-09-14,10.112499999999999,77.58333333333333,15.045833333333334,0.0,38.416666666666664
2024-09-15,10.8125,74.79166666666667,11.0,0.0,7.125
2024-09-16,13.033333333333333,63.666666666666664,13.625,0.0,94.95833333333333
2024-09-17,10.116666666666667,88.41666666666667,9.0875,0.0,86.33333333333333
2024-09-18,10.045833333333333,88.79166666666667,21.995833333333334,6.800000000000001,95.375
2024-09-19,11.466666666666667,89.04166666666667,28.583333333333332,19.1,67.95833333333333
2024-09-20,10.0,86.875,10.358333333333333,0.9,98.95833333333333
2024-09-21,10.825000000000001,88.875,23.775000000000002,22.4,100.0
2024-09-22,10.674999999999999,81.58333333333333,15.987499999999999,2.2,33.916666666666664
2024-09-23,10.4125,86.70833333333333,10.691666666666668,4.0,54.041666666666664
2024-09-24,9.595833333333333,84.125,9.245833333333334,0.0,11.541666666666666
2024-09-25,9.604166666666666,76.125,12.174999999999999,0.0,5.833333333333333
2024-09-26,9.112499999999999,73.5,10.533333333333333,0.0,82.29166666666667
2024-09-27,9.329166666666667,82.41666666666667,8.3375,0.0,75.33333333333333
2024-09-28,11.883333333333333,89.91666666666667,5.166666666666667,0.30000000000000004,99.625
2024-09-29,11.512500000000001,93.0,14.808333333333332,3.1,100.0
2024-09-30,11.766666666666666,88.20833333333333,20.504166666666666,36.2,92.25
2024-10-01,10.120833333333334,76.875,11.883333333333333,7.6,41.333333333333336
2024-10-02,9.654166666666667,71.41666666666667,15.491666666666667,0.0,12.958333333333334
2024-10-03,9.725,83.29166666666667,8.245833333333334,0.0,79.95833333333333
2024-10-04,10.183333333333334,88.91666666666667,9.9125,0.0,86.83333333333333
2024-10-05,11.237499999999999,87.83333333333333,7.479166666666667,0.0,64.91666666666667
2024-10-06,12.666666666666666,90.625,8.533333333333333,0.0,94.70833333333333
2024-10-07,14.299999999999999,88.375,8.954166666666667,0.0,50.541666666666664
2024-10-08,12.924999999999999,89.91666666666667,10.970833333333333,1.4,76.875
2024-10-09,13.200000000000001,90.75,9.0375,0.0,45.125
2024-10-10,11.883333333333333,85.79166666666667,13.8375,0.5,45.916666666666664
2024-10-11,12.495833333333332,89.5,13.3375,8.6,71.41666666666667
2024-10-12,11.108333333333334,76.08333333333333,12.404166666666667,0.0,8.791666666666666
2024-10-13,11.799999999999999,81.5,9.875,0.0,37.0
2024-10-14,12.266666666666666,86.45833333333333,11.695833333333333,0.0,29.625
2024-10-15,12.125,82.79166666666667,8.370833333333334,0.0,66.54166666666667
2024-10-16,11.9375,84.75,21.0625,2.9,97.83333333333333
2024-10-17,13.608333333333334,85.95833333333333,14.254166666666668,0.30000000000000004,62.291666666666664
2024-10-18,12.362499999999999,91.45833333333333,9.591666666666667,0.0,79.91666666666667
2024-10-19,11.620833333333332,87.25,12.112499999999999,0.2,93.58333333333333
2024-10-20,12.604166666666666,88.41666666666667,24.474999999999998,13.6,82.29166666666667
2024-10-21,13.65,86.54166666666667,11.104166666666666,0.0,37.666666666666664
2024-10-22,14.008333333333333,82.41666666666667,8.991666666666667,2.9,49.25
2024-10-23,12.816666666666668,93.45833333333333,12.004166666666668,10.9,93.375
2024-10-24,11.700000000000001,86.58333333333333,12.25,0.6,86.41666666666667
2024-10-25,12.112499999999999,74.45833333333333,17.133333333333333,0.0,9.916666666666666
2024-10-26,14.645833333333334,75.25,14.008333333333333,0.0,1.5
2024-10-27,13.816666666666668,84.875,9.258333333333333,0.0,30.0
2024-10-28,16.041666666666668,73.33333333333333,10.133333333333333,0.0,20.125
2024-10-29,14.170833333333334,77.75,14.754166666666668,0.0,46.375
2024-10-30,13.766666666666666,83.45833333333333,11.275,0.2,83.0
2024-10-31,12.816666666666668,90.75,9.808333333333334,0.0,86.33333333333333
2024-11-01,12.2125,87.125,18.008333333333333,6.9,77.375
2024-11-02,11.254166666666668,84.54166666666667,8.5,0.0,37.0
2024-11-03,11.674999999999999,83.375,15.1625,10.5,90.125
2024-11-04,12.241666666666667,80.625,9.691666666666666,0.4,49.333333333333336
2024-11-05,12.35,81.70833333333333,14.966666666666667,0.0,44.916666666666664
2024-11-06,13.616666666666667,81.54166666666667,13.916666666666666,0.0,40.916666666666664
2024-11-07,13.799999999999999,80.70833333333333,13.116666666666667,0.0,68.20833333333333
2024-11-08,14.391666666666666,82.625,9.15,1.9,85.375
2024-11-09,14.058333333333332,89.91666666666667,7.545833333333333,1.6,98.95833333333333
2024-11-10,13.170833333333334,79.58333333333333,12.729166666666666,0.4,29.208333333333332
2024-11-11,13.716666666666667,74.25,16.704166666666666,0.0,40.875
2024-11-12,14.541666666666666,70.41666666666667,14.479166666666666,0.0,39.166666666666664
2024-11-13,16.108333333333334,72.83333333333333,13.049999999999999,0.0,35.291666666666664
2024-11-14,14.620833333333332,86.54166666666667,10.1625,0.0,94.0
2024-11-15,14.204166666666666,76.33333333333333,12.766666666666666,0.4,61.541666666666664
2024-11-16,13.120833333333332,70.08333333333333,14.225,0.0,12.208333333333334
2024-11-17,14.208333333333334,72.875,8.854166666666666,0.0,0.5416666666666666
2024-11-18,14.820833333333333,80.0,6.858333333333333,0.0,40.75
2024-11-19,12.700000000000001,83.25,10.0625,0.5,99.75
2024-11-20,13.975,76.08333333333333,12.116666666666667,0.0,22.541666666666668
2024-11-21,13.5375,80.91666666666667,8.7375,0.0,55.791666666666664
2024-11-22,14.645833333333334,75.125,7.095833333333334,0.0,56.666666666666664
2024-11-23,15.700000000000001,79.125,7.3500000000000005,0.0,29.5
2024-11-24,15.887500000000001,77.41666666666667,9.216666666666667,0.1,43.916666666666664
2024-11-25,15.15,73.58333333333333,9.995833333333334,1.5,25.833333333333332
2024-11-26,14.416666666666666,73.875,9.637500000000001,0.0,18.625
2024-11-27,13.75,70.0,14.204166666666666,0.0,1.4166666666666667
2024-11-28,14.325000000000001,68.79166666666667,13.879166666666668,0.0,11.833333333333334
2024-11-29,15.954166666666666,63.916666666666664,9.879166666666666,0.0,7.375
2024-11-30,15.195833333333333,78.41666666666667,14.825000000000001,0.0,30.291666666666668
2024-12-01,14.466666666666667,66.875,13.683333333333332,0.0,13.458333333333334
2024-12-02,14.783333333333333,62.625,14.875,0.0,2.375
2024-12-03,15.054166666666667,60.583333333333336,9.045833333333333,0.0,0.0
2024-12-04,13.8125,75.875,12.799999999999999,0.0,40.041666666666664
2024-12-05,13.125,82.04166666666667,10.862499999999999,4.3999999999999995,68.91666666666667
2024-12-06,14.008333333333333,71.70833333333333,12.25,0.0,2.1666666666666665
2024-12-07,15.095833333333333,63.458333333333336,14.4625,0.0,26.5
2024-12-08,14.5625,69.95833333333333,15.954166666666666,0.0,17.625
2024-12-09,14.025,70.91666666666667,13.583333333333334,0.0,4.791666666666667
2024-12-10,14.15,71.41666666666667,16.908333333333335,0.0,5.083333333333333
2024-12-11,15.262500000000001,69.375,14.370833333333332,0.0,0.041666666666666664
2024-12-12,14.966666666666667,72.375,15.354166666666666,0.0,0.6666666666666666
2024-12-13,16.008333333333333,72.83333333333333,14.154166666666667,0.0,0.4583333333333333
2024-12-14,17.129166666666666,64.33333333333333,9.866666666666667,0.0,0.16666666666666666
2024-12-15,16.1125,77.0,8.491666666666667,0.0,7.791666666666667
2024-12-16,14.716666666666667,82.20833333333333,11.420833333333334,0.0,42.916666666666664
2024-12-17,15.633333333333333,77.95833333333333,16.066666666666666,0.0,15.375
2024-12-18,16.079166666666666,74.83333333333333,17.383333333333333,0.0,8.083333333333334
2024-12-19,15.670833333333334,72.58333333333333,16.516666666666666,0.0,53.0
2024-12-20,16.041666666666668,80.20833333333333,15.183333333333332,0.0,24.166666666666668
2024-12-21,18.45,73.45833333333333,11.645833333333334,0.0,31.083333333333332
2024-12-22,19.2,61.25,13.691666666666668,0.0,14.375
2024-12-23,18.179166666666667,71.375,16.958333333333332,0.0,8.208333333333334
2024-12-24,19.23333333333333,58.166666666666664,14.737499999999999,0.0,0.0
2024-12-25,15.6625,83.70833333333333,8.975,0.0,43.791666666666664
2024-12-26,15.25,81.16666666666667,6.795833333333333,0.0,70.91666666666667
2024-12-27,14.887500000000001,82.45833333333333,6.691666666666666,0.0,44.0
2024-12-28,14.866666666666667,84.54166666666667,5.9875,0.0,80.29166666666667
2024-12-29,16.595833333333335,77.41666666666667,8.875,0.0,25.5
2024-12-30,16.7,72.41666666666667,12.333333333333334,0.0,42.083333333333336
2024-12-31,16.8625,66.0,15.095833333333333,0.0,4.708333333333333
2025-01-01,17.466666666666665,63.083333333333336,12.25,0.0,0.375
2025-01-02,18.620833333333334,60.458333333333336,11.025,0.0,0.0
2025-01-03,18.583333333333332,71.70833333333333,7.0375000000000005,0.0,11.166666666666666
2025-01-04,15.741666666666667,85.04166666666667,7.208333333333333,0.0,73.83333333333333
2025-01-05,17.974999999999998,76.95833333333333,6.120833333333334,0.0,75.75
2025-01-06,16.683333333333334,78.41666666666667,6.495833333333334,0.0,39.0
2025-01-07,16.3875,76.29166666666667,10.799999999999999,0.0,14.583333333333334
2025-01-08,17.541666666666668,74.0,14.15,0.0,0.041666666666666664
2025-01-09,18.275000000000002,72.83333333333333,14.883333333333333,0.0,2.4583333333333335
2025-01-10,18.3875,64.0,11.491666666666667,0.0,22.708333333333332
2025-01-11,19.645833333333332,62.875,13.016666666666666,0.0,5.125
2025-01-12,18.970833333333335,74.54166666666667,14.033333333333333,0.0,13.0
2025-01-13,17.829166666666666,69.70833333333333,14.366666666666667,0.0,9.958333333333334
2025-01-14,16.254166666666666,68.625,8.516666666666667,0.0,18.0
2025-01-15,16.929166666666667,86.29166666666667,8.358333333333333,2.1,86.58333333333333
2025-01-16,16.9625,71.625,13.558333333333332,0.0,4.25
2025-01-17,16.583333333333332,67.625,15.858333333333334,0.0,42.5
2025-01-18,17.224999999999998,69.54166666666667,12.9625,0.0,0.0
2025-01-19,18.3125,63.916666666666664,11.054166666666667,0.0,40.125
2025-01-20,16.758333333333333,74.58333333333333,14.616666666666667,0.0,53.375
2025-01-21,17.629166666666666,76.08333333333333,13.216666666666667,0.0,26.375
2025-01-22,15.483333333333334,72.625,10.554166666666667,0.0,11.875
2025-01-23,16.579166666666666,73.375,9.445833333333333,0.0,48.916666666666664
2025-01-24,17.3125,65.91666666666667,15.8125,0.0,2.0416666666666665
2025-01-25,18.133333333333333,66.83333333333333,12.179166666666667,0.0,9.208333333333334
2025-01-26,17.204166666666666,77.125,13.362499999999999,0.0,7.375
2025-01-27,18.370833333333334,68.83333333333333,13.854166666666666,0.0,15.375
2025-01-28,17.966666666666665,61.458333333333336,11.174999999999999,0.0,0.0
2025-01-29,17.904166666666665,71.58333333333333,9.641666666666667,0.0,9.625
2025-01-30,16.325,77.83333333333333,10.720833333333333,0.0,25.208333333333332
2025-01-31,18.254166666666666,73.54166666666667,12.670833333333334,0.0,4.583333333333333
2025-02-01,17.508333333333333,66.70833333333333,15.091666666666667,0.0,0.0
2025-02-02,16.829166666666666,70.66666666666667,11.883333333333333,0.0,3.625
2025-02-03,17.241666666666667,68.45833333333333,13.354166666666666,0.0,0.4166666666666667
2025-02-04,18.083333333333332,59.875,9.5125,0.0,0.7083333333333334
2025-02-05,17.758333333333333,76.75,9.020833333333334,0.0,43.875
2025-02-06,18.716666666666665,69.29166666666667,14.383333333333333,0.0,0.2916666666666667
2025-02-07,19.129166666666666,66.16666666666667,11.4125,0.0,2.25
2025-02-08,20.716666666666665,62.833333333333336,14.737499999999999,0.0,13.583333333333334
2025-02-09,22.46666666666667,49.708333333333336,14.975,0.0,55.958333333333336
2025-02-10,19.525000000000002,67.08333333333333,16.154166666666665,0.0,60.875
2025-02-11,16.925,58.458333333333336,15.033333333333333,0.0,0.0
2025-02-12,16.758333333333333,61.875,10.920833333333334,0.0,0.0
2025-02-13,16.4125,70.125,12.741666666666667,0.0,0.2916666666666667
2025-02-14,15.700000000000001,70.91666666666667,14.004166666666668,0.0,8.791666666666666
2025-02-15,15.25,75.625,14.254166666666668,0.0,7.5
2025-02-16,15.775,72.41666666666667,12.4125,0.0,0.16666666666666666
2025-02-17,16.720833333333335,67.125,12.15,0.0,0.5833333333333334
2025-02-18,18.829166666666666,66.125,8.304166666666667,0.0,13.041666666666666
2025-02-19,14.870833333333332,82.91666666666667,11.279166666666667,0.2,75.58333333333333
2025-02-20,15.495833333333332,76.75,8.041666666666666,0.0,22.625
2025-02-21,16.004166666666666,76.5,9.470833333333333,0.0,17.166666666666668
2025-02-22,17.45,77.125,11.983333333333334,0.0,50.708333333333336
2025-02-23,18.108333333333334,84.70833333333333,12.174999999999999,0.0,30.833333333333332
2025-02-24,19.099999999999998,73.41666666666667,11.816666666666668,0.0,4.833333333333333
2025-02-25,18.291666666666668,65.41666666666667,12.941666666666668,0.0,1.4583333333333333
2025-02-26,18.337500000000002,67.5,10.883333333333333,0.0,1.25
2025-02-27,17.183333333333334,75.625,8.166666666666666,0.0,33.25
2025-02-28,17.329166666666666,91.375,11.220833333333333,2.0,99.875
2025-03-01,16.691666666666666,88.41666666666667,8.520833333333334,0.2,82.625
2025-03-02,15.808333333333332,80.25,7.254166666666666,0.0,16.958333333333332
2025-03-03,16.858333333333334,82.5,7.695833333333333,1.4,64.41666666666667
2025-03-04,17.391666666666666,78.20833333333333,7.908333333333334,0.0,0.16666666666666666
2025-03-05,17.650000000000002,83.83333333333333,7.716666666666666,0.0,27.375
2025-03-06,17.629166666666666,88.5,17.279166666666665,4.1,92.54166666666667
2025-03-07,16.595833333333335,80.79166666666667,15.529166666666667,21.7,49.75
2025-03-08,15.75,68.83333333333333,15.887500000000001,0.0,0.0
2025-03-09,17.929166666666667,65.54166666666667,13.304166666666667,0.0,8.166666666666666
2025-03-10,17.533333333333335,74.5,16.270833333333332,0.0,27.083333333333332
2025-03-11,17.1375,65.20833333333333,10.775,0.0,16.25
2025-03-12,19.720833333333335,57.958333333333336,9.716666666666667,0.0,0.0
2025-03-13,17.575,77.04166666666667,7.891666666666667,0.0,60.291666666666664
2025-03-14,14.645833333333334,84.58333333333333,7.666666666666667,0.0,30.166666666666668
2025-03-15,13.820833333333333,82.79166666666667,7.591666666666666,0.0,43.083333333333336
2025-03-16,14.799999999999999,81.58333333333333,10.65,0.0,26.625
2025-03-17,15.75,79.625,10.191666666666666,0.0,12.583333333333334
2025-03-18,16.270833333333332,72.79166666666667,10.679166666666667,0.0,0.08333333333333333
2025-03-19,16.016666666666666,78.58333333333333,8.137500000000001,0.0,26.333333333333332
2025-03-20,17.095833333333335,85.125,13.362499999999999,0.0,21.333333333333332
2025-03-21,17.075,80.125,14.475,0.0,56.5
2025-03-22,15.0875,78.83333333333333,10.875,0.0,1.875
2025-03-23,17.474999999999998,53.791666666666664,16.829166666666666,0.0,5.958333333333333
2025-03-24,17.154166666666665,47.458333333333336,13.966666666666667,0.0,0.7083333333333334
2025-03-25,14.549999999999999,79.25,10.608333333333333,0.0,38.166666666666664
2025-03-26,15.0875,85.375,8.1125,0.1,55.875
2025-03-27,13.6625,90.45833333333333,7.770833333333333,0.4,95.0
2025-03-28,15.625,83.375,6.216666666666666,0.0,82.25
2025-03-29,13.795833333333334,94.54166666666667,17.066666666666666,18.9,100.0
2025-03-30,13.1625,80.08333333333333,14.516666666666666,0.5,14.375
2025-03-31,13.170833333333334,77.25,11.841666666666667,0.0,5.583333333333333
2025-04-01,12.179166666666667,81.75,8.970833333333333,0.0,27.958333333333332
2025-04-02,13.174999999999999,78.29166666666667,6.7625,1.4,75.33333333333333
2025-04-03,15.862499999999999,73.875,8.887500000000001,0.0,33.041666666666664
2025-04-04,16.208333333333332,62.5,10.7125,0.0,52.041666666666664
2025-04-05,13.704166666666666,85.33333333333333,10.816666666666668,0.0,72.375
2025-04-06,14.325000000000001,84.75,7.679166666666667,0.0,30.166666666666668
2025-04-07,14.262500000000001,85.66666666666667,7.966666666666666,0.0,14.666666666666666
2025-04-08,13.6875,89.58333333333333,7.908333333333334,0.0,78.75
2025-04-09,13.908333333333333,85.95833333333333,8.262500000000001,0.0,98.54166666666667
2025-04-10,13.895833333333334,82.04166666666667,11.141666666666666,31.1,42.875
2025-04-11,12.133333333333333,83.70833333333333,6.970833333333334,0.0,6.875
2025-04-12,12.783333333333333,80.375,10.820833333333333,0.0,10.708333333333334
2025-04-13,11.608333333333334,87.08333333333333,5.770833333333333,0.0,75.04166666666667
2025-04-14,12.979166666666666,90.70833333333333,10.058333333333334,13.5,65.16666666666667
2025-04-15,11.700000000000001,91.29166666666667,6.695833333333333,0.0,65.20833333333333
2025-04-16,12.524999999999999,89.08333333333333,9.641666666666667,0.9,89.79166666666667
2025-04-17,13.191666666666668,79.91666666666667,10.616666666666667,0.0,38.083333333333336
2025-04-18,12.658333333333333,73.45833333333333,8.129166666666666,0.0,50.166666666666664
2025-04-19,11.520833333333334,85.25,3.8833333333333333,0.0,79.25
2025-04-20,11.345833333333333,90.33333333333333,5.170833333333333,0.0,77.54166666666667
2025-04-21,13.020833333333334,92.875,7.595833333333334,3.8000000000000003,99.70833333333333
2025-04-22,14.829166666666666,98.58333333333333,14.775,23.3,100.0
2025-04-23,15.908333333333333,93.83333333333333,6.8374999999999995,1.8,88.79166666666667
2025-04-24,14.6625,93.375,17.341666666666665,15.700000000000001,100.0
2025-04-25,12.895833333333334,86.875,11.6875,8.9,46.958333333333336
2025-04-26,11.679166666666667,77.875,9.616666666666667,0.0,31.791666666666668
2025-04-27,12.737499999999999,79.58333333333333,8.0875,0.0,17.416666666666668
2025-04-28,12.016666666666666,84.5,7.4750000000000005,0.0,14.916666666666666
2025-04-29,11.416666666666666,89.41666666666667,6.429166666666666,0.0,65.79166666666667
2025-04-30,11.029166666666667,88.16666666666667,12.108333333333334,0.0,97.33333333333333
2025-05-01,12.854166666666666,84.79166666666667,8.8125,7.3,61.666666666666664
2025-05-02,10.325,87.04166666666667,6.008333333333333,0.0,68.08333333333333
2025-05-03,12.041666666666666,89.33333333333333,6.616666666666667,5.6,70.08333333333333
2025-05-04,11.5625,86.58333333333333,9.604166666666666,0.0,75.29166666666667
2025-05-05,9.691666666666666,84.5,6.491666666666667,0.0,55.541666666666664
2025-05-06,11.466666666666667,91.04166666666667,13.4,11.700000000000001,84.625
2025-05-07,12.487499999999999,93.70833333333333,11.737499999999999,19.2,97.25
2025-05-08,12.741666666666667,91.75,13.566666666666668,7.0,93.45833333333333
2025-05-09,13.804166666666667,89.04166666666667,9.891666666666667,0.7000000000000001,57.625
2025-05-10,14.020833333333334,83.91666666666667,10.924999999999999,0.0,4.791666666666667
2025-05-11,11.445833333333333,93.83333333333333,4.316666666666666,0.0,59.791666666666664
2025-05-12,12.237499999999999,89.16666666666667,7.270833333333333,0.0,43.208333333333336
2025-05-13,11.154166666666667,94.20833333333333,5.270833333333333,0.5,93.79166666666667
2025-05-14,13.2125,88.16666666666667,8.1875,0.1,52.625
2025-05-15,10.975,89.45833333333333,4.525,0.0,14.083333333333334
2025-05-16,12.025,93.91666666666667,16.020833333333332,0.6,99.70833333333333
2025-05-17,12.520833333333334,85.29166666666667,17.1375,31.9,56.75
2025-05-18,9.200000000000001,87.16666666666667,7.325,0.0,66.5
2025-05-19,8.883333333333333,80.83333333333333,8.570833333333333,0.0,71.66666666666667
2025-05-20,11.533333333333333,67.875,8.245833333333334,0.0,80.79166666666667
2025-05-21,12.679166666666667,81.04166666666667,9.816666666666666,0.4,66.54166666666667
2025-05-22,9.583333333333334,74.54166666666667,6.020833333333333,0.0,86.0
2025-05-23,8.295833333333333,94.58333333333333,3.725,5.300000000000001,88.95833333333333
2025-05-24,9.375,92.33333333333333,6.375,0.0,52.083333333333336
2025-05-25,11.254166666666668,92.95833333333333,18.258333333333333,34.2,93.25
2025-05-26,11.220833333333333,84.20833333333333,10.354166666666666,4.9,47.875
2025-05-27,7.779166666666666,81.04166666666667,7.641666666666667,0.0,10.5
2025-05-28,8.700000000000001,75.95833333333333,6.2124999999999995,0.0,47.875
2025-05-29,10.854166666666666,82.16666666666667,8.379166666666666,0.0,43.958333333333336
2025-05-30,11.104166666666666,82.91666666666667,9.6875,0.0,45.791666666666664
2025-05-31,9.554166666666667,67.54166666666667,8.112499999999999,0.0,5.083333333333333
2025-06-01,9.829166666666667,70.70833333333333,6.1499999999999995,0.0,63.916666666666664
2025-06-02,10.166666666666666,89.79166666666667,4.383333333333334,0.0,99.95833333333333
2025-06-03,10.645833333333334,93.04166666666667,8.854166666666666,7.4,98.875
2025-06-04,11.733333333333334,88.375,6.854166666666667,3.0,48.916666666666664
2025-06-05,10.666666666666666,90.04166666666667,7.445833333333333,0.0,15.041666666666666
2025-06-06,8.183333333333334,86.75,10.979166666666666,0.0,33.541666666666664
2025-06-07,11.129166666666668,84.16666666666667,7.633333333333333,0.0,83.25
2025-06-08,8.6,88.125,5.841666666666666,0.0,55.333333333333336
2025-06-09,6.920833333333333,89.125,3.9625,0.0,70.91666666666667
2025-06-10,7.408333333333334,89.54166666666667,4.366666666666666,0.0,81.95833333333333
2025-06-11,11.495833333333332,84.625,22.704166666666666,13.4,99.625
2025-06-12,10.070833333333333,92.25,10.795833333333334,16.3,95.08333333333333
2025-06-13,9.204166666666667,88.45833333333333,8.733333333333333,0.7,41.916666666666664
2025-06-14,10.495833333333334,85.33333333333333,29.6375,37.8,91.75
2025-06-15,12.158333333333333,90.75,16.154166666666665,53.6,81.66666666666667
2025-06-16,9.7125,92.95833333333333,10.879166666666668,34.6,75.08333333333333
2025-06-17,10.195833333333333,87.79166666666667,7.4750000000000005,5.6,51.166666666666664
2025-06-18,7.833333333333333,87.04166666666667,8.108333333333333,0.0,23.75
2025-06-19,7.516666666666667,86.41666666666667,8.354166666666666,0.0,20.458333333333332
2025-06-20,9.225,92.25,7.608333333333333,0.0,61.333333333333336
2025-06-21,10.379166666666666,87.70833333333333,12.241666666666667,24.400000000000002,97.95833333333333
2025-06-22,9.5625,81.375,11.575000000000001,0.1,44.666666666666664
2025-06-23,6.795833333333333,79.91666666666667,8.154166666666667,0.0,1.0
2025-06-24,7.5125,88.54166666666667,6.229166666666667,1.0,56.458333333333336
2025-06-25,7.0,81.79166666666667,11.520833333333334,0.0,25.291666666666668
2025-06-26,6.370833333333334,86.91666666666667,4.9125000000000005,0.1,47.375
2025-06-27,8.125,88.25,5.7,0.5,73.5
2025-06-28,6.154166666666666,85.75,5.845833333333334,0.0,15.166666666666666
2025-06-29,5.0874999999999995,66.95833333333333,12.775,0.0,1.2083333333333333
2025-06-30,4.979166666666667,59.166666666666664,8.654166666666667,0.0,64.95833333333333
2025-07-01,6.483333333333333,71.875,5.433333333333334,0.0,79.16666666666667
2025-07-02,7.395833333333333,78.875,7.316666666666666,0.0,90.625
2025-07-03,8.283333333333333,80.625,5.633333333333333,0.0,99.91666666666667
2025-07-04,9.070833333333333,85.0,7.416666666666667,0.0,89.08333333333333
2025-07-05,10.512500000000001,88.33333333333333,19.304166666666667,7.0,80.125
2025-07-06,11.679166666666667,96.04166666666667,23.708333333333332,48.2,99.0
2025-07-07,12.020833333333334,92.75,9.133333333333333,0.1,66.33333333333333
2025-07-08,9.466666666666667,89.75,6.895833333333333,0.0,65.79166666666667
2025-07-09,6.991666666666667,86.125,5.029166666666667,0.0,35.791666666666664
2025-07-10,6.966666666666666,83.58333333333333,7.116666666666666,0.0,0.5833333333333334
2025-07-11,8.295833333333333,86.54166666666667,9.025,0.0,14.708333333333334
2025-07-12,8.075000000000001,90.04166666666667,6.0375000000000005,0.0,40.875
2025-07-13,7.608333333333333,89.54166666666667,5.691666666666666,0.0,42.583333333333336
2025-07-14,9.625,86.04166666666667,10.429166666666667,3.0,91.95833333333333
2025-07-15,10.354166666666666,83.04166666666667,13.1625,1.8,61.333333333333336
2025-07-16,8.483333333333333,77.58333333333333,10.345833333333333,0.0,1.875
2025-07-17,9.245833333333334,75.79166666666667,8.420833333333333,0.0,26.708333333333332
2025-07-18,9.104166666666666,91.16666666666667,9.304166666666667,0.0,48.208333333333336
2025-07-19,10.020833333333334,91.70833333333333,8.35,0.0,94.29166666666667
2025-07-20,9.933333333333334,86.83333333333333,5.125,0.0,90.5
2025-07-21,10.795833333333334,96.54166666666667,9.5625,5.5,88.83333333333333
2025-07-22,10.683333333333332,82.08333333333333,10.0875,0.9,77.58333333333333
2025-07-23,8.345833333333333,85.83333333333333,6.391666666666667,0.0,80.95833333333333
2025-07-24,9.887500000000001,93.33333333333333,17.224999999999998,9.2,89.75
2025-07-25,11.345833333333333,92.91666666666667,18.320833333333333,15.3,94.25
2025-07-26,10.679166666666667,94.45833333333333,9.491666666666667,0.7000000000000001,96.58333333333333
2025-07-27,11.129166666666668,94.45833333333333,20.291666666666668,22.4,100.0
2025-07-28,12.354166666666666,93.875,19.4875,10.0,100.0
2025-07-29,12.270833333333334,96.08333333333333,10.362499999999999,3.1,100.0
2025-07-30,12.308333333333332,97.41666666666667,27.9875,31.6,100.0
2025-07-31,12.245833333333332,92.70833333333333,30.541666666666668,32.8,93.41666666666667
2025-08-01,10.858333333333334,92.79166666666667,21.991666666666664,36.4,96.5
2025-08-02,9.4125,83.58333333333333,9.608333333333333,9.200000000000001,56.833333333333336
2025-08-03,8.445833333333333,79.95833333333333,8.170833333333333,0.1,72.875
2025-08-04,10.220833333333333,72.29166666666667,9.362499999999999,0.0,23.875
2025-08-05,11.779166666666667,89.33333333333333,4.704166666666667,0.30000000000000004,98.45833333333333
2025-08-06,12.683333333333332,90.125,9.570833333333333,0.1,51.125
2025-08-07,11.104166666666666,79.625,7.0125,0.0,0.0
2025-08-08,11.512500000000001,74.66666666666667,7.741666666666666,0.0,0.16666666666666666
2025-08-09,9.637500000000001,89.5,7.341666666666666,0.5,69.08333333333333
2025-08-10,10.508333333333333,80.375,8.0625,0.0,84.04166666666667
2025-08-11,12.195833333333333,91.54166666666667,5.375,0.1,100.0
2025-08-12,12.729166666666666,88.33333333333333,10.7125,2.1,99.58333333333333
2025-08-13,11.491666666666667,74.33333333333333,8.191666666666666,0.0,97.20833333333333
2025-08-14,12.570833333333333,75.04166666666667,9.975,0.0,52.708333333333336
2025-08-15,12.304166666666667,88.04166666666667,12.716666666666667,0.6000000000000001,76.83333333333333
2025-08-16,12.508333333333333,85.75,12.908333333333333,0.5,78.83333333333333
2025-08-17,11.520833333333334,89.45833333333333,4.8,0.0,87.79166666666667
2025-08-18,12.025,89.0,6.091666666666666,0.0,34.833333333333336
2025-08-19,11.220833333333333,93.29166666666667,12.4125,15.9,91.70833333333333
2025-08-20,11.683333333333332,89.66666666666667,7.75,3.3,71.91666666666667
2025-08-21,9.966666666666667,83.04166666666667,21.34166666666667,12.0,79.66666666666667
2025-08-22,7.1625000000000005,83.20833333333333,6.508333333333333,6.3999999999999995,56.041666666666664
2025-08-23,8.225,78.66666666666667,7.541666666666667,0.4,50.166666666666664
2025-08-24,10.441666666666666,84.875,10.1625,0.9,84.125
2025-08-25,12.1625,82.79166666666667,14.525,0.0,0.375
2025-08-26,12.920833333333334,76.79166666666667,7.366666666666667,0.0,0.4583333333333333
2025-08-27,11.483333333333334,84.83333333333333,5.979166666666667,0.0,60.416666666666664
2025-08-28,10.541666666666666,88.20833333333333,7.620833333333334,0.0,91.66666666666667
2025-08-29,10.654166666666667,85.45833333333333,5.9624999999999995,0.0,48.458333333333336
2025-08-30,10.549999999999999,89.16666666666667,5.6499999999999995,0.0,85.33333333333333
2025-08-31,11.204166666666666,91.5,5.420833333333333,1.5,99.58333333333333
