ds,temperatura,humedad,velocidad_viento,precipitacion,nubosidad
2020-01-01,20.558333333333334,79.79166666666667,7.958333333333333,0.0,52.25
2020-01-02,20.579166666666666,78.79166666666667,7.520833333333333,0.0,54.791666666666664
2020-01-03,20.754166666666666,75.70833333333333,7.870833333333334,0.0,1.5833333333333333
2020-01-04,20.483333333333334,79.25,8.254166666666666,0.0,31.041666666666668
2020-01-05,21.52916666666667,72.70833333333333,7.016666666666667,0.0,41.041666666666664
2020-01-06,22.587500000000002,69.16666666666667,6.4875,0.0,18.791666666666668
2020-01-07,22.7625,69.45833333333333,7.104166666666667,0.0,0.9583333333333334
2020-01-08,21.554166666666664,76.125,8.025,0.0,17.875
2020-01-09,20.3875,84.125,7.879166666666666,0.0,59.666666666666664
2020-01-10,20.6125,80.125,8.016666666666667,0.0,88.16666666666667
2020-01-11,20.412499999999998,80.125,8.041666666666666,0.0,54.5
2020-01-12,19.991666666666667,80.125,8.195833333333333,0.2,64.91666666666667
2020-01-13,20.408333333333335,75.54166666666667,8.4125,0.1,61.25
2020-01-14,20.683333333333334,74.625,7.420833333333333,0.0,53.916666666666664
2020-01-15,21.495833333333334,72.16666666666667,6.020833333333333,0.0,64.79166666666667
2020-01-16,22.145833333333332,65.54166666666667,6.654166666666666,0.0,90.58333333333333
2020-01-17,22.829166666666666,66.45833333333333,6.166666666666667,0.0,30.0
2020-01-18,22.670833333333334,73.41666666666667,6.2875000000000005,0.0,24.75
2020-01-19,23.287499999999998,74.70833333333333,6.8,0.0,68.95833333333333
2020-01-20,22.691666666666666,76.54166666666667,6.7375,0.0,95.08333333333333
2020-01-21,22.854166666666668,73.33333333333333,6.791666666666667,0.0,73.66666666666667
2020-01-22,23.741666666666664,68.0,6.345833333333334,0.5,62.083333333333336
2020-01-23,25.733333333333334,62.125,7.120833333333334,0.0,66.41666666666667
2020-01-24,25.795833333333334,64.5,5.995833333333334,0.0,70.5
2020-01-25,24.883333333333336,74.875,6.054166666666667,0.4,45.166666666666664
2020-01-26,24.270833333333332,75.70833333333333,7.875,0.1,38.5
2020-01-27,22.679166666666664,81.5,8.429166666666667,0.0,27.875
2020-01-28,22.679166666666664,77.25,7.754166666666666,0.0,40.708333333333336
2020-01-29,22.541666666666668,77.83333333333333,7.945833333333333,0.0,11.708333333333334
2020-01-30,21.945833333333336,79.83333333333333,8.237499999999999,0.0,3.6666666666666665
2020-01-31,21.366666666666664,78.875,7.791666666666667,0.0,13.333333333333334
2020-02-01,20.900000000000002,80.79166666666667,7.8,0.0,43.791666666666664
2020-02-02,21.283333333333335,77.625,8.112499999999999,0.0,32.416666666666664
2020-02-03,21.179166666666667,76.04166666666667,8.362499999999999,0.0,29.041666666666668
2020-02-04,21.3875,73.16666666666667,7.941666666666666,0.0,3.7083333333333335
2020-02-05,21.395833333333332,73.58333333333333,7.645833333333333,0.0,8.916666666666666
2020-02-06,21.575,71.70833333333333,8.15,0.0,0.9166666666666666
2020-02-07,20.729166666666668,81.16666666666667,7.395833333333333,0.0,48.25
2020-02-08,20.104166666666668,81.91666666666667,6.983333333333333,0.0,69.0
2020-02-09,20.620833333333334,76.75,8.329166666666667,0.0,86.45833333333333
2020-02-10,20.6375,74.08333333333333,7.683333333333334,0.0,53.208333333333336
2020-02-11,20.808333333333334,78.45833333333333,6.983333333333333,0.0,15.458333333333334
2020-02-12,21.349999999999998,80.54166666666667,7.354166666666667,0.0,42.125
2020-02-13,22.079166666666666,75.375,7.054166666666667,0.0,75.79166666666667
2020-02-14,22.754166666666666,73.83333333333333,6.054166666666667,0.0,79.875
2020-02-15,22.741666666666664,79.45833333333333,7.166666666666667,0.0,37.875
2020-02-16,22.758333333333336,78.08333333333333,6.883333333333333,0.0,39.541666666666664
2020-02-17,22.3,79.66666666666667,8.179166666666665,0.0,58.5
2020-02-18,21.579166666666666,83.375,7.633333333333333,0.0,78.33333333333333
2020-02-19,21.962500000000002,78.625,7.516666666666667,0.0,77.08333333333333
2020-02-20,21.625,80.20833333333333,7.05,0.0,86.29166666666667
2020-02-21,21.770833333333332,79.75,6.566666666666666,0.0,56.5
2020-02-22,22.162499999999998,77.58333333333333,6.970833333333334,0.0,39.791666666666664
2020-02-23,22.104166666666668,79.20833333333333,6.770833333333333,0.0,19.833333333333332
2020-02-24,22.366666666666664,77.66666666666667,6.7875000000000005,0.0,5.875
2020-02-25,22.0125,77.875,7.5249999999999995,0.0,19.25
2020-02-26,21.883333333333336,78.66666666666667,6.675000000000001,0.0,11.625
2020-02-27,22.333333333333332,75.75,7.2625,0.0,4.0
2020-02-28,21.675,78.375,7.754166666666666,0.0,8.916666666666666
2020-02-29,21.40416666666667,78.45833333333333,6.466666666666666,0.0,5.541666666666667
2020-03-01,20.537499999999998,84.20833333333333,6.608333333333333,0.0,28.958333333333332
2020-03-02,20.075,86.125,6.979166666666667,0.0,57.125
2020-03-03,20.20416666666667,83.04166666666667,7.629166666666666,0.0,44.458333333333336
2020-03-04,19.904166666666665,84.70833333333333,6.708333333333333,0.0,63.833333333333336
2020-03-05,20.116666666666667,81.125,6.691666666666666,0.0,52.583333333333336
2020-03-06,21.220833333333335,73.625,6.754166666666666,0.0,23.208333333333332
2020-03-07,21.829166666666666,72.41666666666667,6.445833333333333,0.0,7.166666666666667
2020-03-08,22.333333333333332,73.20833333333333,6.6875,0.0,34.833333333333336
2020-03-09,22.383333333333336,75.20833333333333,6.4375,0.0,37.875
2020-03-10,21.741666666666664,79.95833333333333,6.191666666666666,0.0,77.54166666666667
2020-03-11,21.900000000000002,79.91666666666667,5.816666666666666,0.0,33.708333333333336
2020-03-12,21.233333333333334,81.04166666666667,6.516666666666667,0.0,19.916666666666668
2020-03-13,21.175,82.16666666666667,6.2375,0.0,59.375
2020-03-14,20.474999999999998,83.5,7.070833333333333,0.0,40.458333333333336
2020-03-15,20.466666666666665,78.125,7.375,0.0,15.916666666666666
2020-03-16,20.191666666666666,78.58333333333333,6.6875,0.0,28.25
2020-03-17,20.454166666666666,77.33333333333333,6.454166666666667,0.0,9.416666666666666
2020-03-18,20.662499999999998,78.58333333333333,6.283333333333334,0.0,6.958333333333333
2020-03-19,19.95,80.95833333333333,6.291666666666667,0.0,21.958333333333332
2020-03-20,20.229166666666668,78.79166666666667,6.754166666666666,0.0,18.75
2020-03-21,21.379166666666666,74.91666666666667,5.545833333333333,0.0,20.208333333333332
2020-03-22,20.7375,78.41666666666667,6.995833333333334,0.0,19.333333333333332
2020-03-23,19.945833333333333,81.0,6.5,0.0,18.333333333333332
2020-03-24,19.291666666666668,82.79166666666667,6.904166666666666,0.0,45.666666666666664
2020-03-25,18.775000000000002,81.125,7.1625000000000005,0.0,19.333333333333332
2020-03-26,18.879166666666666,76.0,6.9125000000000005,0.0,47.75
2020-03-27,18.616666666666667,71.04166666666667,6.508333333333333,0.0,2.5
2020-03-28,19.020833333333332,69.91666666666667,6.133333333333333,0.0,0.4583333333333333
2020-03-29,18.933333333333334,80.625,6.4375,0.0,31.041666666666668
2020-03-30,19.4875,83.0,6.408333333333334,0.0,46.791666666666664
2020-03-31,19.25,83.875,6.645833333333333,0.2,61.291666666666664
2020-04-01,19.425,82.54166666666667,6.945833333333333,0.0,60.541666666666664
2020-04-02,19.820833333333333,77.83333333333333,5.641666666666667,0.0,17.583333333333332
2020-04-03,20.325,79.625,5.033333333333333,0.0,36.458333333333336
2020-04-04,20.320833333333333,78.58333333333333,5.079166666666667,0.0,26.5
2020-04-05,21.041666666666668,73.41666666666667,5.870833333333334,0.0,9.25
2020-04-06,21.258333333333333,73.29166666666667,5.7250000000000005,0.0,0.20833333333333334
2020-04-07,19.891666666666666,84.08333333333333,5.795833333333333,0.0,23.708333333333332
2020-04-08,20.2,80.70833333333333,6.379166666666666,0.0,26.041666666666668
2020-04-09,20.1125,82.70833333333333,6.408333333333334,0.0,20.916666666666668
2020-04-10,19.766666666666666,81.5,6.7375,0.0,39.416666666666664
2020-04-11,19.208333333333332,81.08333333333333,6.720833333333334,0.0,40.875
2020-04-12,19.537499999999998,74.125,6.1000000000000005,0.0,7.708333333333333
2020-04-13,19.25,72.375,6.454166666666667,0.0,0.3333333333333333
2020-04-14,18.483333333333334,75.25,5.2625,0.0,21.416666666666668
2020-04-15,19.154166666666665,71.66666666666667,5.8374999999999995,0.0,14.166666666666666
2020-04-16,19.5125,76.5,6.191666666666666,0.0,59.958333333333336
2020-04-17,19.504166666666666,79.04166666666667,5.433333333333334,0.0,19.666666666666668
2020-04-18,18.545833333333334,86.95833333333333,5.7375,0.0,59.083333333333336
2020-04-19,18.783333333333335,83.91666666666667,5.058333333333334,0.0,44.666666666666664
2020-04-20,19.408333333333335,77.45833333333333,4.970833333333333,0.0,14.208333333333334
2020-04-21,18.745833333333334,84.25,4.9624999999999995,0.0,24.125
2020-04-22,18.675,84.04166666666667,4.829166666666667,0.0,34.666666666666664
2020-04-23,18.283333333333335,85.20833333333333,5.329166666666667,0.1,45.375
2020-04-24,18.020833333333332,84.91666666666667,6.574999999999999,0.0,59.958333333333336
2020-04-25,17.708333333333332,86.79166666666667,6.0,0.0,67.0
2020-04-26,18.329166666666666,85.58333333333333,6.3374999999999995,0.2,82.875
2020-04-27,18.3125,87.58333333333333,6.008333333333333,0.5,64.20833333333333
2020-04-28,18.079166666666666,87.91666666666667,5.445833333333333,0.0,54.0
2020-04-29,17.695833333333333,87.375,5.229166666666667,0.2,76.04166666666667
2020-04-30,17.316666666666666,86.375,6.008333333333333,0.0,55.583333333333336
2020-05-01,17.225,85.54166666666667,6.179166666666667,0.2,64.20833333333333
2020-05-02,17.658333333333335,81.66666666666667,5.933333333333334,0.1,60.458333333333336
2020-05-03,17.858333333333334,83.625,4.929166666666666,0.0,40.041666666666664
2020-05-04,17.466666666666665,83.58333333333333,5.791666666666667,0.0,35.083333333333336
2020-05-05,17.395833333333332,82.08333333333333,5.1875,0.0,22.416666666666668
2020-05-06,17.870833333333334,83.95833333333333,4.6375,0.0,41.708333333333336
2020-05-07,17.60833333333333,84.33333333333333,4.954166666666667,0.0,41.875
2020-05-08,17.470833333333335,88.79166666666667,4.758333333333334,0.0,48.291666666666664
2020-05-09,17.020833333333332,87.29166666666667,5.4375,0.0,75.58333333333333
2020-05-10,17.2625,85.54166666666667,6.120833333333334,0.2,66.04166666666667
2020-05-11,16.912499999999998,86.45833333333333,4.991666666666666,0.0,56.541666666666664
2020-05-12,16.858333333333334,81.375,6.55,0.0,17.208333333333332
2020-05-13,16.708333333333332,86.16666666666667,5.05,0.0,47.75
2020-05-14,16.866666666666667,86.20833333333333,4.5874999999999995,0.0,36.041666666666664
2020-05-15,17.875,84.66666666666667,4.2124999999999995,0.1,34.666666666666664
2020-05-16,16.933333333333334,83.91666666666667,5.408333333333334,0.30000000000000004,39.958333333333336
2020-05-17,17.170833333333334,84.83333333333333,4.75,0.0,33.041666666666664
2020-05-18,16.412499999999998,87.83333333333333,4.858333333333333,0.0,42.458333333333336
2020-05-19,16.5125,81.0,4.791666666666667,0.0,28.958333333333332
2020-05-20,15.858333333333334,75.45833333333333,5.591666666666666,0.0,15.0
2020-05-21,16.2625,81.375,5.1499999999999995,0.0,19.208333333333332
2020-05-22,17.920833333333334,65.79166666666667,5.054166666666666,0.0,4.666666666666667
2020-05-23,16.870833333333334,87.54166666666667,4.870833333333334,0.0,46.958333333333336
2020-05-24,16.154166666666665,90.04166666666667,4.858333333333333,0.0,65.70833333333333
2020-05-25,16.258333333333333,86.16666666666667,4.191666666666666,0.0,51.291666666666664
2020-05-26,16.495833333333334,84.29166666666667,4.691666666666666,0.0,41.541666666666664
2020-05-27,17.054166666666667,82.0,4.2875000000000005,0.0,39.458333333333336
2020-05-28,17.754166666666666,73.70833333333333,4.845833333333333,0.0,5.041666666666667
2020-05-29,18.920833333333334,74.29166666666667,5.425,0.0,22.041666666666668
2020-05-30,19.6375,68.0,5.345833333333334,0.0,25.541666666666668
2020-05-31,18.420833333333334,80.25,5.6125,0.0,27.625
2020-06-01,18.154166666666665,83.25,5.641666666666667,0.0,43.0
2020-06-02,17.125,84.70833333333333,4.895833333333333,0.0,49.5
2020-06-03,16.6375,76.75,6.508333333333333,0.0,46.25
2020-06-04,15.5,79.16666666666667,6.079166666666667,0.0,41.416666666666664
2020-06-05,16.945833333333333,45.625,6.945833333333333,0.0,26.541666666666668
2020-06-06,17.162499999999998,52.541666666666664,4.454166666666667,0.0,3.7916666666666665
2020-06-07,17.2625,70.83333333333333,4.845833333333333,0.0,54.541666666666664
2020-06-08,17.175,86.04166666666667,4.6875,0.0,77.29166666666667
2020-06-09,17.4375,85.79166666666667,4.458333333333333,0.0,66.79166666666667
2020-06-10,16.0125,90.79166666666667,5.55,0.4,85.04166666666667
2020-06-11,16.816666666666666,84.75,5.6875,0.30000000000000004,83.41666666666667
2020-06-12,16.033333333333335,89.20833333333333,4.683333333333334,0.0,85.66666666666667
2020-06-13,16.3,87.54166666666667,5.1125,0.0,47.625
2020-06-14,16.341666666666665,84.70833333333333,5.041666666666667,0.0,45.125
2020-06-15,15.029166666666667,90.29166666666667,4.7124999999999995,0.0,80.29166666666667
2020-06-16,15.883333333333333,81.20833333333333,5.079166666666667,0.0,79.95833333333333
2020-06-17,16.650000000000002,74.375,6.0,0.0,29.416666666666668
2020-06-18,17.075,66.25,5.6875,0.0,29.583333333333332
2020-06-19,15.433333333333332,80.875,4.558333333333333,0.0,42.666666666666664
2020-06-20,15.120833333333332,83.04166666666667,5.033333333333333,0.0,40.083333333333336
2020-06-21,15.295833333333334,86.0,4.3999999999999995,0.0,34.5
2020-06-22,15.391666666666666,87.25,5.220833333333333,0.0,69.20833333333333
2020-06-23,15.512500000000001,84.5,5.125,0.1,80.625
2020-06-24,15.679166666666667,83.04166666666667,4.654166666666667,0.0,50.041666666666664
2020-06-25,15.916666666666666,76.41666666666667,4.6875,0.0,22.791666666666668
2020-06-26,15.616666666666667,82.54166666666667,5.291666666666667,0.0,37.958333333333336
2020-06-27,15.9,80.75,4.125,0.0,23.791666666666668
2020-06-28,15.295833333333334,85.75,3.579166666666667,0.0,64.75
2020-06-29,15.308333333333332,87.20833333333333,4.466666666666667,0.0,37.75
2020-06-30,16.474999999999998,68.95833333333333,5.075,0.0,12.75
2020-07-01,15.904166666666667,76.33333333333333,4.316666666666666,0.0,28.791666666666668
2020-07-02,14.924999999999999,84.0,4.8625,0.0,29.375
2020-07-03,14.704166666666666,88.20833333333333,4.479166666666667,0.0,45.875
2020-07-04,15.129166666666668,85.5,4.445833333333334,0.0,49.208333333333336
2020-07-05,14.995833333333332,81.20833333333333,5.095833333333333,0.0,44.833333333333336
2020-07-06,14.370833333333332,88.41666666666667,5.425,0.1,71.375
2020-07-07,15.441666666666668,77.25,5.970833333333334,1.6,39.958333333333336
2020-07-08,16.575,48.875,6.887499999999999,0.0,2.7083333333333335
2020-07-09,15.820833333333333,64.41666666666667,4.958333333333333,0.0,18.708333333333332
2020-07-10,14.545833333333334,86.16666666666667,5.104166666666667,0.0,51.208333333333336
2020-07-11,13.970833333333333,84.20833333333333,5.329166666666667,0.0,25.958333333333332
2020-07-12,14.395833333333334,87.875,5.008333333333334,0.0,60.583333333333336
2020-07-13,15.458333333333334,81.29166666666667,4.229166666666667,0.0,39.833333333333336
2020-07-14,15.295833333333334,71.29166666666667,4.129166666666666,0.0,8.75
2020-07-15,15.2875,68.66666666666667,4.954166666666667,0.0,17.583333333333332
2020-07-16,16.32916666666667,72.25,4.858333333333333,0.0,27.916666666666668
2020-07-17,14.370833333333332,87.75,5.270833333333333,0.2,81.125
2020-07-18,13.6625,87.875,5.491666666666667,0.0,52.666666666666664
2020-07-19,14.325000000000001,86.20833333333333,5.0375,0.0,70.20833333333333
2020-07-20,14.945833333333333,90.29166666666667,5.079166666666667,0.0,99.33333333333333
2020-07-21,14.983333333333334,88.75,5.1000000000000005,0.0,94.625
2020-07-22,14.575000000000001,88.70833333333333,7.325,0.0,87.08333333333333
2020-07-23,13.933333333333332,78.91666666666667,7.345833333333334,0.0,46.291666666666664
2020-07-24,13.924999999999999,60.708333333333336,6.383333333333333,0.0,8.583333333333334
2020-07-25,15.833333333333334,36.083333333333336,5.7749999999999995,0.0,0.625
2020-07-26,14.370833333333332,70.29166666666667,5.095833333333333,0.0,1.7083333333333333
2020-07-27,14.616666666666667,79.33333333333333,4.604166666666667,0.0,10.333333333333334
2020-07-28,15.266666666666666,81.75,4.2375,0.0,23.916666666666668
2020-07-29,14.616666666666667,84.41666666666667,4.279166666666667,0.0,88.5
2020-07-30,14.916666666666666,74.75,4.858333333333333,0.0,41.75
2020-07-31,16.120833333333334,62.291666666666664,4.258333333333334,0.0,15.791666666666666
2020-08-01,14.075000000000001,83.54166666666667,5.508333333333333,0.0,27.5
2020-08-02,14.329166666666666,90.08333333333333,4.795833333333333,0.0,76.54166666666667
2020-08-03,14.670833333333334,88.5,4.9375,0.0,70.95833333333333
2020-08-04,14.975,84.20833333333333,4.820833333333334,0.0,46.083333333333336
2020-08-05,14.966666666666667,84.54166666666667,5.4750000000000005,0.0,55.333333333333336
2020-08-06,15.15,82.0,5.004166666666666,0.0,50.833333333333336
2020-08-07,15.3375,80.20833333333333,4.429166666666666,0.0,12.125
2020-08-08,15.670833333333334,80.0,4.420833333333333,0.0,22.541666666666668
2020-08-09,15.783333333333333,85.08333333333333,4.554166666666666,0.0,30.458333333333332
2020-08-10,14.708333333333334,88.08333333333333,4.820833333333334,0.0,58.458333333333336
2020-08-11,15.4375,80.875,5.404166666666666,0.0,42.541666666666664
2020-08-12,14.641666666666666,85.29166666666667,5.629166666666666,0.0,50.958333333333336
2020-08-13,13.762500000000001,89.95833333333333,5.595833333333334,0.0,80.58333333333333
2020-08-14,14.258333333333333,83.125,6.1875,0.4,50.333333333333336
2020-08-15,13.683333333333332,86.08333333333333,6.0874999999999995,0.0,52.708333333333336
2020-08-16,14.058333333333332,82.5,6.375,0.0,52.208333333333336
2020-08-17,13.633333333333333,84.41666666666667,6.0874999999999995,0.0,39.791666666666664
2020-08-18,13.987499999999999,76.58333333333333,6.354166666666667,0.0,28.25
2020-08-19,13.299999999999999,71.66666666666667,6.4624999999999995,0.0,8.75
2020-08-20,14.258333333333333,72.04166666666667,5.3,0.0,19.083333333333332
2020-08-21,15.029166666666667,73.66666666666667,4.720833333333333,0.0,21.541666666666668
2020-08-22,14.495833333333332,87.375,5.083333333333333,0.0,54.166666666666664
2020-08-23,14.0375,86.16666666666667,5.166666666666667,0.1,81.91666666666667
2020-08-24,15.108333333333334,75.70833333333333,5.7375,0.30000000000000004,47.875
2020-08-25,14.891666666666667,69.04166666666667,5.8125,0.0,0.041666666666666664
2020-08-26,14.924999999999999,83.375,5.891666666666667,0.0,18.458333333333332
2020-08-27,15.358333333333334,85.875,5.945833333333333,0.1,52.041666666666664
2020-08-28,14.754166666666668,85.33333333333333,6.075,0.0,64.83333333333333
2020-08-29,14.245833333333332,88.95833333333333,6.1125,0.2,76.58333333333333
2020-08-30,14.045833333333334,90.875,5.3999999999999995,0.6000000000000001,99.83333333333333
2020-08-31,15.041666666666666,79.95833333333333,6.116666666666667,0.0,73.45833333333333
2020-09-01,14.495833333333332,80.79166666666667,7.366666666666667,0.0,61.625
2020-09-02,14.729166666666666,73.25,6.016666666666667,0.0,18.333333333333332
2020-09-03,14.479166666666666,83.04166666666667,5.8125,0.4,60.333333333333336
2020-09-04,14.4,83.83333333333333,5.716666666666666,0.0,62.666666666666664
2020-09-05,14.720833333333333,86.25,5.954166666666667,0.2,61.166666666666664
2020-09-06,14.358333333333334,86.83333333333333,6.2250000000000005,0.0,61.0
2020-09-07,14.208333333333334,84.45833333333333,6.091666666666666,0.0,58.708333333333336
2020-09-08,14.141666666666666,85.41666666666667,6.254166666666666,0.30000000000000004,72.125
2020-09-09,14.541666666666666,84.79166666666667,6.3999999999999995,0.2,64.54166666666667
2020-09-10,15.424999999999999,79.0,7.108333333333333,0.1,63.625
2020-09-11,15.533333333333333,80.5,5.408333333333334,0.0,48.875
2020-09-12,15.5875,81.33333333333333,5.7250000000000005,0.0,27.541666666666668
2020-09-13,15.120833333333335,87.04166666666667,6.3625,0.0,53.5
2020-09-14,15.299999999999999,81.375,5.129166666666666,0.0,62.041666666666664
2020-09-15,15.674999999999999,82.125,6.220833333333334,0.0,20.541666666666668
2020-09-16,14.637500000000001,86.16666666666667,6.358333333333333,0.0,61.875
2020-09-17,15.254166666666668,83.0,6.041666666666667,0.0,37.25
2020-09-18,15.5,80.66666666666667,5.304166666666666,0.0,47.541666666666664
2020-09-19,16.270833333333332,77.125,6.1000000000000005,0.0,21.458333333333332
2020-09-20,15.779166666666667,83.79166666666667,5.729166666666667,0.0,43.333333333333336
2020-09-21,16.158333333333335,83.875,5.766666666666667,0.0,40.333333333333336
2020-09-22,15.799999999999999,85.5,5.8625,0.0,49.666666666666664
2020-09-23,15.429166666666667,86.25,5.6625000000000005,0.4,67.33333333333333
2020-09-24,15.829166666666666,80.54166666666667,5.195833333333334,0.0,43.5
2020-09-25,14.825000000000001,84.875,6.495833333333334,0.0,47.375
2020-09-26,15.183333333333332,83.0,8.325000000000001,0.5,70.95833333333333
2020-09-27,15.0,82.58333333333333,7.483333333333333,0.1,52.291666666666664
2020-09-28,15.191666666666668,79.33333333333333,6.6000000000000005,0.0,26.208333333333332
2020-09-29,15.799999999999999,76.875,6.541666666666667,0.0,12.25
2020-09-30,15.4,82.875,7.258333333333333,0.0,65.16666666666667
2020-10-01,15.383333333333333,85.70833333333333,7.070833333333333,0.0,71.79166666666667
2020-10-02,15.129166666666668,84.04166666666667,8.758333333333333,0.30000000000000004,89.0
2020-10-03,15.108333333333334,83.70833333333333,7.866666666666666,0.0,66.70833333333333
2020-10-04,14.983333333333334,84.70833333333333,7.008333333333333,0.0,73.375
2020-10-05,14.654166666666667,84.70833333333333,6.954166666666667,0.0,58.166666666666664
2020-10-06,15.245833333333332,77.95833333333333,7.575,0.0,56.791666666666664
2020-10-07,15.879166666666668,78.58333333333333,7.429166666666667,0.0,41.708333333333336
2020-10-08,16.554166666666667,81.79166666666667,6.1499999999999995,0.0,47.458333333333336
2020-10-09,16.508333333333333,80.75,6.291666666666667,0.0,43.666666666666664
2020-10-10,15.583333333333334,82.25,6.033333333333334,0.0,43.583333333333336
2020-10-11,16.104166666666668,77.16666666666667,5.916666666666667,0.0,29.791666666666668
2020-10-12,16.308333333333334,77.25,6.404166666666666,0.0,5.541666666666667
2020-10-13,16.0125,79.70833333333333,6.7625,0.0,36.0
2020-10-14,15.2875,84.75,7.2875000000000005,0.0,51.5
2020-10-15,15.595833333333333,79.75,6.241666666666667,0.0,32.208333333333336
2020-10-16,16.845833333333335,78.66666666666667,6.5375000000000005,0.0,22.833333333333332
2020-10-17,16.045833333333334,86.20833333333333,5.929166666666667,0.0,64.5
2020-10-18,15.870833333333332,85.70833333333333,7.216666666666666,0.0,64.125
2020-10-19,16.116666666666667,80.66666666666667,7.641666666666667,0.0,63.458333333333336
2020-10-20,16.195833333333333,81.66666666666667,6.574999999999999,0.1,58.041666666666664
2020-10-21,16.079166666666666,82.20833333333333,7.1625000000000005,0.0,55.291666666666664
2020-10-22,15.704166666666666,84.5,7.158333333333334,0.0,83.79166666666667
2020-10-23,16.054166666666667,82.54166666666667,6.716666666666666,0.0,67.29166666666667
2020-10-24,15.866666666666667,82.5,6.870833333333334,0.0,71.75
2020-10-25,15.9,81.91666666666667,6.979166666666667,0.0,73.20833333333333
2020-10-26,15.875,76.83333333333333,7.541666666666667,0.0,28.208333333333332
2020-10-27,15.816666666666668,82.08333333333333,6.7124999999999995,0.1,41.5
2020-10-28,16.066666666666666,80.95833333333333,6.883333333333333,0.0,38.041666666666664
2020-10-29,16.154166666666665,78.16666666666667,7.145833333333333,0.0,24.375
2020-10-30,16.208333333333332,80.0,6.704166666666667,0.0,19.041666666666668
2020-10-31,16.991666666666667,81.20833333333333,6.4375,0.0,42.0
2020-11-01,16.795833333333334,83.75,6.9125000000000005,0.0,27.041666666666668
2020-11-02,16.191666666666666,83.79166666666667,7.345833333333334,0.0,49.25
2020-11-03,15.283333333333333,87.0,6.979166666666667,0.30000000000000004,89.5
2020-11-04,16.6125,78.75,8.225,0.0,52.75
2020-11-05,16.804166666666667,82.83333333333333,7.333333333333333,0.0,35.166666666666664
2020-11-06,16.870833333333334,82.875,7.125,0.0,43.291666666666664
2020-11-07,17.3,77.70833333333333,8.095833333333333,0.0,34.25
2020-11-08,17.520833333333332,75.04166666666667,8.695833333333333,0.0,28.583333333333332
2020-11-09,16.566666666666666,81.125,8.1875,0.30000000000000004,56.875
2020-11-10,17.158333333333335,74.66666666666667,8.1875,0.0,49.541666666666664
2020-11-11,17.179166666666667,77.66666666666667,6.7625,0.0,40.666666666666664
2020-11-12,17.008333333333333,78.125,6.9375,0.0,28.666666666666668
2020-11-13,16.933333333333334,77.29166666666667,7.2,0.0,26.083333333333332
2020-11-14,16.408333333333335,78.95833333333333,7.354166666666667,0.0,45.0
2020-11-15,16.9875,72.04166666666667,7.9624999999999995,0.0,44.666666666666664
2020-11-16,16.720833333333335,76.66666666666667,8.299999999999999,0.0,44.25
2020-11-17,16.920833333333334,73.20833333333333,8.816666666666666,0.0,29.333333333333332
2020-11-18,16.404166666666665,76.66666666666667,7.3875,0.0,20.708333333333332
2020-11-19,16.587500000000002,78.45833333333333,7.695833333333333,0.0,50.125
2020-11-20,17.1375,74.33333333333333,6.833333333333333,0.0,36.583333333333336
2020-11-21,17.483333333333334,80.16666666666667,6.745833333333334,0.0,60.375
2020-11-22,16.720833333333335,85.875,7.625,0.0,87.75
2020-11-23,16.895833333333332,77.375,8.4,0.0,57.375
2020-11-24,16.816666666666666,80.83333333333333,7.708333333333333,0.0,89.29166666666667
2020-11-25,17.633333333333333,76.58333333333333,7.6000000000000005,0.0,30.541666666666668
2020-11-26,18.316666666666666,73.95833333333333,7.391666666666667,0.0,60.291666666666664
2020-11-27,19.1875,71.75,7.2,0.0,11.875
2020-11-28,19.283333333333335,73.16666666666667,7.895833333333333,0.0,3.125
2020-11-29,18.8125,79.79166666666667,7.341666666666666,0.0,42.5
2020-11-30,18.254166666666666,75.41666666666667,6.7749999999999995,0.0,32.875
2020-12-01,18.508333333333333,74.04166666666667,7.675000000000001,0.0,20.333333333333332
2020-12-02,18.316666666666666,78.16666666666667,8.2125,0.0,30.666666666666668
2020-12-03,17.704166666666666,80.04166666666667,7.6125,0.0,45.708333333333336
2020-12-04,17.733333333333334,76.41666666666667,7.391666666666667,0.0,7.5
2020-12-05,18.224999999999998,78.625,8.091666666666667,0.0,18.708333333333332
2020-12-06,17.8125,85.79166666666667,8.0625,0.0,64.875
2020-12-07,17.670833333333334,85.125,7.754166666666666,0.0,61.125
2020-12-08,18.5,79.33333333333333,8.808333333333334,0.0,48.791666666666664
2020-12-09,18.241666666666667,82.125,7.279166666666666,0.0,45.25
2020-12-10,18.433333333333334,81.54166666666667,7.658333333333334,0.0,44.375
2020-12-11,18.083333333333332,82.66666666666667,7.7875000000000005,0.0,48.5
2020-12-12,18.675,79.375,7.170833333333333,0.0,26.833333333333332
2020-12-13,18.854166666666668,80.29166666666667,7.345833333333334,0.0,32.875
2020-12-14,18.7625,80.45833333333333,7.170833333333333,0.0,30.166666666666668
2020-12-15,18.629166666666666,81.5,7.3500000000000005,0.0,41.625
2020-12-16,18.6625,83.41666666666667,6.779166666666666,0.0,67.16666666666667
2020-12-17,19.241666666666667,80.375,8.416666666666666,0.0,50.375
2020-12-18,18.495833333333334,82.79166666666667,7.8875,0.0,55.583333333333336
2020-12-19,18.158333333333335,82.41666666666667,8.637500000000001,0.2,72.25
2020-12-20,18.3625,81.29166666666667,7.945833333333333,0.0,69.33333333333333
2020-12-21,18.516666666666666,82.45833333333333,8.108333333333333,0.0,61.458333333333336
2020-12-22,18.441666666666666,84.33333333333333,7.916666666666667,0.4,68.625
2020-12-23,19.3875,76.75,7.375,0.0,54.541666666666664
2020-12-24,19.962500000000002,78.875,7.6375,0.0,21.125
2020-12-25,19.7,80.04166666666667,7.4624999999999995,0.0,54.416666666666664
2020-12-26,19.704166666666666,77.875,7.595833333333334,0.0,60.708333333333336
2020-12-27,20.454166666666666,71.16666666666667,7.570833333333333,0.0,70.95833333333333
2020-12-28,20.795833333333334,76.83333333333333,6.866666666666667,0.0,45.625
2020-12-29,21.104166666666668,74.16666666666667,7.579166666666667,0.0,10.583333333333334
2020-12-30,21.3875,75.41666666666667,7.441666666666666,0.0,27.25
2020-12-31,20.7125,81.125,7.125,0.0,41.541666666666664
2021-01-01,20.925,80.45833333333333,7.3500000000000005,0.0,30.708333333333332
2021-01-02,20.974999999999998,78.16666666666667,7.054166666666667,0.0,28.416666666666668
2021-01-03,20.641666666666666,78.58333333333333,8.083333333333334,0.0,21.041666666666668
2021-01-04,20.283333333333335,76.58333333333333,7.8999999999999995,0.0,19.458333333333332
2021-01-05,20.841666666666665,75.79166666666667,7.729166666666667,0.0,12.0
2021-01-06,21.120833333333334,75.25,7.179166666666667,0.0,0.4166666666666667
2021-01-07,20.316666666666666,83.125,7.708333333333333,0.0,44.583333333333336
2021-01-08,20.55,78.08333333333333,7.766666666666667,0.0,1.5416666666666667
2021-01-09,20.258333333333333,79.66666666666667,8.541666666666666,0.0,28.166666666666668
2021-01-10,19.974999999999998,81.375,8.85,0.0,49.333333333333336
2021-01-11,19.974999999999998,76.91666666666667,9.454166666666667,0.0,50.125
2021-01-12,19.3125,79.375,8.170833333333333,0.0,41.875
2021-01-13,19.441666666666666,74.5,8.0,0.0,31.291666666666668
2021-01-14,18.662499999999998,75.33333333333333,8.441666666666666,0.0,85.70833333333333
2021-01-15,19.416666666666668,74.375,8.104166666666666,0.0,11.375
2021-01-16,20.3625,69.66666666666667,6.9375,0.0,19.208333333333332
2021-01-17,20.808333333333334,67.66666666666667,6.8374999999999995,0.0,1.5
2021-01-18,20.770833333333332,71.625,7.429166666666667,0.0,1.4583333333333333
2021-01-19,20.6125,76.125,7.2250000000000005,0.0,16.208333333333332
2021-01-20,20.270833333333332,79.58333333333333,8.291666666666666,0.0,27.375
2021-01-21,19.8125,82.83333333333333,8.554166666666667,0.0,57.791666666666664
2021-01-22,19.645833333333332,84.125,7.354166666666667,0.0,38.833333333333336
2021-01-23,19.970833333333335,83.66666666666667,7.1375,0.0,41.833333333333336
2021-01-24,20.05,82.5,7.6125,0.0,34.375
2021-01-25,20.445833333333333,77.25,8.404166666666667,0.0,22.125
2021-01-26,20.962500000000002,77.70833333333333,8.1,0.0,24.708333333333332
2021-01-27,20.441666666666666,81.79166666666667,7.55,0.0,25.208333333333332
2021-01-28,20.708333333333332,80.45833333333333,7.841666666666666,0.0,55.708333333333336
2021-01-29,20.391666666666666,79.29166666666667,7.241666666666667,0.0,18.666666666666668
2021-01-30,20.4375,80.95833333333333,6.520833333333333,0.0,36.0
2021-01-31,20.625,76.83333333333333,7.708333333333333,0.0,17.541666666666668
2021-02-01,20.829166666666666,76.20833333333333,8.033333333333333,0.0,23.333333333333332
2021-02-02,20.291666666666668,71.29166666666667,8.158333333333333,0.0,42.708333333333336
2021-02-03,20.291666666666668,70.83333333333333,6.779166666666666,0.0,40.791666666666664
2021-02-04,20.8,74.04166666666667,6.945833333333333,0.0,27.875
2021-02-05,20.474999999999998,77.625,7.3999999999999995,0.0,73.08333333333333
2021-02-06,20.633333333333333,75.375,7.358333333333333,0.0,13.875
2021-02-07,21.091666666666665,73.95833333333333,6.958333333333333,0.0,3.9166666666666665
2021-02-08,20.770833333333332,77.04166666666667,8.316666666666666,0.0,21.041666666666668
2021-02-09,20.849999999999998,77.875,7.729166666666667,0.0,14.458333333333334
2021-02-10,21.0125,77.875,7.216666666666666,0.0,22.625
2021-02-11,21.65833333333333,66.45833333333333,7.3875,0.0,1.0833333333333333
2021-02-12,22.025000000000002,63.708333333333336,6.425,0.0,0.0
2021-02-13,22.4875,60.458333333333336,7.020833333333333,0.0,0.0
2021-02-14,22.15416666666667,64.16666666666667,6.7625,0.0,0.625
2021-02-15,21.412499999999998,69.16666666666667,6.808333333333334,0.0,0.125
2021-02-16,21.258333333333333,68.125,7.433333333333334,0.0,0.0
2021-02-17,21.145833333333332,71.79166666666667,7.066666666666666,0.0,0.0
2021-02-18,21.491666666666664,75.08333333333333,7.1125,0.0,10.416666666666666
2021-02-19,21.245833333333334,74.95833333333333,7.020833333333333,0.0,3.8333333333333335
2021-02-20,20.3625,78.04166666666667,7.191666666666666,0.0,2.875
2021-02-21,19.825,75.25,8.116666666666667,0.0,12.333333333333334
2021-02-22,19.904166666666665,73.95833333333333,8.966666666666667,0.0,30.416666666666668
2021-02-23,20.079166666666666,75.79166666666667,8.058333333333334,0.0,23.666666666666668
2021-02-24,20.491666666666667,73.04166666666667,6.104166666666667,0.0,0.25
2021-02-25,20.970833333333335,70.25,6.254166666666666,0.0,0.08333333333333333
2021-02-26,21.599999999999998,72.0,6.575,0.0,0.9583333333333334
2021-02-27,21.962500000000002,71.29166666666667,6.8374999999999995,0.0,0.625
2021-02-28,22.099999999999998,76.08333333333333,6.983333333333333,0.0,14.583333333333334
2021-03-01,21.8,75.25,6.595833333333334,0.0,2.5416666666666665
2021-03-02,21.916666666666668,77.33333333333333,6.408333333333334,0.0,8.666666666666666
2021-03-03,22.0625,77.375,6.620833333333334,0.0,3.2083333333333335
2021-03-04,21.866666666666664,77.83333333333333,6.7749999999999995,0.0,12.041666666666666
2021-03-05,22.295833333333334,73.08333333333333,6.708333333333333,0.0,0.0
2021-03-06,21.6875,78.5,7.008333333333333,0.0,5.333333333333333
2021-03-07,21.145833333333332,80.33333333333333,7.4375,0.0,14.625
2021-03-08,20.516666666666666,81.625,6.345833333333334,0.0,28.25
2021-03-09,20.895833333333332,78.08333333333333,6.654166666666666,0.0,14.333333333333334
2021-03-10,21.84166666666667,72.625,6.108333333333333,0.0,10.791666666666666
2021-03-11,21.77916666666667,78.5,7.5249999999999995,0.0,8.458333333333334
2021-03-12,21.920833333333334,79.41666666666667,7.191666666666666,0.0,28.208333333333332
2021-03-13,21.708333333333332,81.45833333333333,7.283333333333334,0.0,31.291666666666668
2021-03-14,21.479166666666668,81.0,6.9750000000000005,0.0,39.875
2021-03-15,21.3,74.41666666666667,6.733333333333333,0.0,1.25
2021-03-16,20.520833333333332,77.58333333333333,7.004166666666666,0.0,15.625
2021-03-17,20.066666666666666,77.125,8.070833333333333,0.0,1.75
2021-03-18,19.945833333333333,77.20833333333333,6.295833333333333,0.0,20.5
2021-03-19,19.891666666666666,72.875,7.016666666666667,0.0,43.416666666666664
2021-03-20,19.995833333333334,71.375,7.670833333333333,0.0,12.333333333333334
2021-03-21,20.170833333333334,78.45833333333333,6.245833333333334,0.0,13.666666666666666
2021-03-22,19.733333333333334,79.66666666666667,6.520833333333333,0.0,13.125
2021-03-23,19.504166666666666,81.91666666666667,5.920833333333333,0.0,25.25
2021-03-24,19.912499999999998,74.25,6.908333333333334,0.0,6.833333333333333
2021-03-25,19.675,77.75,7.133333333333333,0.0,19.875
2021-03-26,18.604166666666668,83.5,7.108333333333333,0.0,40.416666666666664
2021-03-27,17.941666666666666,83.875,6.529166666666666,0.0,57.5
2021-03-28,17.875,82.875,6.004166666666666,0.0,46.791666666666664
2021-03-29,18.341666666666665,75.625,6.4875,0.0,1.75
2021-03-30,17.758333333333333,84.20833333333333,7.004166666666666,0.0,46.791666666666664
2021-03-31,17.875,80.58333333333333,7.216666666666666,0.0,68.75
2021-04-01,17.9875,76.75,7.05,0.0,23.958333333333332
2021-04-02,18.129166666666666,80.33333333333333,5.762499999999999,0.0,11.75
2021-04-03,18.525000000000002,82.0,5.829166666666667,0.0,29.583333333333332
2021-04-04,19.970833333333335,70.95833333333333,5.795833333333333,0.1,14.166666666666666
2021-04-05,20.391666666666666,71.125,6.033333333333334,0.0,0.0
2021-04-06,19.208333333333332,86.125,7.55,0.1,46.583333333333336
2021-04-07,19.229166666666668,82.0,6.920833333333333,0.30000000000000004,83.20833333333333
2021-04-08,18.345833333333335,84.75,5.954166666666667,0.0,74.41666666666667
2021-04-09,18.408333333333335,84.125,6.866666666666666,0.5,87.70833333333333
2021-04-10,18.400000000000002,80.41666666666667,6.883333333333333,0.0,55.791666666666664
2021-04-11,17.916666666666668,81.375,6.4125000000000005,0.0,49.333333333333336
2021-04-12,18.179166666666667,80.875,5.645833333333333,0.0,54.333333333333336
2021-04-13,18.054166666666667,87.25,6.2875000000000005,0.0,52.958333333333336
2021-04-14,17.895833333333332,86.66666666666667,6.216666666666668,0.0,50.458333333333336
2021-04-15,17.708333333333332,86.16666666666667,5.866666666666667,0.0,55.25
2021-04-16,17.900000000000002,80.20833333333333,6.279166666666666,0.0,1.9583333333333333
2021-04-17,18.354166666666668,79.58333333333333,5.254166666666666,0.0,8.125
2021-04-18,17.816666666666666,87.29166666666667,6.0,0.0,52.125
2021-04-19,18.775000000000002,77.29166666666667,5.516666666666667,0.8,44.0
2021-04-20,18.2375,74.58333333333333,6.445833333333333,0.0,29.75
2021-04-21,18.3625,74.5,6.654166666666666,0.0,4.166666666666667
2021-04-22,18.216666666666665,79.83333333333333,7.083333333333333,0.0,43.583333333333336
2021-04-23,17.2375,77.625,8.133333333333333,0.0,18.5
2021-04-24,17.429166666666667,74.83333333333333,6.2,0.0,2.9583333333333335
2021-04-25,17.766666666666666,72.16666666666667,6.620833333333334,0.0,0.7916666666666666
2021-04-26,18.2625,70.20833333333333,5.425,0.0,0.041666666666666664
2021-04-27,17.675,72.04166666666667,5.4750000000000005,0.0,0.0
2021-04-28,17.954166666666666,73.41666666666667,5.7,0.0,0.6666666666666666
2021-04-29,17.220833333333335,81.25,6.654166666666666,0.0,9.166666666666666
2021-04-30,17.483333333333334,75.0,5.591666666666666,0.0,17.416666666666668
2021-05-01,17.179166666666667,79.08333333333333,4.9750000000000005,0.0,27.583333333333332
2021-05-02,18.25,72.875,4.466666666666667,0.0,37.416666666666664
2021-05-03,17.954166666666666,79.54166666666667,4.841666666666667,0.0,52.0
2021-05-04,18.008333333333333,78.375,5.466666666666666,0.0,12.083333333333334
2021-05-05,18.870833333333334,70.625,4.995833333333334,0.0,6.416666666666667
2021-05-06,18.05,82.375,4.733333333333333,0.0,22.625
2021-05-07,17.204166666666666,83.5,5.720833333333334,0.0,77.16666666666667
2021-05-08,16.658333333333335,83.20833333333333,6.783333333333334,0.0,21.25
2021-05-09,17.283333333333335,86.25,6.1625000000000005,0.0,56.416666666666664
2021-05-10,16.974999999999998,88.125,5.1125,0.0,96.0
2021-05-11,17.520833333333332,86.0,5.4750000000000005,0.0,94.95833333333333
2021-05-12,17.170833333333334,85.125,5.0,0.1,70.875
2021-05-13,18.020833333333332,82.875,5.745833333333334,0.4,41.75
2021-05-14,17.825,89.70833333333333,5.258333333333334,0.0,56.041666666666664
2021-05-15,17.516666666666666,90.375,5.491666666666667,0.0,59.916666666666664
2021-05-16,17.675,87.58333333333333,4.9624999999999995,0.0,39.291666666666664
2021-05-17,17.191666666666666,88.875,4.883333333333334,0.0,78.58333333333333
2021-05-18,17.25,86.29166666666667,5.6499999999999995,0.2,73.08333333333333
2021-05-19,16.833333333333332,80.91666666666667,5.608333333333333,0.0,22.708333333333332
2021-05-20,16.383333333333333,87.125,5.166666666666667,0.0,64.5
2021-05-21,17.395833333333332,72.75,5.995833333333334,0.0,33.5
2021-05-22,17.1875,64.91666666666667,4.925,0.0,35.791666666666664
2021-05-23,15.762500000000001,81.83333333333333,4.633333333333334,0.0,64.375
2021-05-24,15.258333333333333,84.20833333333333,4.495833333333334,0.0,70.58333333333333
2021-05-25,17.333333333333332,76.91666666666667,4.0125,0.0,76.875
2021-05-26,17.983333333333334,69.16666666666667,5.333333333333333,0.0,59.916666666666664
2021-05-27,18.474999999999998,69.29166666666667,4.054166666666666,0.0,63.083333333333336
2021-05-28,18.212500000000002,74.08333333333333,4.666666666666667,0.0,19.5
2021-05-29,17.420833333333334,86.75,4.7,0.0,37.0
2021-05-30,16.770833333333332,90.29166666666667,4.4125000000000005,0.0,58.458333333333336
2021-05-31,17.233333333333334,87.375,4.604166666666667,0.0,43.458333333333336
2021-06-01,16.145833333333332,86.79166666666667,4.591666666666667,0.1,57.791666666666664
2021-06-02,16.516666666666666,80.54166666666667,3.9333333333333336,0.0,18.458333333333332
2021-06-03,16.016666666666666,84.54166666666667,4.4125,0.0,21.166666666666668
2021-06-04,16.158333333333335,81.54166666666667,4.304166666666666,0.0,43.375
2021-06-05,16.404166666666665,74.83333333333333,4.5625,0.0,2.0
2021-06-06,16.400000000000002,86.83333333333333,4.675,0.0,34.541666666666664
2021-06-07,15.733333333333334,88.79166666666667,4.791666666666667,0.0,79.91666666666667
2021-06-08,15.816666666666668,87.16666666666667,5.116666666666666,0.0,87.45833333333333
2021-06-09,15.441666666666668,88.04166666666667,5.8374999999999995,0.0,59.916666666666664
2021-06-10,15.929166666666667,84.0,5.433333333333334,0.0,39.5
2021-06-11,15.966666666666667,87.25,4.629166666666666,0.0,54.833333333333336
2021-06-12,15.1,87.16666666666667,4.791666666666667,0.0,57.958333333333336
2021-06-13,14.637500000000001,86.70833333333333,5.1499999999999995,0.0,38.583333333333336
2021-06-14,15.991666666666667,85.16666666666667,3.6958333333333333,0.0,85.54166666666667
2021-06-15,16.179166666666667,78.875,4.920833333333333,0.0,83.83333333333333
2021-06-16,16.0625,80.58333333333333,4.591666666666667,0.0,13.916666666666666
2021-06-17,16.479166666666668,88.04166666666667,4.4750000000000005,0.0,26.291666666666668
2021-06-18,15.741666666666667,85.875,5.2749999999999995,0.2,53.583333333333336
2021-06-19,16.258333333333333,78.29166666666667,4.770833333333333,0.0,46.583333333333336
2021-06-20,15.012500000000001,88.58333333333333,6.120833333333334,0.5,90.54166666666667
2021-06-21,14.891666666666666,87.33333333333333,4.7749999999999995,0.0,79.66666666666667
2021-06-22,15.125,86.95833333333333,5.345833333333334,0.4,99.33333333333333
2021-06-23,16.270833333333332,77.20833333333333,5.879166666666666,0.5,48.666666666666664
2021-06-24,15.145833333333334,70.83333333333333,5.433333333333334,0.0,24.375
2021-06-25,14.629166666666668,84.25,5.4624999999999995,0.0,82.58333333333333
2021-06-26,14.775,84.33333333333333,5.691666666666666,0.0,92.5
2021-06-27,15.4125,83.70833333333333,5.2124999999999995,0.1,70.25
2021-06-28,15.362499999999999,64.29166666666667,4.379166666666666,0.0,28.458333333333332
2021-06-29,14.395833333333334,86.54166666666667,5.091666666666667,0.0,47.125
2021-06-30,14.083333333333334,87.91666666666667,4.175,0.0,57.625
2021-07-01,13.762500000000001,87.95833333333333,4.95,0.0,65.75
2021-07-02,14.033333333333333,90.125,4.545833333333333,0.0,70.79166666666667
2021-07-03,14.716666666666667,82.125,4.458333333333333,0.0,58.166666666666664
2021-07-04,14.799999999999999,79.83333333333333,4.929166666666666,0.0,42.541666666666664
2021-07-05,14.958333333333334,87.33333333333333,4.845833333333333,0.0,46.625
2021-07-06,14.866666666666667,88.83333333333333,5.8,0.0,77.54166666666667
2021-07-07,15.475,85.54166666666667,4.825,0.0,37.166666666666664
2021-07-08,14.6,87.66666666666667,5.1000000000000005,0.1,57.25
2021-07-09,14.637500000000001,86.54166666666667,5.1375,0.0,51.75
2021-07-10,14.854166666666666,84.66666666666667,4.479166666666667,0.0,70.875
2021-07-11,14.891666666666666,86.45833333333333,4.695833333333334,0.0,60.458333333333336
2021-07-12,16.229166666666668,76.08333333333333,4.733333333333333,0.0,85.29166666666667
2021-07-13,15.995833333333332,78.16666666666667,6.416666666666667,0.0,86.33333333333333
2021-07-14,14.608333333333334,88.66666666666667,6.495833333333334,0.0,76.875
2021-07-15,14.220833333333333,88.70833333333333,5.479166666666667,0.1,64.54166666666667
2021-07-16,13.895833333333334,85.54166666666667,5.2,0.4,79.29166666666667
2021-07-17,13.729166666666666,88.25,4.3625,0.0,92.16666666666667
2021-07-18,14.4125,85.20833333333333,4.241666666666666,0.0,75.45833333333333
2021-07-19,14.354166666666666,91.45833333333333,4.625,0.0,81.66666666666667
2021-07-20,15.404166666666667,84.54166666666667,4.170833333333333,0.0,38.125
2021-07-21,15.720833333333333,81.45833333333333,3.891666666666667,0.0,26.75
2021-07-22,14.579166666666666,89.83333333333333,5.108333333333333,0.0,66.5
2021-07-23,14.816666666666668,87.91666666666667,4.791666666666667,0.0,64.83333333333333
2021-07-24,15.262500000000001,83.16666666666667,5.454166666666667,0.0,46.458333333333336
2021-07-25,14.049999999999999,88.75,5.733333333333333,0.0,73.95833333333333
2021-07-26,13.833333333333334,86.29166666666667,5.454166666666667,0.0,60.625
2021-07-27,13.791666666666666,85.91666666666667,4.875,0.2,49.958333333333336
2021-07-28,14.170833333333334,81.79166666666667,3.891666666666667,0.0,35.25
2021-07-29,16.966666666666665,69.45833333333333,3.8375,0.0,13.125
2021-07-30,14.541666666666666,88.29166666666667,5.604166666666667,0.0,55.25
2021-07-31,14.6625,88.16666666666667,6.1499999999999995,1.5,55.958333333333336
2021-08-01,15.533333333333333,84.54166666666667,5.220833333333333,0.0,39.083333333333336
2021-08-02,15.433333333333332,83.375,4.320833333333334,0.0,44.083333333333336
2021-08-03,15.3375,82.54166666666667,4.716666666666667,0.0,21.083333333333332
2021-08-04,16.150000000000002,79.5,4.704166666666667,0.0,14.166666666666666
2021-08-05,15.512500000000001,73.79166666666667,4.758333333333334,0.0,27.083333333333332
2021-08-06,13.991666666666667,88.0,5.4624999999999995,0.0,67.29166666666667
2021-08-07,13.700000000000001,84.95833333333333,5.358333333333333,0.1,50.541666666666664
2021-08-08,13.775,85.58333333333333,5.829166666666667,0.0,61.791666666666664
2021-08-09,14.275,91.625,5.545833333333333,0.0,87.95833333333333
2021-08-10,14.045833333333334,89.91666666666667,5.270833333333333,0.6000000000000001,98.75
2021-08-11,13.570833333333333,89.41666666666667,5.141666666666667,0.0,94.04166666666667
2021-08-12,14.275,82.29166666666667,6.745833333333334,0.0,34.083333333333336
2021-08-13,14.108333333333334,83.79166666666667,5.55,0.0,39.458333333333336
2021-08-14,13.3375,90.20833333333333,5.670833333333333,0.0,80.20833333333333
2021-08-15,14.016666666666666,87.04166666666667,5.8500000000000005,0.1,62.833333333333336
2021-08-16,14.220833333333333,88.83333333333333,5.608333333333333,0.0,65.16666666666667
2021-08-17,14.533333333333333,88.375,5.325,0.0,66.91666666666667
2021-08-18,15.245833333333332,81.04166666666667,5.8374999999999995,0.0,24.5
2021-08-19,14.758333333333333,84.04166666666667,5.441666666666666,0.0,39.375
2021-08-20,16.058333333333334,80.45833333333333,5.375,0.0,24.083333333333332
2021-08-21,14.841666666666667,90.5,4.825,0.0,74.29166666666667
2021-08-22,15.2125,86.0,6.066666666666666,0.0,55.208333333333336
2021-08-23,14.1,87.70833333333333,6.008333333333333,0.0,73.58333333333333
2021-08-24,13.6625,77.125,6.979166666666667,0.0,54.208333333333336
2021-08-25,14.191666666666668,67.125,8.191666666666666,0.0,4.291666666666667
2021-08-26,14.329166666666666,72.875,6.129166666666666,0.0,38.583333333333336
2021-08-27,13.816666666666668,84.58333333333333,6.2250000000000005,0.0,60.708333333333336
2021-08-28,14.383333333333333,84.70833333333333,5.783333333333334,0.0,50.708333333333336
2021-08-29,14.762500000000001,79.75,5.795833333333333,0.0,32.5
2021-08-30,15.654166666666667,77.16666666666667,4.8,0.0,37.458333333333336
2021-08-31,15.466666666666667,83.54166666666667,6.116666666666667,0.0,28.666666666666668
2021-09-01,14.950000000000001,85.45833333333333,6.55,0.1,49.541666666666664
2021-09-02,14.616666666666667,89.0,5.75,0.0,93.75
2021-09-03,14.275,89.04166666666667,5.691666666666666,0.4,80.41666666666667
2021-09-04,15.070833333333333,84.875,5.654166666666666,0.0,43.708333333333336
2021-09-05,14.424999999999999,86.08333333333333,6.3125,0.1,89.20833333333333
2021-09-06,14.112499999999999,86.58333333333333,7.8125,0.2,97.125
2021-09-07,14.620833333333332,81.75,8.216666666666667,0.1,71.625
2021-09-08,14.9,75.625,5.925,0.0,28.583333333333332
2021-09-09,14.512500000000001,83.91666666666667,5.508333333333333,0.0,42.333333333333336
2021-09-10,15.4125,82.95833333333333,5.1625000000000005,0.0,39.458333333333336
2021-09-11,14.520833333333334,85.29166666666667,6.333333333333333,0.0,82.75
2021-09-12,14.316666666666668,84.45833333333333,6.208333333333333,0.0,93.625
2021-09-13,15.195833333333333,85.08333333333333,7.220833333333334,0.4,89.75
2021-09-14,14.220833333333333,85.33333333333333,6.308333333333334,0.0,66.125
2021-09-15,14.179166666666667,82.66666666666667,6.7250000000000005,0.0,48.458333333333336
2021-09-16,14.112499999999999,85.20833333333333,6.0249999999999995,0.0,52.083333333333336
2021-09-17,14.266666666666666,86.125,6.370833333333334,0.0,66.95833333333333
2021-09-18,14.029166666666667,86.625,5.691666666666666,0.1,91.29166666666667
2021-09-19,14.870833333333332,81.54166666666667,7.358333333333333,0.0,76.25
2021-09-20,14.458333333333334,84.70833333333333,6.891666666666667,0.0,65.33333333333333
2021-09-21,14.875,77.0,6.75,0.0,78.54166666666667
2021-09-22,14.858333333333334,83.75,6.841666666666666,0.4,67.0
2021-09-23,14.741666666666667,84.54166666666667,6.541666666666667,0.0,47.833333333333336
2021-09-24,14.845833333333333,77.54166666666667,5.420833333333333,0.0,38.25
2021-09-25,15.262500000000001,78.75,5.895833333333333,0.0,8.166666666666666
2021-09-26,15.395833333333334,81.875,5.7875000000000005,0.0,31.625
2021-09-27,15.825000000000001,79.91666666666667,5.545833333333333,0.0,34.625
2021-09-28,14.924999999999999,84.08333333333333,6.383333333333333,0.0,23.583333333333332
2021-09-29,15.391666666666666,84.125,6.254166666666666,0.0,36.875
2021-09-30,16.079166666666666,80.625,7.05,0.0,44.625
2021-10-01,15.345833333333333,84.91666666666667,6.554166666666667,0.0,53.791666666666664
2021-10-02,14.725,84.83333333333333,6.887499999999999,0.0,61.333333333333336
2021-10-03,14.887500000000001,83.875,6.925,0.0,59.833333333333336
2021-10-04,13.929166666666667,86.70833333333333,6.308333333333334,0.0,84.29166666666667
2021-10-05,14.583333333333334,80.125,7.183333333333334,0.0,57.916666666666664
2021-10-06,15.854166666666666,72.16666666666667,5.579166666666667,0.0,61.666666666666664
2021-10-07,16.170833333333334,71.58333333333333,6.504166666666666,0.0,24.75
2021-10-08,15.741666666666667,77.91666666666667,6.574999999999999,0.0,24.875
2021-10-09,15.387500000000001,85.125,7.258333333333333,0.0,63.375
2021-10-10,16.3875,77.375,6.120833333333334,0.0,27.333333333333332
2021-10-11,15.395833333333334,82.125,6.3125,0.0,28.791666666666668
2021-10-12,14.4125,84.58333333333333,8.054166666666667,0.0,67.25
2021-10-13,14.408333333333333,83.5,7.7749999999999995,0.0,60.041666666666664
2021-10-14,14.887500000000001,82.41666666666667,8.258333333333333,0.7000000000000001,69.625
2021-10-15,14.875,77.41666666666667,7.433333333333334,0.2,37.833333333333336
2021-10-16,14.666666666666666,81.41666666666667,7.641666666666667,0.0,50.916666666666664
2021-10-17,15.25,80.54166666666667,7.058333333333334,0.0,52.333333333333336
2021-10-18,14.629166666666668,84.16666666666667,6.733333333333333,0.2,65.08333333333333
2021-10-19,14.679166666666667,81.5,6.316666666666666,0.0,60.75
2021-10-20,14.508333333333333,81.41666666666667,6.966666666666666,0.0,31.791666666666668
2021-10-21,15.358333333333334,81.79166666666667,6.979166666666667,0.0,43.208333333333336
2021-10-22,14.791666666666666,84.04166666666667,6.875,0.0,68.04166666666667
2021-10-23,15.333333333333334,77.125,9.733333333333333,0.1,50.958333333333336
2021-10-24,15.070833333333333,79.0,7.433333333333334,0.0,40.416666666666664
2021-10-25,15.904166666666667,75.66666666666667,7.420833333333333,0.0,14.708333333333334
2021-10-26,16.0125,78.0,6.4875,0.0,16.875
2021-10-27,17.191666666666666,76.70833333333333,6.429166666666667,0.0,28.375
2021-10-28,17.508333333333333,78.16666666666667,6.429166666666667,0.0,39.791666666666664
2021-10-29,16.508333333333333,83.125,6.625,0.0,59.583333333333336
2021-10-30,17.0125,79.29166666666667,6.583333333333333,0.0,43.916666666666664
2021-10-31,16.558333333333334,78.91666666666667,6.6125,0.0,45.416666666666664
2021-11-01,16.720833333333335,75.375,6.820833333333333,0.0,9.083333333333334
2021-11-02,16.912499999999998,74.33333333333333,6.966666666666666,0.0,3.0416666666666665
2021-11-03,16.366666666666667,82.79166666666667,7.270833333333333,0.0,54.875
2021-11-04,16.233333333333334,83.33333333333333,8.5875,0.5,64.41666666666667
2021-11-05,16.099999999999998,85.25,7.6625000000000005,0.7000000000000001,62.791666666666664
2021-11-06,16.625,81.16666666666667,7.058333333333334,0.2,52.458333333333336
2021-11-07,16.5125,81.5,7.233333333333333,0.1,49.25
2021-11-08,16.1875,81.20833333333333,7.2375,0.5,50.208333333333336
2021-11-09,16.575,74.83333333333333,7.8374999999999995,0.0,6.541666666666667
2021-11-10,16.583333333333332,76.70833333333333,7.0375000000000005,0.0,7.708333333333333
2021-11-11,16.416666666666668,85.0,8.095833333333333,0.0,66.625
2021-11-12,16.454166666666666,81.66666666666667,9.049999999999999,0.30000000000000004,74.0
2021-11-13,16.579166666666666,80.625,8.483333333333333,0.2,95.16666666666667
2021-11-14,16.125,82.75,7.354166666666667,0.2,78.04166666666667
2021-11-15,16.495833333333334,79.20833333333333,8.4125,0.2,60.916666666666664
2021-11-16,15.9375,82.79166666666667,7.641666666666667,0.0,60.125
2021-11-17,15.904166666666667,80.66666666666667,8.233333333333333,0.0,49.541666666666664
2021-11-18,15.729166666666666,82.16666666666667,7.729166666666667,0.0,43.375
2021-11-19,16.316666666666666,80.375,7.241666666666667,0.0,50.833333333333336
2021-11-20,16.691666666666666,81.95833333333333,7.079166666666667,0.0,84.875
2021-11-21,17.520833333333332,78.75,7.154166666666666,0.0,80.20833333333333
2021-11-22,16.1125,85.16666666666667,7.179166666666667,0.1,87.70833333333333
2021-11-23,16.066666666666666,77.375,7.129166666666666,0.0,75.29166666666667
2021-11-24,16.770833333333332,74.25,7.533333333333334,0.0,36.333333333333336
2021-11-25,16.970833333333335,80.04166666666667,7.795833333333333,0.0,53.25
2021-11-26,17.408333333333335,76.79166666666667,7.262499999999999,0.0,39.833333333333336
2021-11-27,17.8625,78.54166666666667,8.420833333333333,0.0,56.333333333333336
2021-11-28,17.145833333333332,81.5,7.958333333333333,0.0,40.041666666666664
2021-11-29,17.245833333333334,78.45833333333333,8.033333333333333,0.0,45.125
2021-11-30,17.462500000000002,78.75,7.4125000000000005,0.0,40.625
2021-12-01,17.341666666666665,80.29166666666667,8.316666666666666,0.0,50.208333333333336
2021-12-02,17.2,81.95833333333333,8.154166666666667,0.0,44.583333333333336
2021-12-03,17.895833333333332,81.125,8.283333333333333,0.0,38.666666666666664
2021-12-04,17.733333333333334,83.08333333333333,7.45,0.0,56.958333333333336
2021-12-05,17.5125,84.33333333333333,7.683333333333334,0.0,85.75
2021-12-06,17.675,82.08333333333333,7.55,0.0,98.33333333333333
2021-12-07,17.787499999999998,82.0,8.391666666666667,0.0,59.791666666666664
2021-12-08,17.820833333333333,77.95833333333333,8.829166666666667,0.0,65.54166666666667
2021-12-09,17.779166666666665,77.58333333333333,8.783333333333333,0.0,64.75
2021-12-10,17.733333333333334,77.375,7.404166666666668,0.1,87.20833333333333
2021-12-11,17.675,73.29166666666667,8.595833333333333,0.0,16.041666666666668
2021-12-12,17.8375,76.04166666666667,7.333333333333333,0.0,17.375
2021-12-13,18.320833333333333,74.5,8.5,0.0,8.666666666666666
2021-12-14,18.741666666666667,73.41666666666667,7.654166666666666,0.0,7.916666666666667
2021-12-15,18.066666666666666,81.41666666666667,7.604166666666667,0.0,26.083333333333332
2021-12-16,17.6375,83.83333333333333,8.333333333333334,0.0,59.875
2021-12-17,17.766666666666666,80.70833333333333,8.145833333333334,0.0,78.0
2021-12-18,18.070833333333333,81.58333333333333,8.445833333333333,0.5,90.20833333333333
2021-12-19,18.325,80.45833333333333,7.916666666666667,0.1,91.375
2021-12-20,18.629166666666666,80.375,7.666666666666667,0.0,88.45833333333333
2021-12-21,19.016666666666666,77.875,7.208333333333333,0.0,96.5
2021-12-22,20.304166666666667,72.20833333333333,7.141666666666667,0.1,83.58333333333333
2021-12-23,21.025,72.875,5.2250000000000005,1.0,87.08333333333333
2021-12-24,21.570833333333336,72.70833333333333,5.7375,0.0,64.20833333333333
2021-12-25,22.34583333333333,65.83333333333333,5.2875000000000005,0.0,85.66666666666667
2021-12-26,22.204166666666666,69.04166666666667,6.666666666666667,0.0,2.9166666666666665
2021-12-27,20.354166666666668,78.33333333333333,7.833333333333333,0.0,15.875
2021-12-28,19.433333333333334,80.875,8.908333333333333,0.0,44.0
2021-12-29,19.349999999999998,76.25,9.725,0.0,54.625
2021-12-30,20.029166666666665,73.95833333333333,9.504166666666666,0.1,54.083333333333336
2021-12-31,19.962500000000002,75.33333333333333,8.987499999999999,0.0,27.416666666666668
2022-01-01,19.9375,77.79166666666667,8.433333333333334,0.0,34.375
2022-01-02,20.3,73.5,8.8125,0.0,2.0833333333333335
2022-01-03,20.45,72.45833333333333,8.916666666666666,0.0,20.166666666666668
2022-01-04,19.916666666666668,79.0,7.945833333333333,0.0,31.416666666666668
2022-01-05,19.995833333333334,76.66666666666667,6.879166666666666,0.0,17.125
2022-01-06,20.2375,77.375,8.0625,0.0,20.375
2022-01-07,19.558333333333334,80.0,7.154166666666666,0.0,54.5
2022-01-08,20.616666666666667,74.41666666666667,6.7124999999999995,0.0,45.166666666666664
2022-01-09,20.720833333333335,71.95833333333333,6.741666666666667,0.0,64.79166666666667
2022-01-10,20.895833333333332,70.08333333333333,7.154166666666666,0.0,51.25
2022-01-11,21.099999999999998,74.08333333333333,7.441666666666666,0.0,72.29166666666667
2022-01-12,20.420833333333334,79.875,8.091666666666667,0.0,65.95833333333333
2022-01-13,20.408333333333335,77.95833333333333,8.241666666666667,0.0,53.958333333333336
2022-01-14,20.483333333333334,77.75,8.0,0.1,89.625
2022-01-15,21.1625,73.83333333333333,7.083333333333333,0.0,47.208333333333336
2022-01-16,20.908333333333335,76.08333333333333,8.570833333333333,0.0,7.208333333333333
2022-01-17,20.470833333333335,78.58333333333333,8.5875,0.0,35.75
2022-01-18,20.404166666666665,76.625,8.125,0.0,29.5
2022-01-19,19.895833333333332,80.25,8.495833333333334,0.0,46.875
2022-01-20,19.420833333333334,81.25,8.579166666666667,0.0,62.541666666666664
2022-01-21,19.270833333333332,78.20833333333333,7.795833333333333,0.0,66.83333333333333
2022-01-22,19.191666666666666,74.16666666666667,8.870833333333334,0.0,5.375
2022-01-23,19.037499999999998,78.54166666666667,8.154166666666667,0.0,52.458333333333336
2022-01-24,19.2375,78.625,7.866666666666667,0.0,42.208333333333336
2022-01-25,19.087500000000002,80.29166666666667,6.983333333333333,0.0,39.041666666666664
2022-01-26,19.25,77.41666666666667,7.704166666666667,0.0,36.666666666666664
2022-01-27,19.791666666666668,74.41666666666667,7.804166666666667,0.0,64.41666666666667
2022-01-28,19.208333333333332,79.0,7.941666666666666,0.0,41.958333333333336
2022-01-29,19.616666666666667,75.29166666666667,8.058333333333334,0.0,20.416666666666668
2022-01-30,19.633333333333333,74.33333333333333,8.375,0.0,4.416666666666667
2022-01-31,19.6125,74.04166666666667,7.258333333333333,0.0,16.416666666666668
2022-02-01,20.258333333333333,70.70833333333333,7.641666666666667,0.0,0.625
2022-02-02,19.837500000000002,80.54166666666667,7.958333333333333,0.0,29.625
2022-02-03,19.541666666666668,81.58333333333333,7.8625,0.0,41.583333333333336
2022-02-04,20.045833333333334,73.33333333333333,8.0875,0.0,16.583333333333332
2022-02-05,19.525000000000002,76.45833333333333,6.675000000000001,0.0,6.5
2022-02-06,19.320833333333333,80.33333333333333,6.866666666666667,0.0,32.125
2022-02-07,19.408333333333335,81.75,7.920833333333333,0.0,28.583333333333332
2022-02-08,19.212500000000002,82.0,7.45,0.0,52.625
2022-02-09,18.891666666666666,84.54166666666667,6.895833333333333,0.6000000000000001,83.16666666666667
2022-02-10,19.866666666666667,73.45833333333333,7.479166666666667,0.0,21.0
2022-02-11,20.254166666666666,72.16666666666667,7.929166666666667,0.0,2.0
2022-02-12,20.420833333333334,75.5,7.7625,0.0,8.0
2022-02-13,20.379166666666666,73.79166666666667,7.283333333333334,0.0,16.583333333333332
2022-02-14,20.545833333333334,74.79166666666667,7.541666666666667,0.0,23.291666666666668
2022-02-15,20.491666666666667,75.375,8.054166666666667,0.0,21.125
2022-02-16,20.154166666666665,79.875,8.1625,0.0,35.875
2022-02-17,20.179166666666667,75.125,7.0874999999999995,0.0,15.833333333333334
2022-02-18,20.599999999999998,72.75,8.375,0.0,0.875
2022-02-19,21.5125,71.58333333333333,8.016666666666667,0.0,0.20833333333333334
2022-02-20,21.458333333333332,74.66666666666667,8.008333333333333,0.0,2.4583333333333335
2022-02-21,20.683333333333334,76.375,7.404166666666666,0.0,14.791666666666666
2022-02-22,19.883333333333333,77.25,7.1625000000000005,0.0,17.041666666666668
2022-02-23,20.425,70.375,7.325,0.0,0.75
2022-02-24,20.154166666666665,74.5,7.491666666666667,0.0,2.25
2022-02-25,20.295833333333334,69.29166666666667,6.8875,0.0,36.333333333333336
2022-02-26,19.8,74.91666666666667,7.4125000000000005,0.0,48.125
2022-02-27,19.9875,79.29166666666667,7.133333333333333,0.0,51.291666666666664
2022-02-28,19.691666666666666,80.75,7.166666666666667,0.0,65.08333333333333
2022-03-01,20.275,72.75,6.670833333333333,0.0,19.166666666666668
2022-03-02,20.662499999999998,70.83333333333333,6.0125,0.0,2.625
2022-03-03,21.6375,65.91666666666667,5.9624999999999995,0.0,63.875
2022-03-04,22.712500000000002,66.58333333333333,5.895833333333333,0.0,5.708333333333333
2022-03-05,22.1875,72.95833333333333,6.091666666666666,0.0,10.416666666666666
2022-03-06,20.970833333333335,81.04166666666667,7.016666666666667,0.0,46.833333333333336
2022-03-07,20.462500000000002,79.70833333333333,6.404166666666666,0.0,52.583333333333336
2022-03-08,21.037499999999998,74.375,6.7375,0.0,3.4583333333333335
2022-03-09,20.2625,83.08333333333333,6.791666666666667,0.0,28.333333333333332
2022-03-10,19.875,81.45833333333333,7.375,0.0,24.041666666666668
2022-03-11,19.4875,83.20833333333333,6.533333333333334,0.0,43.458333333333336
2022-03-12,19.983333333333334,79.29166666666667,6.170833333333333,0.0,21.791666666666668
2022-03-13,19.974999999999998,79.375,6.3374999999999995,0.0,17.166666666666668
2022-03-14,19.654166666666665,81.70833333333333,6.995833333333334,0.0,13.083333333333334
2022-03-15,19.916666666666668,82.45833333333333,5.983333333333333,1.0,23.875
2022-03-16,20.133333333333333,80.91666666666667,5.55,1.5,45.958333333333336
2022-03-17,20.025000000000002,79.29166666666667,5.916666666666667,0.0,26.291666666666668
2022-03-18,20.033333333333335,78.79166666666667,6.533333333333334,0.0,56.25
2022-03-19,19.0625,82.16666666666667,5.941666666666666,0.0,50.083333333333336
2022-03-20,18.316666666666666,84.625,6.708333333333333,0.0,55.083333333333336
2022-03-21,18.133333333333333,84.20833333333333,7.3,0.0,55.916666666666664
2022-03-22,17.912499999999998,82.04166666666667,7.875,0.0,52.291666666666664
2022-03-23,18.075,81.66666666666667,7.5,0.0,45.333333333333336
2022-03-24,17.804166666666667,79.58333333333333,6.929166666666667,0.2,37.375
2022-03-25,17.891666666666666,80.33333333333333,5.933333333333334,0.0,19.625
2022-03-26,18.541666666666668,75.25,6.258333333333333,0.0,5.375
2022-03-27,18.25,82.79166666666667,6.433333333333334,0.0,24.0
2022-03-28,17.45,85.29166666666667,6.154166666666666,0.0,56.0
2022-03-29,17.420833333333334,84.33333333333333,6.870833333333334,0.0,68.20833333333333
2022-03-30,17.5625,78.79166666666667,6.133333333333333,0.0,41.416666666666664
2022-03-31,17.183333333333334,79.29166666666667,6.358333333333333,0.0,5.083333333333333
2022-04-01,17.3875,83.625,5.970833333333334,0.0,52.208333333333336
2022-04-02,17.841666666666665,79.66666666666667,6.479166666666667,0.0,18.125
2022-04-03,17.691666666666666,78.04166666666667,5.720833333333334,0.0,7.5
2022-04-04,17.608333333333334,83.625,5.55,0.0,51.875
2022-04-05,18.0625,81.70833333333333,5.183333333333334,0.0,74.66666666666667
2022-04-06,16.5625,88.16666666666667,5.670833333333333,0.0,86.79166666666667
2022-04-07,17.608333333333334,85.875,6.658333333333334,0.0,76.29166666666667
2022-04-08,17.3125,85.41666666666667,6.570833333333333,0.0,54.708333333333336
2022-04-09,16.595833333333335,82.5,6.6625000000000005,0.1,46.125
2022-04-10,16.354166666666668,83.95833333333333,6.766666666666667,0.0,59.458333333333336
2022-04-11,16.6875,81.16666666666667,8.129166666666666,0.0,50.375
2022-04-12,16.783333333333335,78.16666666666667,6.6000000000000005,0.0,22.375
2022-04-13,16.270833333333332,83.25,5.620833333333334,0.0,52.75
2022-04-14,15.716666666666667,84.83333333333333,5.358333333333333,0.1,75.91666666666667
2022-04-15,15.825000000000001,74.08333333333333,7.958333333333333,0.0,6.083333333333333
2022-04-16,16.191666666666666,74.625,6.4750000000000005,0.0,3.2083333333333335
2022-04-17,15.737499999999999,84.08333333333333,5.883333333333333,0.0,40.666666666666664
2022-04-18,16.004166666666666,82.125,5.404166666666666,0.0,39.5
2022-04-19,16.679166666666667,76.875,5.4750000000000005,0.0,38.25
2022-04-20,17.0,79.20833333333333,4.954166666666667,0.0,38.041666666666664
2022-04-21,17.0,86.45833333333333,6.495833333333334,0.0,42.708333333333336
2022-04-22,16.854166666666668,84.91666666666667,6.116666666666667,0.0,47.958333333333336
2022-04-23,16.724999999999998,84.58333333333333,5.333333333333333,0.0,64.70833333333333
2022-04-24,16.970833333333335,83.5,6.054166666666667,0.0,33.875
2022-04-25,16.849999999999998,88.58333333333333,5.529166666666666,0.0,88.33333333333333
2022-04-26,17.279166666666665,84.70833333333333,5.916666666666667,0.2,96.95833333333333
2022-04-27,16.458333333333332,86.0,6.0375000000000005,0.0,67.83333333333333
2022-04-28,16.058333333333334,85.04166666666667,5.2749999999999995,0.0,99.79166666666667
2022-04-29,17.008333333333333,77.29166666666667,6.429166666666667,0.0,98.25
2022-04-30,16.458333333333332,86.04166666666667,5.3125,0.0,55.5
2022-05-01,15.654166666666667,88.16666666666667,5.820833333333333,0.0,76.04166666666667
2022-05-02,16.158333333333335,78.95833333333333,6.920833333333333,0.1,37.666666666666664
2022-05-03,15.704166666666666,83.66666666666667,4.566666666666666,0.0,25.708333333333332
2022-05-04,16.341666666666665,82.20833333333333,5.329166666666667,0.0,25.083333333333332
2022-05-05,15.833333333333334,84.25,5.633333333333333,0.0,49.375
2022-05-06,16.145833333333332,87.125,6.3500000000000005,0.0,86.29166666666667
2022-05-07,16.133333333333333,83.04166666666667,6.3875,0.30000000000000004,91.0
2022-05-08,17.254166666666666,73.58333333333333,6.0625,0.1,32.791666666666664
2022-05-09,17.224999999999998,72.16666666666667,5.0375000000000005,0.0,3.2083333333333335
2022-05-10,15.858333333333334,85.125,4.891666666666667,0.0,55.583333333333336
2022-05-11,15.866666666666667,81.54166666666667,4.691666666666666,0.0,7.958333333333333
2022-05-12,15.745833333333332,87.375,5.708333333333333,0.0,59.666666666666664
2022-05-13,15.145833333333334,88.625,5.5874999999999995,0.4,59.666666666666664
2022-05-14,15.2125,86.20833333333333,4.691666666666666,0.0,45.166666666666664
2022-05-15,14.866666666666667,83.125,4.179166666666666,0.0,81.04166666666667
2022-05-16,15.091666666666667,81.08333333333333,5.5125,0.0,86.125
2022-05-17,15.295833333333334,83.75,4.595833333333333,0.1,79.08333333333333
2022-05-18,15.200000000000001,78.91666666666667,5.341666666666666,0.0,84.08333333333333
2022-05-19,14.991666666666667,78.16666666666667,5.304166666666666,0.0,5.666666666666667
2022-05-20,17.087500000000002,72.08333333333333,5.229166666666667,0.0,52.958333333333336
2022-05-21,15.666666666666666,88.54166666666667,5.1499999999999995,0.0,61.083333333333336
2022-05-22,15.620833333333332,87.16666666666667,4.783333333333333,0.0,58.916666666666664
2022-05-23,15.320833333333333,88.75,4.658333333333333,0.0,64.29166666666667
2022-05-24,14.816666666666668,89.83333333333333,4.5874999999999995,0.0,63.791666666666664
2022-05-25,15.237499999999999,89.20833333333333,4.920833333333333,0.0,83.41666666666667
2022-05-26,15.279166666666667,86.83333333333333,4.354166666666667,0.0,90.58333333333333
2022-05-27,14.729166666666666,89.29166666666667,5.545833333333333,0.0,84.125
2022-05-28,14.525,89.04166666666667,5.366666666666666,0.0,93.08333333333333
2022-05-29,14.3125,86.54166666666667,6.191666666666666,0.4,92.91666666666667
2022-05-30,14.304166666666667,86.95833333333333,5.883333333333333,0.0,79.25
2022-05-31,14.2125,83.625,5.070833333333334,0.2,66.70833333333333
2022-06-01,13.695833333333333,76.83333333333333,6.020833333333333,0.0,8.5
2022-06-02,15.208333333333334,65.33333333333333,5.654166666666666,0.0,11.916666666666666
2022-06-03,16.8125,51.25,4.195833333333334,0.0,74.70833333333333
2022-06-04,16.945833333333333,54.041666666666664,4.829166666666667,0.0,77.54166666666667
2022-06-05,15.291666666666666,81.08333333333333,5.283333333333333,1.6,59.458333333333336
2022-06-06,15.933333333333332,77.375,4.229166666666667,0.0,2.0
2022-06-07,15.191666666666668,90.58333333333333,4.308333333333333,0.0,80.79166666666667
2022-06-08,14.8125,86.58333333333333,6.3,0.0,67.95833333333333
2022-06-09,14.583333333333334,80.0,4.495833333333334,0.0,37.041666666666664
2022-06-10,14.4375,88.625,5.066666666666667,0.0,78.91666666666667
2022-06-11,14.483333333333334,89.08333333333333,5.375,0.1,64.33333333333333
2022-06-12,14.25,87.83333333333333,4.741666666666666,0.2,53.875
2022-06-13,13.620833333333332,83.79166666666667,5.4875,0.0,68.125
2022-06-14,13.679166666666667,86.33333333333333,5.695833333333333,0.2,89.83333333333333
2022-06-15,13.237499999999999,83.75,6.358333333333333,0.0,82.08333333333333
2022-06-16,13.683333333333332,80.95833333333333,7.358333333333333,0.0,41.0
2022-06-17,13.970833333333333,73.58333333333333,5.929166666666667,0.0,9.333333333333334
2022-06-18,13.708333333333334,82.20833333333333,4.983333333333333,0.0,69.0
2022-06-19,13.391666666666666,78.45833333333333,6.416666666666667,0.0,24.416666666666668
2022-06-20,13.520833333333334,84.58333333333333,5.2875000000000005,0.0,51.083333333333336
2022-06-21,13.275,74.83333333333333,6.533333333333334,0.0,27.416666666666668
2022-06-22,13.816666666666668,69.45833333333333,6.1499999999999995,0.0,37.083333333333336
2022-06-23,13.616666666666667,73.375,5.504166666666666,0.0,68.95833333333333
2022-06-24,14.491666666666667,74.20833333333333,5.0249999999999995,0.0,98.54166666666667
2022-06-25,14.954166666666666,84.83333333333333,5.129166666666666,0.0,95.95833333333333
2022-06-26,14.65,89.66666666666667,4.754166666666666,0.0,98.125
2022-06-27,15.166666666666666,84.375,4.691666666666666,1.3,99.79166666666667
2022-06-28,16.716666666666665,70.41666666666667,4.3500000000000005,0.0,6.291666666666667
2022-06-29,15.883333333333333,80.25,4.341666666666667,0.0,33.958333333333336
2022-06-30,14.35,87.75,4.6499999999999995,0.0,59.833333333333336
2022-07-01,13.520833333333334,87.16666666666667,5.729166666666667,0.0,53.083333333333336
2022-07-02,14.158333333333333,84.29166666666667,4.55,0.0,61.458333333333336
2022-07-03,13.879166666666668,89.625,5.325,0.0,76.95833333333333
2022-07-04,13.520833333333334,90.66666666666667,4.05,0.0,94.875
2022-07-05,13.620833333333332,88.70833333333333,4.175,0.0,97.04166666666667
2022-07-06,13.558333333333332,87.33333333333333,3.9583333333333335,0.0,81.875
2022-07-07,15.333333333333334,71.70833333333333,4.645833333333333,0.0,37.708333333333336
2022-07-08,15.512500000000001,80.5,7.016666666666667,0.0,77.0
2022-07-09,14.733333333333334,87.04166666666667,5.1499999999999995,0.0,80.25
2022-07-10,13.979166666666666,84.08333333333333,5.316666666666666,0.0,75.91666666666667
2022-07-11,14.879166666666668,71.79166666666667,6.058333333333334,0.0,14.791666666666666
2022-07-12,14.458333333333334,70.875,5.354166666666667,0.0,24.083333333333332
2022-07-13,14.329166666666666,85.25,7.079166666666667,1.5,99.58333333333333
2022-07-14,14.904166666666667,74.20833333333333,5.8875,0.0,52.208333333333336
2022-07-15,12.775,76.95833333333333,7.2124999999999995,0.0,3.625
2022-07-16,13.229166666666666,73.08333333333333,6.391666666666667,0.0,6.791666666666667
2022-07-17,13.991666666666667,75.08333333333333,4.379166666666666,0.0,38.375
2022-07-18,13.958333333333334,87.41666666666667,3.8125,0.2,56.25
2022-07-19,14.6875,83.83333333333333,4.041666666666667,0.0,63.0
2022-07-20,14.725,90.625,4.666666666666667,0.0,93.20833333333333
2022-07-21,14.1875,90.625,5.9750000000000005,0.0,100.0
2022-07-22,13.5375,91.16666666666667,5.5874999999999995,0.0,100.0
2022-07-23,13.875,86.25,5.408333333333334,0.0,64.70833333333333
2022-07-24,14.041666666666666,80.0,5.320833333333334,0.0,29.541666666666668
2022-07-25,13.424999999999999,85.0,6.004166666666666,0.0,36.125
2022-07-26,13.875,88.08333333333333,5.7875000000000005,0.0,73.58333333333333
2022-07-27,13.887500000000001,92.75,4.629166666666666,0.0,95.33333333333333
2022-07-28,13.870833333333332,91.0,4.7124999999999995,0.0,95.83333333333333
2022-07-29,13.525,90.20833333333333,5.5625,0.0,74.45833333333333
2022-07-30,13.674999999999999,87.58333333333333,4.079166666666667,0.0,69.54166666666667
2022-07-31,13.641666666666666,89.79166666666667,5.55,0.0,74.79166666666667
2022-08-01,13.725,89.91666666666667,5.3125,0.4,79.0
2022-08-02,13.516666666666666,89.875,6.3500000000000005,0.0,85.66666666666667
2022-08-03,14.5,80.41666666666667,7.291666666666667,0.2,56.375
2022-08-04,14.108333333333334,83.875,5.6125,0.0,70.58333333333333
2022-08-05,13.495833333333332,86.5,5.629166666666666,0.30000000000000004,64.91666666666667
2022-08-06,14.033333333333333,79.95833333333333,6.375,0.0,13.833333333333334
2022-08-07,15.529166666666667,61.583333333333336,6.316666666666666,0.0,9.75
2022-08-08,13.979166666666666,80.41666666666667,5.079166666666667,0.0,49.791666666666664
2022-08-09,16.704166666666666,59.041666666666664,3.9125,0.0,22.791666666666668
2022-08-10,13.670833333333334,86.58333333333333,4.608333333333333,0.0,49.0
2022-08-11,13.8375,82.66666666666667,5.733333333333333,0.0,54.583333333333336
2022-08-12,13.391666666666666,84.66666666666667,6.141666666666667,0.0,72.125
2022-08-13,12.9625,87.45833333333333,6.208333333333333,0.0,85.875
2022-08-14,13.4625,82.75,6.175,0.0,47.166666666666664
2022-08-15,13.970833333333333,81.375,5.5249999999999995,0.0,37.166666666666664
2022-08-16,14.191666666666668,74.0,5.970833333333334,0.0,58.25
2022-08-17,14.404166666666667,82.45833333333333,6.820833333333333,0.7000000000000001,65.04166666666667
2022-08-18,15.808333333333332,71.16666666666667,5.091666666666667,0.0,23.833333333333332
2022-08-19,13.695833333333333,86.16666666666667,4.991666666666666,0.0,57.25
2022-08-20,13.233333333333334,89.08333333333333,5.145833333333333,0.0,90.875
2022-08-21,13.166666666666666,87.20833333333333,5.929166666666667,0.0,47.416666666666664
2022-08-22,13.379166666666668,85.0,5.7124999999999995,0.0,42.5
2022-08-23,14.025,84.58333333333333,5.591666666666666,0.2,42.875
2022-08-24,13.633333333333333,89.33333333333333,5.704166666666667,0.0,79.58333333333333
2022-08-25,13.679166666666667,87.33333333333333,5.708333333333333,0.0,65.25
2022-08-26,13.579166666666666,81.29166666666667,6.5375000000000005,0.0,82.70833333333333
2022-08-27,14.166666666666666,78.41666666666667,5.533333333333334,0.0,27.833333333333332
2022-08-28,15.291666666666666,79.20833333333333,5.316666666666666,0.0,74.83333333333333
2022-08-29,14.275,86.625,5.120833333333334,0.0,61.0
2022-08-30,13.633333333333333,88.95833333333333,5.779166666666666,0.0,88.79166666666667
2022-08-31,13.683333333333332,82.79166666666667,7.8500000000000005,0.7000000000000001,77.83333333333333
2022-09-01,14.383333333333333,77.83333333333333,7.5,0.0,53.291666666666664
2022-09-02,13.970833333333333,85.625,5.733333333333333,0.0,71.125
2022-09-03,14.558333333333332,81.45833333333333,5.604166666666667,0.0,56.166666666666664
2022-09-04,14.583333333333334,81.625,5.329166666666667,0.0,46.125
2022-09-05,15.1,81.875,5.420833333333333,0.0,63.625
2022-09-06,14.341666666666667,81.33333333333333,4.870833333333333,0.0,52.0
2022-09-07,13.504166666666668,80.66666666666667,7.008333333333333,0.0,49.416666666666664
2022-09-08,13.125,81.20833333333333,6.629166666666666,0.30000000000000004,48.333333333333336
2022-09-09,14.008333333333333,81.79166666666667,7.945833333333333,0.0,55.375
2022-09-10,13.829166666666666,86.0,7.970833333333334,0.6000000000000001,82.66666666666667
2022-09-11,13.875,83.66666666666667,8.6875,0.4,68.33333333333333
2022-09-12,13.679166666666667,84.91666666666667,8.033333333333333,0.0,71.58333333333333
2022-09-13,14.179166666666667,78.25,7.270833333333333,0.0,34.458333333333336
2022-09-14,15.770833333333334,63.5,5.9875,0.0,16.416666666666668
2022-09-15,13.529166666666667,84.95833333333333,5.7875000000000005,0.0,59.666666666666664
2022-09-16,13.4625,80.08333333333333,5.8500000000000005,0.0,43.125
2022-09-17,13.320833333333333,77.33333333333333,7.166666666666667,0.0,16.583333333333332
2022-09-18,14.2125,79.0,6.641666666666667,0.0,21.458333333333332
2022-09-19,14.012500000000001,84.95833333333333,7.370833333333334,0.0,72.91666666666667
2022-09-20,13.645833333333334,80.75,8.720833333333333,0.4,60.041666666666664
2022-09-21,13.424999999999999,80.54166666666667,6.0874999999999995,0.0,50.208333333333336
2022-09-22,13.708333333333334,86.25,5.6125,0.0,65.375
2022-09-23,14.179166666666667,82.41666666666667,6.6625000000000005,0.30000000000000004,53.25
2022-09-24,13.85,80.91666666666667,7.1000000000000005,0.0,51.875
2022-09-25,14.591666666666667,81.58333333333333,6.633333333333333,0.0,40.208333333333336
2022-09-26,14.308333333333332,85.83333333333333,7.041666666666667,0.0,74.41666666666667
2022-09-27,14.066666666666668,82.79166666666667,6.654166666666666,0.1,64.375
2022-09-28,14.508333333333333,76.04166666666667,7.004166666666666,0.0,15.125
2022-09-29,13.5375,80.83333333333333,6.841666666666666,0.0,48.666666666666664
2022-09-30,13.966666666666667,83.66666666666667,6.7375,0.0,64.54166666666667
2022-10-01,14.6875,81.83333333333333,6.441666666666666,0.0,45.916666666666664
2022-10-02,15.137500000000001,78.83333333333333,6.125,0.0,46.166666666666664
2022-10-03,14.958333333333334,77.875,6.4375,0.0,29.375
2022-10-04,14.120833333333332,79.91666666666667,7.8374999999999995,0.0,57.791666666666664
2022-10-05,15.475,74.04166666666667,7.295833333333333,0.0,37.916666666666664
2022-10-06,17.1875,54.708333333333336,5.983333333333333,0.0,3.2083333333333335
2022-10-07,15.354166666666666,79.16666666666667,6.4125000000000005,0.0,38.25
2022-10-08,15.429166666666667,79.04166666666667,7.7625,0.0,81.54166666666667
2022-10-09,14.783333333333333,81.5,6.6375,0.0,59.708333333333336
2022-10-10,14.591666666666667,78.25,7.254166666666666,0.0,19.666666666666668
2022-10-11,14.275,82.875,7.3,0.0,52.833333333333336
2022-10-12,14.195833333333333,82.95833333333333,7.3125,0.2,71.58333333333333
2022-10-13,14.416666666666666,80.95833333333333,6.904166666666666,0.0,49.708333333333336
2022-10-14,14.541666666666666,81.58333333333333,6.7625,0.0,61.583333333333336
2022-10-15,15.620833333333332,75.66666666666667,6.141666666666667,0.0,28.583333333333332
2022-10-16,15.608333333333334,77.83333333333333,6.541666666666667,0.0,37.041666666666664
2022-10-17,15.279166666666667,79.625,6.9125000000000005,0.0,17.833333333333332
2022-10-18,14.795833333333334,82.20833333333333,7.029166666666666,0.0,33.416666666666664
2022-10-19,15.108333333333334,83.83333333333333,7.754166666666666,0.4,67.54166666666667
2022-10-20,15.304166666666667,81.25,7.904166666666666,0.0,55.375
2022-10-21,14.862499999999999,84.79166666666667,6.895833333333333,0.0,69.33333333333333
2022-10-22,15.104166666666666,82.08333333333333,6.441666666666666,0.0,51.291666666666664
2022-10-23,15.325000000000001,82.125,6.833333333333333,0.0,44.958333333333336
2022-10-24,15.4,81.66666666666667,6.954166666666667,0.0,39.791666666666664
2022-10-25,15.299999999999999,81.95833333333333,8.0,0.0,67.70833333333333
2022-10-26,14.866666666666667,84.0,7.241666666666667,0.0,54.791666666666664
2022-10-27,15.0875,81.04166666666667,6.883333333333333,0.2,48.75
2022-10-28,15.358333333333334,79.83333333333333,7.241666666666667,0.0,31.583333333333332
2022-10-29,14.9125,85.29166666666667,7.479166666666667,0.0,74.0
2022-10-30,15.237499999999999,75.5,7.716666666666668,0.0,11.208333333333334
2022-10-31,15.729166666666666,79.08333333333333,6.925,0.0,34.375
2022-11-01,16.337500000000002,78.83333333333333,6.466666666666666,0.0,26.958333333333332
2022-11-02,16.587500000000002,80.91666666666667,6.75,0.0,42.083333333333336
2022-11-03,16.3875,79.5,6.3875,0.0,29.125
2022-11-04,15.9,79.875,7.558333333333334,0.0,40.125
2022-11-05,15.549999999999999,80.5,7.6499999999999995,0.0,66.125
2022-11-06,15.891666666666666,81.66666666666667,7.720833333333334,0.0,78.58333333333333
2022-11-07,16.849999999999998,79.66666666666667,7.533333333333334,0.0,45.916666666666664
2022-11-08,17.1875,80.375,6.820833333333333,0.0,44.291666666666664
2022-11-09,17.2375,73.54166666666667,7.433333333333334,0.0,22.625
2022-11-10,17.287499999999998,74.41666666666667,7.1375,0.0,26.291666666666668
2022-11-11,16.979166666666668,79.25,7.070833333333333,0.0,23.958333333333332
2022-11-12,17.029166666666665,79.16666666666667,8.066666666666666,0.0,19.083333333333332
2022-11-13,17.483333333333334,73.625,7.654166666666666,0.0,3.5416666666666665
2022-11-14,17.1125,80.29166666666667,7.391666666666667,0.0,52.625
2022-11-15,17.516666666666666,74.66666666666667,7.9875,0.2,40.625
2022-11-16,17.370833333333334,80.45833333333333,7.391666666666667,0.0,59.0
2022-11-17,17.412499999999998,83.08333333333333,7.854166666666667,0.30000000000000004,80.625
2022-11-18,17.745833333333334,81.04166666666667,7.9624999999999995,0.30000000000000004,59.833333333333336
2022-11-19,17.7625,82.5,7.533333333333334,0.1,59.458333333333336
2022-11-20,17.808333333333334,82.16666666666667,7.675,0.0,71.66666666666667
2022-11-21,18.045833333333334,77.95833333333333,7.05,0.0,40.166666666666664
2022-11-22,17.758333333333333,81.75,6.958333333333333,0.0,40.541666666666664
2022-11-23,18.8625,77.875,7.5625,0.0,30.5
2022-11-24,20.05,72.625,6.345833333333334,0.0,34.208333333333336
2022-11-25,20.108333333333334,74.16666666666667,6.979166666666667,0.0,28.125
2022-11-26,18.629166666666666,81.70833333333333,7.9375,0.0,70.83333333333333
2022-11-27,18.1875,81.20833333333333,8.0625,0.0,97.29166666666667
2022-11-28,18.162499999999998,77.45833333333333,9.15,0.4,77.375
2022-11-29,18.058333333333334,77.70833333333333,8.770833333333334,0.30000000000000004,71.29166666666667
2022-11-30,17.95,79.16666666666667,8.558333333333334,0.0,27.666666666666668
2022-12-01,17.954166666666666,82.70833333333333,7.666666666666667,0.0,42.083333333333336
2022-12-02,18.462500000000002,80.5,7.395833333333333,0.0,41.0
2022-12-03,18.695833333333333,78.75,7.179166666666667,0.0,18.583333333333332
2022-12-04,18.6875,79.75,6.783333333333334,0.0,39.791666666666664
2022-12-05,18.4875,79.79166666666667,6.445833333333333,0.0,26.541666666666668
2022-12-06,18.837500000000002,81.20833333333333,7.3875,0.0,61.458333333333336
2022-12-07,19.05,77.95833333333333,7.4875,0.0,65.0
2022-12-08,19.070833333333333,80.70833333333333,7.954166666666667,0.0,52.458333333333336
2022-12-09,19.791666666666668,71.625,7.129166666666666,0.0,81.625
2022-12-10,20.825,68.125,6.579166666666667,0.0,56.75
2022-12-11,20.833333333333332,74.04166666666667,6.366666666666667,0.0,99.91666666666667
2022-12-12,21.84583333333333,71.66666666666667,7.145833333333333,0.0,67.08333333333333
2022-12-13,22.77916666666667,63.791666666666664,6.366666666666667,0.0,29.0
2022-12-14,21.329166666666666,76.33333333333333,7.55,0.0,29.708333333333332
2022-12-15,19.9875,81.95833333333333,8.120833333333334,0.0,59.666666666666664
2022-12-16,20.020833333333332,79.45833333333333,7.704166666666667,0.0,48.416666666666664
2022-12-17,20.712500000000002,70.66666666666667,8.683333333333334,0.0,29.916666666666668
2022-12-18,20.291666666666668,76.08333333333333,7.9875,0.0,17.583333333333332
2022-12-19,20.6875,77.04166666666667,7.629166666666666,0.0,9.291666666666666
2022-12-20,20.641666666666666,79.91666666666667,8.137500000000001,0.0,19.541666666666668
2022-12-21,19.670833333333334,85.54166666666667,7.0874999999999995,0.0,60.541666666666664
2022-12-22,20.325,78.58333333333333,9.604166666666666,0.0,40.0
2022-12-23,20.041666666666668,77.75,8.924999999999999,0.30000000000000004,44.875
2022-12-24,19.2625,80.875,7.925,0.0,48.166666666666664
2022-12-25,19.166666666666668,75.625,7.966666666666666,0.0,47.833333333333336
2022-12-26,20.8,66.29166666666667,8.245833333333334,0.0,0.0
2022-12-27,20.6375,71.58333333333333,8.508333333333333,0.0,0.5
2022-12-28,20.412499999999998,74.875,7.7749999999999995,0.0,4.625
2022-12-29,19.370833333333334,80.66666666666667,8.3125,0.0,20.5
2022-12-30,19.408333333333335,75.5,8.895833333333334,0.0,19.875
2022-12-31,20.316666666666666,64.75,8.158333333333333,0.0,9.541666666666666
2023-01-01,20.333333333333332,69.0,8.237499999999999,0.0,5.666666666666667
2023-01-02,19.675,78.20833333333333,8.975,0.0,23.166666666666668
2023-01-03,19.483333333333334,77.83333333333333,8.366666666666667,0.0,23.125
2023-01-04,20.224999999999998,73.04166666666667,7.183333333333334,0.0,16.708333333333332
2023-01-05,21.458333333333332,65.83333333333333,7.166666666666667,0.0,0.75
2023-01-06,21.766666666666666,65.58333333333333,7.029166666666666,0.0,4.625
2023-01-07,21.53333333333333,71.5,7.191666666666666,0.0,15.041666666666666
2023-01-08,20.3625,78.79166666666667,7.4875,0.0,18.583333333333332
2023-01-09,19.966666666666665,79.875,8.133333333333333,0.0,40.833333333333336
2023-01-10,20.7375,73.33333333333333,7.745833333333334,0.0,7.708333333333333
2023-01-11,20.491666666666667,81.70833333333333,7.683333333333334,0.0,32.5
2023-01-12,20.183333333333334,80.16666666666667,7.945833333333333,0.0,26.833333333333332
2023-01-13,20.395833333333332,78.54166666666667,8.533333333333333,0.0,38.625
2023-01-14,20.341666666666665,77.70833333333333,8.0,0.0,6.833333333333333
2023-01-15,20.791666666666668,74.70833333333333,8.025,0.0,1.4166666666666667
2023-01-16,20.541666666666668,75.70833333333333,7.8374999999999995,0.0,4.041666666666667
2023-01-17,21.245833333333334,71.20833333333333,8.049999999999999,0.0,0.625
2023-01-18,20.783333333333335,79.875,8.008333333333333,0.0,55.583333333333336
2023-01-19,20.304166666666667,79.79166666666667,7.7,0.0,50.458333333333336
2023-01-20,20.479166666666668,76.20833333333333,9.120833333333334,0.0,22.333333333333332
2023-01-21,20.620833333333334,75.04166666666667,7.5249999999999995,0.0,31.916666666666668
2023-01-22,21.070833333333333,74.25,7.391666666666667,0.0,5.791666666666667
2023-01-23,21.554166666666664,75.79166666666667,7.325,0.0,1.8333333333333333
2023-01-24,21.325,79.5,7.816666666666666,0.0,31.666666666666668
2023-01-25,21.55,77.625,7.708333333333333,0.0,35.5
2023-01-26,21.162499999999998,80.75,7.766666666666667,0.0,47.333333333333336
2023-01-27,21.158333333333335,80.08333333333333,7.620833333333334,0.0,40.125
2023-01-28,21.34583333333333,77.5,7.416666666666667,0.0,55.75
2023-01-29,21.287499999999998,78.625,7.533333333333334,0.0,98.875
2023-01-30,21.320833333333333,77.75,6.979166666666667,0.0,24.25
2023-01-31,21.729166666666668,75.33333333333333,7.120833333333334,0.0,45.291666666666664
2023-02-01,22.604166666666668,71.625,6.891666666666667,0.0,33.0
2023-02-02,22.316666666666666,76.33333333333333,7.370833333333334,0.0,10.375
2023-02-03,22.1125,79.375,6.979166666666667,0.0,7.166666666666667
2023-02-04,23.329166666666666,75.08333333333333,6.2875000000000005,0.1,19.416666666666668
2023-02-05,23.3125,76.25,7.679166666666667,0.0,24.375
2023-02-06,22.77916666666667,79.20833333333333,7.8,0.0,14.75
2023-02-07,22.270833333333332,82.625,6.683333333333334,0.0,33.208333333333336
2023-02-08,22.370833333333334,80.875,7.516666666666667,0.0,58.666666666666664
2023-02-09,22.21666666666667,81.75,6.9125000000000005,0.0,44.583333333333336
2023-02-10,22.616666666666664,78.45833333333333,7.058333333333334,0.0,25.041666666666668
2023-02-11,22.3125,80.125,6.7875000000000005,0.0,17.416666666666668
2023-02-12,23.133333333333336,74.54166666666667,7.208333333333333,0.0,1.9583333333333333
2023-02-13,22.879166666666666,74.25,8.395833333333334,0.0,7.666666666666667
2023-02-14,22.491666666666664,78.75,7.695833333333333,0.0,17.083333333333332
2023-02-15,21.941666666666666,80.58333333333333,7.0625,0.0,29.166666666666668
2023-02-16,22.71666666666667,75.83333333333333,6.070833333333333,0.0,35.916666666666664
2023-02-17,23.1875,74.54166666666667,6.783333333333334,0.0,15.583333333333334
2023-02-18,23.837500000000002,72.04166666666667,6.720833333333334,0.0,6.333333333333333
2023-02-19,23.558333333333334,77.70833333333333,7.283333333333334,0.0,14.208333333333334
2023-02-20,22.5625,82.83333333333333,7.783333333333334,0.0,62.25
2023-02-21,22.329166666666666,81.66666666666667,7.958333333333333,0.1,45.875
2023-02-22,22.4375,74.91666666666667,7.0874999999999995,0.0,3.25
2023-02-23,22.3,75.70833333333333,7.6375,0.0,6.666666666666667
2023-02-24,21.4375,78.625,8.0875,0.0,10.708333333333334
2023-02-25,21.479166666666668,74.33333333333333,6.9875,0.0,0.375
2023-02-26,21.32916666666667,76.75,7.3500000000000005,0.0,9.583333333333334
2023-02-27,20.970833333333335,79.75,6.733333333333333,0.0,38.291666666666664
2023-02-28,20.645833333333332,81.625,7.966666666666666,0.0,55.166666666666664
2023-03-01,20.5625,78.75,6.733333333333333,0.0,40.625
2023-03-02,20.991666666666667,75.20833333333333,5.9750000000000005,0.0,22.583333333333332
2023-03-03,21.8625,70.5,7.1000000000000005,0.0,4.625
2023-03-04,22.433333333333334,72.04166666666667,7.379166666666666,0.0,29.291666666666668
2023-03-05,22.354166666666668,76.95833333333333,5.970833333333334,0.0,32.916666666666664
2023-03-06,23.53333333333333,66.75,7.083333333333333,0.0,37.833333333333336
2023-03-07,24.483333333333334,60.125,7.133333333333333,0.0,21.958333333333332
2023-03-08,24.808333333333334,58.208333333333336,7.3,0.0,0.2916666666666667
2023-03-09,23.704166666666666,64.20833333333333,6.820833333333333,0.0,0.0
2023-03-10,22.712500000000002,69.79166666666667,6.95,0.0,0.041666666666666664
2023-03-11,22.304166666666664,74.625,6.566666666666666,0.0,10.708333333333334
2023-03-12,22.34166666666667,74.91666666666667,7.608333333333333,0.0,1.5416666666666667
2023-03-13,21.458333333333332,80.75,7.208333333333333,0.0,27.875
2023-03-14,21.170833333333334,79.70833333333333,5.679166666666667,0.0,38.166666666666664
2023-03-15,22.004166666666666,73.625,6.579166666666667,0.0,1.0416666666666667
2023-03-16,22.520833333333332,73.66666666666667,6.633333333333333,0.0,19.916666666666668
2023-03-17,22.150000000000002,80.375,6.983333333333333,0.0,24.25
2023-03-18,21.791666666666668,81.16666666666667,6.925,0.0,69.91666666666667
2023-03-19,21.433333333333334,79.66666666666667,6.279166666666666,0.0,16.458333333333332
2023-03-20,22.483333333333334,72.20833333333333,5.5874999999999995,0.0,9.541666666666666
2023-03-21,23.316666666666666,69.20833333333333,6.1125,0.0,12.541666666666666
2023-03-22,23.254166666666666,72.375,5.9624999999999995,0.0,18.083333333333332
2023-03-23,22.170833333333334,81.20833333333333,5.879166666666666,0.0,48.75
2023-03-24,21.875,79.25,6.8999999999999995,0.0,27.291666666666668
2023-03-25,22.4375,74.75,6.220833333333334,0.0,1.25
2023-03-26,22.079166666666666,80.33333333333333,5.75,0.0,46.458333333333336
2023-03-27,21.191666666666666,84.20833333333333,6.929166666666667,0.0,36.333333333333336
2023-03-28,21.0,83.41666666666667,6.895833333333333,0.0,40.291666666666664
2023-03-29,21.370833333333334,79.625,6.316666666666666,0.0,1.4166666666666667
2023-03-30,21.525000000000002,83.41666666666667,5.654166666666666,0.0,20.791666666666668
2023-03-31,22.241666666666664,81.91666666666667,5.620833333333334,0.0,15.125
2023-04-01,21.9375,84.79166666666667,5.966666666666666,0.0,62.333333333333336
2023-04-02,22.40833333333333,81.04166666666667,5.883333333333333,0.0,7.583333333333333
2023-04-03,22.0125,84.0,6.333333333333333,0.0,30.541666666666668
2023-04-04,22.1375,85.58333333333333,6.1875,0.0,34.5
2023-04-05,21.679166666666664,83.625,6.829166666666667,0.0,34.25
2023-04-06,20.779166666666665,86.875,6.366666666666667,0.0,46.0
2023-04-07,20.075,87.58333333333333,5.6000000000000005,0.0,54.166666666666664
2023-04-08,20.375,85.66666666666667,6.6499999999999995,0.0,44.083333333333336
2023-04-09,20.054166666666667,84.5,5.791666666666667,0.0,25.083333333333332
2023-04-10,19.599999999999998,86.91666666666667,6.075,0.0,51.291666666666664
2023-04-11,19.7625,84.33333333333333,6.279166666666666,0.1,44.416666666666664
2023-04-12,19.608333333333334,82.66666666666667,6.741666666666667,0.0,58.583333333333336
2023-04-13,19.229166666666668,81.5,6.8625,0.0,40.541666666666664
2023-04-14,19.1125,81.58333333333333,6.570833333333333,0.0,39.166666666666664
2023-04-15,18.537499999999998,83.16666666666667,5.979166666666667,0.0,55.25
2023-04-16,18.6875,77.41666666666667,7.1499999999999995,0.2,35.583333333333336
2023-04-17,17.466666666666665,79.16666666666667,7.679166666666667,0.0,55.25
2023-04-18,18.091666666666665,74.375,6.579166666666667,0.0,70.0
2023-04-19,17.895833333333332,84.54166666666667,5.279166666666667,0.0,37.083333333333336
2023-04-20,18.433333333333334,80.91666666666667,6.7124999999999995,0.0,50.041666666666664
2023-04-21,18.533333333333335,78.04166666666667,6.770833333333333,0.0,36.916666666666664
2023-04-22,18.804166666666667,78.33333333333333,5.620833333333334,0.0,42.0
2023-04-23,18.566666666666666,79.25,6.4624999999999995,0.0,1.5416666666666667
2023-04-24,18.745833333333334,80.70833333333333,5.654166666666666,0.0,4.166666666666667
2023-04-25,18.166666666666668,85.875,4.958333333333333,0.0,43.75
2023-04-26,18.099999999999998,85.375,5.620833333333334,0.0,46.625
2023-04-27,17.908333333333335,83.20833333333333,5.529166666666666,0.0,29.708333333333332
2023-04-28,17.166666666666668,86.20833333333333,5.766666666666667,0.0,59.416666666666664
2023-04-29,16.829166666666666,85.875,5.608333333333333,0.0,61.125
2023-04-30,17.925,83.625,5.658333333333334,0.0,61.166666666666664
2023-05-01,17.537499999999998,89.16666666666667,5.0625,0.4,84.45833333333333
2023-05-02,16.670833333333334,86.91666666666667,5.470833333333334,0.0,65.91666666666667
2023-05-03,16.158333333333335,87.70833333333333,5.508333333333333,0.0,90.95833333333333
2023-05-04,16.099999999999998,79.91666666666667,6.833333333333333,0.7000000000000001,86.91666666666667
2023-05-05,14.924999999999999,74.95833333333333,6.816666666666666,0.0,0.4166666666666667
2023-05-06,15.433333333333335,76.41666666666667,5.0125,0.0,2.4583333333333335
2023-05-07,16.45,75.58333333333333,5.104166666666667,0.0,0.7916666666666666
2023-05-08,17.037499999999998,82.41666666666667,4.204166666666667,0.0,49.875
2023-05-09,16.537499999999998,88.95833333333333,5.258333333333334,0.0,68.70833333333333
2023-05-10,16.654166666666665,86.83333333333333,5.091666666666667,0.0,67.33333333333333
2023-05-11,17.537499999999998,81.20833333333333,4.445833333333334,0.0,57.375
2023-05-12,17.279166666666665,82.625,4.4875,0.0,48.208333333333336
2023-05-13,18.558333333333334,72.58333333333333,4.816666666666666,0.0,13.791666666666666
2023-05-14,18.454166666666666,82.08333333333333,4.420833333333333,0.0,37.916666666666664
2023-05-15,18.587500000000002,82.66666666666667,4.941666666666666,0.0,36.333333333333336
2023-05-16,18.1375,86.83333333333333,5.533333333333334,0.2,80.125
2023-05-17,18.079166666666666,80.04166666666667,6.554166666666667,0.0,20.791666666666668
2023-05-18,17.145833333333332,89.0,5.075,0.0,64.66666666666667
2023-05-19,17.116666666666667,86.66666666666667,5.5375000000000005,0.5,97.41666666666667
2023-05-20,16.8875,85.875,6.0625,0.30000000000000004,76.125
2023-05-21,16.662499999999998,81.08333333333333,6.633333333333333,0.2,34.666666666666664
2023-05-22,16.545833333333334,83.91666666666667,5.520833333333333,0.0,53.333333333333336
2023-05-23,16.395833333333332,86.125,4.970833333333333,0.2,43.75
2023-05-24,16.958333333333332,80.83333333333333,4.841666666666667,0.0,36.125
2023-05-25,16.845833333333335,88.625,5.616666666666667,0.1,81.79166666666667
2023-05-26,17.1125,87.58333333333333,4.795833333333333,0.0,100.0
2023-05-27,17.358333333333334,86.58333333333333,5.8875,0.2,54.5
2023-05-28,16.616666666666667,86.91666666666667,5.245833333333334,0.0,58.333333333333336
2023-05-29,16.654166666666665,86.75,5.704166666666667,0.1,55.416666666666664
2023-05-30,16.870833333333334,87.125,4.970833333333333,0.30000000000000004,66.79166666666667
2023-05-31,16.175,88.54166666666667,5.1375,0.0,70.375
2023-06-01,15.799999999999999,86.91666666666667,4.6625000000000005,0.1,62.833333333333336
2023-06-02,16.479166666666668,83.29166666666667,5.058333333333334,0.0,25.75
2023-06-03,16.445833333333333,89.375,4.979166666666667,0.0,80.75
2023-06-04,16.575,88.91666666666667,5.3999999999999995,0.1,76.83333333333333
2023-06-05,16.054166666666667,87.375,5.583333333333333,0.0,72.125
2023-06-06,15.758333333333333,90.70833333333333,4.5875,0.0,79.25
2023-06-07,16.045833333333334,87.20833333333333,4.05,0.0,64.83333333333333
2023-06-08,16.3,85.25,4.795833333333333,0.0,55.5
2023-06-09,15.895833333333334,87.83333333333333,5.658333333333334,0.0,87.54166666666667
2023-06-10,16.400000000000002,84.66666666666667,5.8,0.30000000000000004,67.91666666666667
2023-06-11,16.079166666666666,85.20833333333333,5.954166666666667,0.6000000000000001,82.83333333333333
2023-06-12,15.016666666666666,84.625,6.183333333333334,0.30000000000000004,77.33333333333333
2023-06-13,13.875,78.75,5.387499999999999,0.0,41.75
2023-06-14,14.358333333333334,64.875,5.3500000000000005,0.0,16.666666666666668
2023-06-15,16.4875,68.08333333333333,4.208333333333333,0.0,25.666666666666668
2023-06-16,17.404166666666665,63.875,3.9166666666666665,0.0,11.208333333333334
2023-06-17,15.983333333333334,83.54166666666667,4.141666666666667,0.0,41.208333333333336
2023-06-18,16.779166666666665,76.875,5.779166666666666,0.2,36.708333333333336
2023-06-19,16.245833333333334,82.83333333333333,4.908333333333333,0.0,19.791666666666668
2023-06-20,17.212500000000002,85.91666666666667,5.479166666666667,0.0,53.208333333333336
2023-06-21,16.433333333333334,88.54166666666667,5.170833333333333,0.0,90.25
2023-06-22,16.575,88.125,4.7375,0.0,63.916666666666664
2023-06-23,17.0125,81.45833333333333,5.1499999999999995,0.0,55.291666666666664
2023-06-24,17.729166666666668,83.25,4.891666666666667,0.0,33.583333333333336
2023-06-25,17.183333333333334,87.08333333333333,4.6375,0.2,49.75
2023-06-26,16.541666666666668,86.83333333333333,5.083333333333333,0.0,65.125
2023-06-27,16.475,83.91666666666667,4.991666666666666,0.0,61.208333333333336
2023-06-28,16.849999999999998,84.04166666666667,5.175,0.0,52.458333333333336
2023-06-29,15.904166666666667,83.54166666666667,5.175,0.0,52.583333333333336
2023-06-30,15.799999999999999,81.16666666666667,5.041666666666667,0.0,4.458333333333333
2023-07-01,15.866666666666667,83.16666666666667,4.054166666666666,0.0,30.333333333333332
2023-07-02,15.8375,79.75,5.8999999999999995,0.0,46.833333333333336
2023-07-03,15.737499999999999,83.20833333333333,5.141666666666667,0.0,73.54166666666667
2023-07-04,15.2125,83.5,5.920833333333333,0.0,44.5
2023-07-05,15.683333333333332,84.33333333333333,4.604166666666667,0.0,18.958333333333332
2023-07-06,16.150000000000002,80.33333333333333,5.079166666666667,0.0,45.291666666666664
2023-07-07,15.691666666666668,85.29166666666667,5.966666666666666,0.0,75.58333333333333
2023-07-08,15.204166666666667,84.04166666666667,5.7250000000000005,0.1,79.70833333333333
2023-07-09,14.375,83.33333333333333,5.129166666666666,0.0,94.125
2023-07-10,15.470833333333333,77.16666666666667,5.116666666666666,0.0,60.166666666666664
2023-07-11,15.654166666666667,80.45833333333333,5.283333333333333,0.0,73.08333333333333
2023-07-12,17.175,73.29166666666667,7.3999999999999995,0.0,9.916666666666666
2023-07-13,17.025000000000002,60.416666666666664,6.125,0.0,6.458333333333333
2023-07-14,16.016666666666666,87.16666666666667,5.183333333333334,0.0,64.20833333333333
2023-07-15,16.2625,82.95833333333333,6.0375000000000005,0.2,72.66666666666667
2023-07-16,15.637500000000001,87.875,5.075,0.0,90.66666666666667
2023-07-17,16.079166666666666,83.79166666666667,5.591666666666666,0.0,54.583333333333336
2023-07-18,17.095833333333335,73.25,5.5125,0.0,36.416666666666664
2023-07-19,16.516666666666666,89.625,4.554166666666666,0.0,72.45833333333333
2023-07-20,16.154166666666665,86.91666666666667,4.879166666666666,0.0,77.95833333333333
2023-07-21,16.55,83.79166666666667,6.375,0.0,54.208333333333336
2023-07-22,17.05,85.75,5.3500000000000005,0.0,53.166666666666664
2023-07-23,17.004166666666666,83.70833333333333,5.541666666666667,0.0,82.58333333333333
2023-07-24,16.645833333333332,85.0,6.483333333333333,0.8,78.91666666666667
2023-07-25,16.275000000000002,85.25,6.216666666666666,0.2,62.916666666666664
2023-07-26,16.1875,85.375,6.754166666666666,0.0,46.541666666666664
2023-07-27,17.054166666666667,85.875,5.875,0.1,76.0
2023-07-28,16.529166666666665,88.41666666666667,6.158333333333334,0.0,90.125
2023-07-29,16.7375,87.0,5.266666666666667,0.0,58.583333333333336
2023-07-30,16.708333333333332,88.375,4.320833333333334,0.0,62.333333333333336
2023-07-31,16.304166666666667,88.04166666666667,5.5625,0.0,58.958333333333336
2023-08-01,16.716666666666665,80.0,5.1625,0.0,26.875
2023-08-02,16.6875,84.0,5.004166666666666,0.0,31.041666666666668
2023-08-03,16.804166666666667,84.125,5.0625,0.0,47.666666666666664
2023-08-04,16.3,87.5,5.608333333333333,0.30000000000000004,55.958333333333336
2023-08-05,15.983333333333333,88.91666666666667,5.354166666666667,0.0,83.5
2023-08-06,16.770833333333332,81.70833333333333,6.258333333333333,0.0,31.458333333333332
2023-08-07,16.591666666666665,86.95833333333333,5.829166666666667,0.0,66.41666666666667
2023-08-08,16.991666666666667,85.58333333333333,6.154166666666666,0.0,73.91666666666667
2023-08-09,16.3125,88.58333333333333,6.25,0.2,88.125
2023-08-10,16.445833333333333,84.25,7.108333333333333,0.1,68.83333333333333
2023-08-11,16.2375,85.25,5.6499999999999995,0.0,69.08333333333333
2023-08-12,16.970833333333335,83.125,5.708333333333333,0.0,38.666666666666664
2023-08-13,16.770833333333332,86.45833333333333,5.3,0.0,45.875
2023-08-14,16.3625,88.54166666666667,4.608333333333333,0.0,61.375
2023-08-15,16.900000000000002,81.66666666666667,5.825,0.0,42.458333333333336
2023-08-16,16.425,83.08333333333333,6.991666666666667,0.0,60.25
2023-08-17,16.2375,85.625,5.5249999999999995,0.0,57.666666666666664
2023-08-18,17.108333333333334,78.5,5.791666666666667,0.0,37.416666666666664
2023-08-19,18.65,64.5,5.2875000000000005,0.0,18.666666666666668
2023-08-20,18.554166666666667,70.16666666666667,5.066666666666666,0.0,23.041666666666668
2023-08-21,16.912499999999998,82.33333333333333,5.3500000000000005,0.0,28.041666666666668
2023-08-22,16.608333333333334,88.125,5.3999999999999995,0.0,70.41666666666667
2023-08-23,16.033333333333335,83.875,6.1875,0.0,67.70833333333333
2023-08-24,16.183333333333334,84.08333333333333,7.345833333333334,0.6000000000000001,78.08333333333333
2023-08-25,15.924999999999999,85.16666666666667,5.929166666666667,0.0,55.166666666666664
2023-08-26,16.525000000000002,81.875,5.2625,0.0,57.791666666666664
2023-08-27,16.920833333333334,79.08333333333333,4.833333333333333,0.0,44.541666666666664
2023-08-28,17.108333333333334,83.25,5.8999999999999995,0.0,48.0
2023-08-29,17.183333333333334,82.54166666666667,5.5125,0.0,50.833333333333336
2023-08-30,16.3,86.04166666666667,5.654166666666666,0.0,66.41666666666667
2023-08-31,16.208333333333332,84.75,5.470833333333334,0.0,74.66666666666667
2023-09-01,16.295833333333334,79.45833333333333,6.804166666666666,0.0,36.083333333333336
2023-09-02,16.095833333333335,78.83333333333333,6.320833333333333,0.0,36.666666666666664
2023-09-03,16.270833333333332,75.375,6.4875,0.0,49.791666666666664
2023-09-04,18.541666666666668,58.416666666666664,6.8875,0.0,21.541666666666668
2023-09-05,17.825,78.41666666666667,5.908333333333334,0.0,38.041666666666664
2023-09-06,16.541666666666668,84.83333333333333,7.2,0.0,79.41666666666667
2023-09-07,16.9875,81.45833333333333,6.791666666666667,0.0,39.916666666666664
2023-09-08,16.866666666666667,84.91666666666667,5.545833333333333,0.0,54.208333333333336
2023-09-09,19.691666666666666,58.458333333333336,5.483333333333333,0.0,7.25
2023-09-10,18.708333333333332,75.875,6.8999999999999995,0.0,22.291666666666668
2023-09-11,17.741666666666667,83.08333333333333,6.895833333333333,0.2,63.833333333333336
2023-09-12,16.974999999999998,79.5,9.233333333333333,0.2,61.458333333333336
2023-09-13,17.325,64.20833333333333,7.45,0.0,0.5833333333333334
2023-09-14,18.212500000000002,67.08333333333333,5.45,0.0,5.833333333333333
2023-09-15,16.570833333333333,86.125,5.258333333333334,0.0,64.08333333333333
2023-09-16,17.974999999999998,79.08333333333333,6.179166666666667,0.0,43.791666666666664
2023-09-17,17.675,77.91666666666667,6.229166666666667,0.0,2.0833333333333335
2023-09-18,17.575,83.54166666666667,6.266666666666667,0.0,28.458333333333332
2023-09-19,16.329166666666666,88.20833333333333,5.958333333333333,0.0,75.125
2023-09-20,16.2375,83.70833333333333,6.791666666666667,0.0,45.75
2023-09-21,17.3,81.625,6.1625000000000005,0.0,42.416666666666664
2023-09-22,17.55,81.875,7.199999999999999,0.0,57.833333333333336
2023-09-23,16.516666666666666,87.54166666666667,6.670833333333333,0.0,90.70833333333333
2023-09-24,16.433333333333334,85.33333333333333,6.316666666666666,0.0,82.16666666666667
2023-09-25,16.770833333333332,83.29166666666667,7.045833333333333,0.0,77.41666666666667
2023-09-26,16.195833333333333,84.25,7.7875000000000005,0.0,72.25
2023-09-27,15.516666666666666,80.20833333333333,6.983333333333333,0.0,51.75
2023-09-28,15.995833333333332,73.5,7.4375,0.0,33.083333333333336
2023-09-29,15.5625,79.91666666666667,5.779166666666666,0.0,24.958333333333332
2023-09-30,16.029166666666665,80.41666666666667,6.404166666666666,0.0,38.125
2023-10-01,16.3875,81.0,5.9125000000000005,0.0,16.583333333333332
2023-10-02,16.295833333333334,84.83333333333333,7.2749999999999995,0.0,77.08333333333333
2023-10-03,16.962500000000002,79.54166666666667,8.545833333333333,0.30000000000000004,60.75
2023-10-04,16.5625,82.875,7.170833333333333,0.0,83.08333333333333
2023-10-05,15.379166666666668,80.08333333333333,6.654166666666666,0.0,53.625
2023-10-06,16.233333333333334,72.625,7.716666666666666,0.0,4.333333333333333
2023-10-07,16.429166666666667,77.20833333333333,7.545833333333333,0.0,27.75
2023-10-08,16.991666666666667,78.95833333333333,6.091666666666666,0.0,36.083333333333336
2023-10-09,16.825,83.66666666666667,6.1875,0.4,73.16666666666667
2023-10-10,17.075,78.75,6.5,0.0,38.708333333333336
2023-10-11,17.104166666666668,80.95833333333333,6.166666666666667,0.0,66.08333333333333
2023-10-12,16.891666666666666,80.66666666666667,6.258333333333333,0.0,45.0
2023-10-13,16.729166666666668,78.79166666666667,6.9125000000000005,0.0,38.875
2023-10-14,17.208333333333332,77.66666666666667,5.745833333333334,0.0,1.6666666666666667
2023-10-15,16.995833333333334,80.75,6.770833333333333,0.0,32.666666666666664
2023-10-16,17.220833333333335,79.54166666666667,6.279166666666666,0.0,39.75
2023-10-17,17.575,80.66666666666667,5.833333333333333,0.0,55.541666666666664
2023-10-18,18.354166666666668,75.54166666666667,6.420833333333333,0.0,9.291666666666666
2023-10-19,17.912499999999998,82.41666666666667,5.866666666666667,0.0,43.958333333333336
2023-10-20,17.55,82.29166666666667,6.583333333333333,0.0,41.583333333333336
2023-10-21,16.991666666666667,82.75,6.779166666666666,0.0,37.75
2023-10-22,17.233333333333334,81.25,7.3125,0.0,55.875
2023-10-23,17.3,82.25,7.304166666666667,0.0,52.583333333333336
2023-10-24,17.441666666666666,82.125,7.058333333333334,0.0,52.875
2023-10-25,16.920833333333334,81.875,7.370833333333334,0.0,67.41666666666667
2023-10-26,16.908333333333335,77.45833333333333,7.783333333333334,0.0,72.41666666666667
2023-10-27,17.408333333333335,70.0,7.825,0.0,26.333333333333332
2023-10-28,17.158333333333335,75.20833333333333,8.104166666666666,0.0,0.0
2023-10-29,17.8125,73.875,7.0249999999999995,0.0,0.125
2023-10-30,18.120833333333334,78.83333333333333,6.529166666666666,0.0,42.916666666666664
2023-10-31,17.583333333333332,81.25,6.654166666666666,0.0,17.541666666666668
2023-11-01,16.925,80.125,7.158333333333334,0.0,14.0
2023-11-02,16.974999999999998,79.29166666666667,7.370833333333334,0.0,27.958333333333332
2023-11-03,17.108333333333334,81.33333333333333,6.141666666666667,0.0,40.375
2023-11-04,17.429166666666667,73.70833333333333,8.220833333333333,0.0,32.791666666666664
2023-11-05,16.770833333333332,79.125,7.5375000000000005,0.0,38.666666666666664
2023-11-06,16.45,83.33333333333333,6.779166666666666,0.2,60.291666666666664
2023-11-07,17.2625,81.41666666666667,7.7250000000000005,0.1,47.333333333333336
2023-11-08,17.75,78.58333333333333,6.404166666666666,0.0,61.5
2023-11-09,18.8,75.41666666666667,6.625,0.0,42.416666666666664
2023-11-10,20.787499999999998,64.58333333333333,5.983333333333333,1.1,58.375
2023-11-11,18.429166666666667,77.33333333333333,7.625,0.0,29.291666666666668
2023-11-12,18.066666666666666,80.54166666666667,9.008333333333333,0.1,52.875
2023-11-13,17.599999999999998,79.875,8.6,0.0,41.25
2023-11-14,17.441666666666666,79.58333333333333,7.470833333333334,0.0,73.04166666666667
2023-11-15,16.958333333333332,78.91666666666667,7.754166666666666,0.0,98.58333333333333
2023-11-16,16.358333333333334,83.0,8.079166666666667,0.0,92.29166666666667
2023-11-17,16.858333333333334,75.625,8.237499999999999,0.0,69.79166666666667
2023-11-18,16.60833333333333,81.0,7.5125,0.0,33.166666666666664
2023-11-19,16.929166666666667,80.08333333333333,6.904166666666666,0.0,48.333333333333336
2023-11-20,17.07916666666667,81.45833333333333,6.854166666666667,0.0,48.958333333333336
2023-11-21,17.491666666666667,76.0,8.7375,0.1,27.958333333333332
2023-11-22,17.462500000000002,77.58333333333333,7.104166666666667,0.0,44.791666666666664
2023-11-23,18.066666666666666,80.29166666666667,7.183333333333334,0.0,47.708333333333336
2023-11-24,17.658333333333335,82.45833333333333,7.520833333333333,0.0,50.5
2023-11-25,17.224999999999998,83.04166666666667,7.845833333333334,0.0,54.291666666666664
2023-11-26,17.787499999999998,79.79166666666667,7.325,0.0,24.0
2023-11-27,17.841666666666665,80.41666666666667,7.925,0.0,25.416666666666668
2023-11-28,17.966666666666665,81.875,8.445833333333333,0.0,55.333333333333336
2023-11-29,17.829166666666666,80.83333333333333,8.262500000000001,0.0,55.5
2023-11-30,18.179166666666667,78.25,8.058333333333334,0.1,45.333333333333336
2023-12-01,17.958333333333332,75.58333333333333,8.262500000000001,0.0,3.875
2023-12-02,17.787499999999998,80.20833333333333,7.758333333333333,0.0,46.125
2023-12-03,17.900000000000002,79.91666666666667,7.4624999999999995,0.0,46.375
2023-12-04,17.916666666666668,73.58333333333333,7.779166666666666,0.0,17.375
2023-12-05,18.020833333333332,73.125,8.329166666666667,0.0,17.5
2023-12-06,17.733333333333334,78.20833333333333,7.808333333333334,0.0,59.458333333333336
2023-12-07,17.795833333333334,78.83333333333333,8.0875,0.0,51.041666666666664
2023-12-08,18.445833333333333,73.33333333333333,9.258333333333333,0.0,25.833333333333332
2023-12-09,18.283333333333335,76.16666666666667,7.545833333333333,0.0,15.583333333333334
2023-12-10,19.0625,73.45833333333333,7.129166666666666,0.0,78.95833333333333
2023-12-11,18.983333333333334,72.375,7.554166666666667,0.0,44.916666666666664
2023-12-12,19.275000000000002,75.33333333333333,7.391666666666667,0.0,42.75
2023-12-13,18.833333333333332,77.41666666666667,7.95,0.0,56.125
2023-12-14,20.3,70.0,7.066666666666666,0.0,33.125
2023-12-15,19.883333333333333,77.5,6.991666666666667,0.0,13.041666666666666
2023-12-16,20.079166666666666,79.33333333333333,7.170833333333333,0.0,56.833333333333336
2023-12-17,19.733333333333334,80.25,7.991666666666667,0.0,59.291666666666664
2023-12-18,19.233333333333334,79.79166666666667,7.8125,0.0,61.5
2023-12-19,19.504166666666666,75.45833333333333,7.095833333333334,0.0,19.5
2023-12-20,19.279166666666665,78.29166666666667,7.875,0.0,22.708333333333332
2023-12-21,19.241666666666667,77.95833333333333,8.737499999999999,0.0,59.125
2023-12-22,18.7625,81.41666666666667,7.716666666666666,0.0,58.708333333333336
2023-12-23,19.091666666666665,77.54166666666667,7.445833333333333,0.0,28.583333333333332
2023-12-24,19.066666666666666,75.83333333333333,8.679166666666667,0.0,24.916666666666668
2023-12-25,19.229166666666668,77.79166666666667,7.0125,0.0,20.833333333333332
2023-12-26,20.345833333333335,69.20833333333333,7.420833333333333,0.0,65.45833333333333
2023-12-27,20.216666666666665,70.875,7.733333333333333,0.0,83.125
2023-12-28,20.945833333333333,70.41666666666667,7.691666666666666,0.0,25.125
2023-12-29,20.695833333333333,75.54166666666667,6.9125000000000005,0.0,44.75
2023-12-30,20.400000000000002,79.625,7.104166666666667,0.0,65.29166666666667
2023-12-31,20.129166666666666,80.16666666666667,7.9624999999999995,0.0,30.666666666666668
2024-01-01,19.416666666666668,84.45833333333333,8.129166666666666,0.0,59.791666666666664
2024-01-02,19.895833333333332,78.29166666666667,8.858333333333333,0.0,47.916666666666664
2024-01-03,20.0125,74.66666666666667,8.025,0.0,2.1666666666666665
2024-01-04,19.962500000000002,77.16666666666667,7.8999999999999995,0.0,3.4583333333333335
2024-01-05,20.133333333333333,79.0,7.379166666666666,0.0,14.416666666666666
2024-01-06,19.95,80.95833333333333,8.158333333333333,0.0,49.166666666666664
2024-01-07,20.195833333333333,78.33333333333333,8.220833333333333,0.0,11.916666666666666
2024-01-08,20.316666666666666,76.70833333333333,7.008333333333334,0.30000000000000004,42.291666666666664
2024-01-09,21.083333333333332,73.79166666666667,7.616666666666666,0.0,11.75
2024-01-10,20.454166666666666,79.45833333333333,8.270833333333334,0.0,58.125
2024-01-11,20.645833333333332,75.04166666666667,7.670833333333333,0.0,5.583333333333333
2024-01-12,20.695833333333333,79.125,7.466666666666666,0.0,18.791666666666668
2024-01-13,20.233333333333334,82.875,7.754166666666666,0.1,54.375
2024-01-14,20.120833333333334,81.125,7.9875,0.4,56.541666666666664
2024-01-15,20.941666666666666,78.875,7.479166666666667,0.0,24.916666666666668
2024-01-16,20.779166666666665,79.29166666666667,7.795833333333333,0.0,34.458333333333336
2024-01-17,20.325,78.54166666666667,7.191666666666666,0.0,57.541666666666664
2024-01-18,20.974999999999998,76.375,7.379166666666666,0.0,68.91666666666667
2024-01-19,21.883333333333336,75.75,6.7875000000000005,0.0,63.375
2024-01-20,22.566666666666666,75.625,6.2749999999999995,0.0,84.875
2024-01-21,22.816666666666666,74.0,6.583333333333333,0.0,26.666666666666668
2024-01-22,21.945833333333336,77.875,6.745833333333334,0.0,20.333333333333332
2024-01-23,21.920833333333334,79.04166666666667,7.8125,0.0,21.5
2024-01-24,21.47083333333333,81.45833333333333,7.120833333333334,0.0,29.291666666666668
2024-01-25,22.204166666666666,78.41666666666667,6.575,0.0,10.25
2024-01-26,22.787499999999998,77.45833333333333,7.616666666666667,0.0,1.5416666666666667
2024-01-27,22.041666666666668,81.70833333333333,7.8125,0.0,35.458333333333336
2024-01-28,21.633333333333336,80.625,8.2875,0.0,68.375
2024-01-29,21.858333333333334,78.83333333333333,7.845833333333334,0.0,22.416666666666668
2024-01-30,21.400000000000002,82.83333333333333,7.983333333333333,0.0,52.25
2024-01-31,21.65416666666667,77.91666666666667,7.495833333333334,0.0,44.625
2024-02-01,21.425,80.875,7.633333333333333,0.0,38.125
2024-02-02,21.879166666666666,78.70833333333333,7.420833333333333,0.0,51.5
2024-02-03,22.145833333333332,78.16666666666667,7.558333333333334,0.2,48.833333333333336
2024-02-04,23.520833333333332,70.20833333333333,7.629166666666666,0.0,15.25
2024-02-05,24.22083333333333,70.20833333333333,6.3500000000000005,0.0,8.916666666666666
2024-02-06,25.40833333333333,66.33333333333333,7.058333333333334,0.0,0.5416666666666666
2024-02-07,24.6375,73.91666666666667,7.0,0.0,1.375
2024-02-08,23.829166666666666,75.95833333333333,7.395833333333333,0.0,17.208333333333332
2024-02-09,23.6125,76.875,7.170833333333333,0.0,17.375
2024-02-10,22.479166666666668,81.79166666666667,7.583333333333333,0.0,41.416666666666664
2024-02-11,22.2625,81.08333333333333,8.454166666666667,0.0,93.91666666666667
2024-02-12,22.233333333333334,79.375,7.7625,0.0,98.75
2024-02-13,22.59166666666667,77.58333333333333,7.2124999999999995,0.0,68.29166666666667
2024-02-14,22.2,79.66666666666667,7.6125,0.0,44.583333333333336
2024-02-15,21.833333333333332,81.91666666666667,7.745833333333334,0.0,83.45833333333333
2024-02-16,21.3875,82.20833333333333,7.920833333333333,0.0,93.16666666666667
2024-02-17,21.479166666666668,80.79166666666667,7.558333333333334,0.0,77.04166666666667
2024-02-18,21.745833333333334,78.04166666666667,7.575,0.0,54.125
2024-02-19,22.379166666666666,74.41666666666667,7.075,0.0,41.083333333333336
2024-02-20,22.8,74.0,6.1875,0.1,57.208333333333336
2024-02-21,22.825,75.45833333333333,6.55,0.0,64.08333333333333
2024-02-22,24.2,64.75,6.879166666666666,0.0,5.125
2024-02-23,23.349999999999998,73.45833333333333,6.6625000000000005,0.0,10.916666666666666
2024-02-24,21.90416666666667,81.95833333333333,7.75,0.0,49.541666666666664
2024-02-25,21.2,82.375,6.591666666666666,0.0,87.33333333333333
2024-02-26,21.150000000000002,81.25,8.216666666666667,0.0,91.29166666666667
2024-02-27,20.70416666666667,78.41666666666667,7.970833333333334,0.0,60.333333333333336
2024-02-28,20.570833333333333,79.58333333333333,7.4125000000000005,0.0,56.375
2024-02-29,20.833333333333332,80.5,6.733333333333333,0.0,13.583333333333334
2024-03-01,21.099999999999998,79.83333333333333,6.6875,0.0,60.125
2024-03-02,21.912499999999998,72.45833333333333,6.2875000000000005,0.0,80.33333333333333
2024-03-03,22.116666666666664,72.04166666666667,6.204166666666667,0.0,2.5833333333333335
2024-03-04,21.729166666666668,77.16666666666667,6.545833333333333,0.0,2.625
2024-03-05,21.337500000000002,83.625,6.625,0.0,39.0
2024-03-06,21.220833333333335,79.66666666666667,6.616666666666667,0.0,39.083333333333336
2024-03-07,21.087500000000002,80.75,7.0249999999999995,0.0,33.625
2024-03-08,20.716666666666665,80.66666666666667,7.895833333333333,0.0,73.125
2024-03-09,20.716666666666665,79.91666666666667,7.491666666666667,0.0,58.25
2024-03-10,20.525000000000002,78.66666666666667,6.870833333333334,0.0,12.916666666666666
2024-03-11,20.337500000000002,80.04166666666667,6.904166666666666,0.0,19.916666666666668
2024-03-12,19.904166666666665,80.04166666666667,7.1625000000000005,0.0,34.458333333333336
2024-03-13,20.108333333333334,76.58333333333333,6.970833333333334,0.0,34.583333333333336
2024-03-14,19.891666666666666,80.04166666666667,6.704166666666667,0.0,34.708333333333336
2024-03-15,20.079166666666666,78.08333333333333,6.254166666666666,0.0,26.458333333333332
2024-03-16,20.241666666666667,78.79166666666667,6.129166666666666,0.0,20.5
2024-03-17,20.208333333333332,78.54166666666667,6.1499999999999995,0.0,11.791666666666666
2024-03-18,20.170833333333334,80.29166666666667,5.7375,0.0,23.583333333333332
2024-03-19,21.116666666666667,77.91666666666667,6.05,0.0,32.583333333333336
2024-03-20,21.045833333333334,79.0,6.783333333333334,0.0,10.375
2024-03-21,20.516666666666666,81.70833333333333,6.3875,0.0,12.75
2024-03-22,19.974999999999998,84.66666666666667,5.7749999999999995,0.0,43.458333333333336
2024-03-23,19.849999999999998,81.125,7.120833333333334,0.0,36.583333333333336
2024-03-24,19.383333333333333,85.33333333333333,5.858333333333333,0.4,51.583333333333336
2024-03-25,20.587500000000002,79.625,6.2875000000000005,0.0,30.041666666666668
2024-03-26,20.9875,77.5,5.491666666666667,0.0,2.1666666666666665
2024-03-27,22.004166666666666,70.58333333333333,6.391666666666667,0.0,3.3333333333333335
2024-03-28,21.133333333333333,76.875,5.970833333333334,0.0,12.541666666666666
2024-03-29,20.158333333333335,87.29166666666667,5.808333333333334,0.0,46.833333333333336
2024-03-30,19.775000000000002,87.45833333333333,5.908333333333334,0.0,51.125
2024-03-31,19.783333333333335,85.16666666666667,6.604166666666667,0.0,51.458333333333336
2024-04-01,19.579166666666666,85.54166666666667,5.75,0.0,71.16666666666667
2024-04-02,19.474999999999998,81.45833333333333,6.870833333333334,0.0,35.0
2024-04-03,19.400000000000002,80.33333333333333,5.7375,0.0,25.541666666666668
2024-04-04,19.108333333333334,82.0,6.379166666666666,0.0,26.666666666666668
2024-04-05,18.954166666666666,86.08333333333333,6.008333333333333,0.0,52.666666666666664
2024-04-06,18.875,83.66666666666667,6.1499999999999995,0.0,45.708333333333336
2024-04-07,18.758333333333333,80.625,6.754166666666666,0.0,46.916666666666664
2024-04-08,18.254166666666666,83.16666666666667,5.875,0.0,49.041666666666664
2024-04-09,18.845833333333335,79.625,6.675,0.0,11.708333333333334
2024-04-10,18.366666666666667,85.41666666666667,6.45,0.0,74.25
2024-04-11,18.679166666666667,78.625,5.829166666666667,0.0,51.625
2024-04-12,18.675,81.25,5.879166666666666,0.0,31.458333333333332
2024-04-13,18.883333333333333,80.91666666666667,7.745833333333334,0.0,68.375
2024-04-14,18.5625,78.58333333333333,5.579166666666667,0.9,67.75
2024-04-15,19.508333333333333,71.08333333333333,5.854166666666667,1.5,23.5
2024-04-16,20.458333333333332,64.33333333333333,6.233333333333333,0.0,0.3333333333333333
2024-04-17,19.3875,77.125,5.0625,0.0,10.25
2024-04-18,18.595833333333335,83.08333333333333,5.491666666666667,0.0,44.541666666666664
2024-04-19,18.741666666666667,77.875,5.483333333333333,0.0,1.8333333333333333
2024-04-20,19.541666666666668,74.08333333333333,5.8625,0.0,14.25
2024-04-21,20.016666666666666,72.58333333333333,5.291666666666667,0.0,11.833333333333334
2024-04-22,18.854166666666668,83.66666666666667,5.941666666666666,0.0,35.916666666666664
2024-04-23,18.554166666666667,84.29166666666667,6.2749999999999995,0.0,45.125
2024-04-24,18.041666666666668,88.5,5.966666666666666,0.4,93.29166666666667
2024-04-25,17.670833333333334,86.125,6.079166666666667,0.0,79.33333333333333
2024-04-26,17.554166666666667,85.04166666666667,4.816666666666666,0.0,57.666666666666664
2024-04-27,17.787499999999998,82.33333333333333,5.3125,0.0,11.958333333333334
2024-04-28,18.108333333333334,82.08333333333333,5.3125,0.0,17.291666666666668
2024-04-29,18.495833333333334,79.79166666666667,5.604166666666667,0.0,1.125
2024-04-30,17.912499999999998,83.70833333333333,5.2124999999999995,0.0,22.208333333333332
2024-05-01,17.733333333333334,83.29166666666667,6.1125,0.0,38.916666666666664
2024-05-02,16.616666666666667,89.79166666666667,6.429166666666667,0.0,70.08333333333333
2024-05-03,16.320833333333333,79.25,6.591666666666666,0.0,57.583333333333336
2024-05-04,15.879166666666668,79.95833333333333,6.041666666666667,0.0,7.125
2024-05-05,16.099999999999998,82.08333333333333,4.679166666666666,0.0,31.791666666666668
2024-05-06,16.125,78.45833333333333,5.833333333333333,0.0,34.375
2024-05-07,15.891666666666667,84.0,5.466666666666666,0.0,90.25
2024-05-08,16.333333333333332,78.83333333333333,5.575,0.0,47.75
2024-05-09,15.791666666666666,87.79166666666667,5.120833333333334,0.0,97.08333333333333
2024-05-10,15.737499999999999,80.375,5.6375,0.0,96.16666666666667
2024-05-11,15.4125,87.04166666666667,5.229166666666667,0.0,91.16666666666667
2024-05-12,15.0375,87.29166666666667,5.391666666666667,0.0,91.29166666666667
2024-05-13,15.095833333333333,86.375,5.7875000000000005,0.1,84.33333333333333
2024-05-14,14.862499999999999,87.08333333333333,4.441666666666666,0.0,98.16666666666667
2024-05-15,14.891666666666666,83.41666666666667,5.079166666666667,0.1,95.33333333333333
2024-05-16,15.1,77.04166666666667,5.949999999999999,0.0,27.875
2024-05-17,16.287499999999998,71.54166666666667,6.433333333333334,0.0,2.75
2024-05-18,16.075,78.08333333333333,5.1375,0.0,5.916666666666667
2024-05-19,17.658333333333335,64.83333333333333,4.979166666666667,0.0,1.0833333333333333
2024-05-20,15.75,86.25,4.25,0.0,47.75
2024-05-21,15.070833333333333,86.95833333333333,4.633333333333334,0.0,52.916666666666664
2024-05-22,15.633333333333333,80.16666666666667,4.720833333333333,0.0,29.041666666666668
2024-05-23,15.404166666666667,85.04166666666667,4.4125000000000005,0.0,33.333333333333336
2024-05-24,15.9125,77.45833333333333,4.320833333333334,0.0,41.458333333333336
2024-05-25,15.225,84.08333333333333,4.891666666666667,0.0,27.125
2024-05-26,14.595833333333333,85.58333333333333,4.708333333333333,0.0,57.125
2024-05-27,14.929166666666667,83.54166666666667,4.829166666666667,0.0,40.625
2024-05-28,15.220833333333333,84.125,5.2124999999999995,0.0,66.20833333333333
2024-05-29,14.908333333333333,88.70833333333333,4.933333333333333,0.0,54.75
2024-05-30,15.183333333333332,79.29166666666667,5.020833333333333,0.0,56.041666666666664
2024-05-31,15.016666666666666,83.41666666666667,4.5625,0.0,79.45833333333333
2024-06-01,15.745833333333332,85.58333333333333,4.820833333333334,0.0,63.458333333333336
2024-06-02,15.616666666666667,85.29166666666667,4.420833333333333,0.0,51.333333333333336
2024-06-03,15.524999999999999,85.66666666666667,4.745833333333334,0.0,74.58333333333333
2024-06-04,15.35,87.45833333333333,4.395833333333333,0.0,61.875
2024-06-05,15.133333333333333,87.08333333333333,5.25,0.0,53.375
2024-06-06,15.570833333333333,83.95833333333333,4.654166666666667,0.0,52.291666666666664
2024-06-07,16.25,71.0,4.279166666666667,0.0,45.375
2024-06-08,15.924999999999999,78.20833333333333,5.554166666666667,0.0,50.583333333333336
2024-06-09,15.795833333333334,82.95833333333333,5.958333333333333,0.0,78.375
2024-06-10,15.083333333333334,89.54166666666667,5.8625,0.0,74.5
2024-06-11,15.741666666666667,88.5,4.858333333333333,0.0,56.625
2024-06-12,15.862499999999999,80.79166666666667,5.5375000000000005,0.0,63.166666666666664
2024-06-13,16.779166666666665,78.04166666666667,4.958333333333333,0.0,19.583333333333332
2024-06-14,16.566666666666666,75.0,4.8500000000000005,0.0,0.5833333333333334
2024-06-15,16.129166666666666,84.04166666666667,5.6000000000000005,0.0,26.958333333333332
2024-06-16,16.099999999999998,88.45833333333333,4.554166666666666,0.0,55.833333333333336
2024-06-17,15.4125,85.91666666666667,4.845833333333333,0.0,61.333333333333336
2024-06-18,14.65,85.5,4.941666666666666,0.0,46.916666666666664
2024-06-19,14.695833333333333,86.08333333333333,5.870833333333334,0.0,46.583333333333336
2024-06-20,14.754166666666668,85.41666666666667,4.679166666666666,0.0,65.08333333333333
2024-06-21,15.054166666666667,83.70833333333333,4.9125000000000005,0.0,33.583333333333336
2024-06-22,15.554166666666667,80.83333333333333,4.495833333333334,0.0,57.875
2024-06-23,16.404166666666665,72.41666666666667,4.95,0.0,23.208333333333332
2024-06-24,14.741666666666667,90.29166666666667,5.158333333333333,0.0,86.91666666666667
2024-06-25,14.716666666666667,89.83333333333333,5.204166666666667,0.1,81.83333333333333
2024-06-26,14.445833333333333,90.66666666666667,4.104166666666667,0.0,99.58333333333333
2024-06-27,14.020833333333334,85.875,4.266666666666667,0.0,99.83333333333333
2024-06-28,14.225,80.25,4.645833333333333,0.0,91.375
2024-06-29,15.233333333333334,77.08333333333333,3.9625,0.0,25.958333333333332
2024-06-30,15.566666666666668,66.0,4.891666666666667,0.0,30.125
2024-07-01,15.362499999999999,76.29166666666667,3.7708333333333335,0.0,34.25
2024-07-02,14.762500000000001,83.45833333333333,3.5666666666666664,0.0,58.583333333333336
2024-07-03,14.316666666666668,78.54166666666667,4.770833333333333,0.0,51.125
2024-07-04,14.520833333333334,76.20833333333333,6.0249999999999995,0.0,40.0
2024-07-05,14.283333333333333,79.70833333333333,5.116666666666666,0.0,31.958333333333332
2024-07-06,14.424999999999999,78.41666666666667,5.6499999999999995,0.0,10.833333333333334
2024-07-07,14.354166666666666,87.25,5.329166666666667,0.0,55.75
2024-07-08,13.966666666666667,88.25,4.925,0.0,63.791666666666664
2024-07-09,13.895833333333334,84.16666666666667,5.395833333333333,0.2,53.958333333333336
2024-07-10,12.979166666666666,84.125,7.029166666666668,0.0,72.16666666666667
2024-07-11,12.279166666666667,69.91666666666667,7.5,0.0,2.7083333333333335
2024-07-12,12.333333333333334,71.20833333333333,5.729166666666667,0.0,0.125
2024-07-13,13.270833333333334,68.08333333333333,5.6625000000000005,0.0,6.125
2024-07-14,13.508333333333333,78.66666666666667,5.379166666666666,0.0,45.458333333333336
2024-07-15,14.229166666666666,78.45833333333333,5.120833333333334,0.0,46.291666666666664
2024-07-16,14.200000000000001,82.33333333333333,5.495833333333334,0.0,47.916666666666664
2024-07-17,13.637500000000001,86.20833333333333,4.5375000000000005,0.0,50.625
2024-07-18,13.879166666666668,77.125,5.05,0.0,0.5
2024-07-19,14.508333333333333,70.0,5.5,0.0,63.25
2024-07-20,14.862499999999999,76.16666666666667,4.666666666666667,0.1,57.916666666666664
2024-07-21,15.158333333333333,78.625,6.429166666666667,0.0,18.791666666666668
2024-07-22,13.875,87.125,5.283333333333333,0.0,65.125
2024-07-23,14.795833333333334,78.70833333333333,5.420833333333333,0.0,30.833333333333332
2024-07-24,18.008333333333333,42.708333333333336,5.779166666666666,0.0,0.0
2024-07-25,15.245833333333332,79.04166666666667,4.308333333333333,0.0,55.5
2024-07-26,14.641666666666666,86.04166666666667,5.2749999999999995,0.0,63.083333333333336
2024-07-27,14.345833333333333,88.375,5.425,0.0,70.20833333333333
2024-07-28,14.612499999999999,85.58333333333333,4.908333333333333,0.0,47.0
2024-07-29,14.616666666666667,85.91666666666667,4.545833333333333,0.0,57.458333333333336
2024-07-30,14.1,88.66666666666667,4.6875,0.0,57.333333333333336
2024-07-31,14.104166666666666,83.45833333333333,5.320833333333334,0.0,48.416666666666664
2024-08-01,14.745833333333332,84.5,5.416666666666667,0.0,57.958333333333336
2024-08-02,15.404166666666667,78.75,6.125,0.0,35.916666666666664
2024-08-03,15.575000000000001,74.54166666666667,6.179166666666667,0.0,19.541666666666668
2024-08-04,15.174999999999999,86.58333333333333,5.916666666666667,0.2,73.08333333333333
2024-08-05,14.404166666666667,85.0,6.191666666666666,0.0,50.75
2024-08-06,14.270833333333334,82.83333333333333,6.466666666666666,0.0,44.125
2024-08-07,14.416666666666666,78.08333333333333,5.616666666666667,0.0,9.583333333333334
2024-08-08,14.866666666666667,78.95833333333333,5.095833333333333,0.0,31.041666666666668
2024-08-09,14.866666666666667,81.16666666666667,4.6625000000000005,0.0,39.5
2024-08-10,13.591666666666667,87.375,5.4125000000000005,0.0,63.708333333333336
2024-08-11,14.404166666666667,80.16666666666667,5.170833333333333,0.0,44.166666666666664
2024-08-12,13.958333333333334,85.54166666666667,4.541666666666667,0.0,57.0
2024-08-13,14.254166666666668,82.25,5.0249999999999995,0.0,37.208333333333336
2024-08-14,14.070833333333333,77.625,5.820833333333333,0.0,19.333333333333332
2024-08-15,14.4375,84.91666666666667,6.229166666666667,0.0,65.5
2024-08-16,14.987499999999999,86.16666666666667,5.5375000000000005,0.0,75.0
2024-08-17,15.2125,83.875,5.3,0.0,53.375
2024-08-18,15.637500000000001,77.58333333333333,4.691666666666666,0.0,39.041666666666664
2024-08-19,15.354166666666666,84.25,5.425,0.0,50.458333333333336
2024-08-20,14.1,90.45833333333333,6.3875,0.0,99.29166666666667
2024-08-21,14.012500000000001,83.83333333333333,8.5625,0.6000000000000001,70.58333333333333
2024-08-22,14.2875,76.58333333333333,5.570833333333333,0.0,7.333333333333333
2024-08-23,16.291666666666668,44.916666666666664,7.458333333333333,0.0,0.5416666666666666
2024-08-24,16.883333333333333,54.0,4.741666666666666,0.0,9.875
2024-08-25,14.920833333333334,80.66666666666667,4.833333333333333,0.0,35.583333333333336
2024-08-26,14.391666666666666,84.66666666666667,5.608333333333333,0.0,42.416666666666664
2024-08-27,14.245833333333332,85.625,5.6499999999999995,0.0,42.208333333333336
2024-08-28,13.5875,85.91666666666667,6.408333333333334,0.0,66.29166666666667
2024-08-29,13.262500000000001,80.375,7.908333333333332,0.0,74.45833333333333
2024-08-30,13.683333333333332,72.875,8.283333333333333,0.0,19.625
2024-08-31,14.154166666666667,79.0,5.8500000000000005,0.0,36.333333333333336
2024-09-01,13.9625,83.16666666666667,5.620833333333334,0.0,53.916666666666664
2024-09-02,13.629166666666668,85.16666666666667,6.320833333333333,0.0,69.79166666666667
2024-09-03,14.483333333333334,83.95833333333333,5.7250000000000005,0.0,58.375
2024-09-04,14.804166666666667,87.95833333333333,5.5874999999999995,0.0,86.83333333333333
2024-09-05,14.441666666666668,87.29166666666667,5.404166666666666,0.0,67.625
2024-09-06,14.883333333333333,83.25,5.1875,0.0,55.916666666666664
2024-09-07,14.983333333333334,84.79166666666667,6.295833333333333,0.0,49.625
2024-09-08,15.745833333333332,77.95833333333333,5.3625,0.0,16.958333333333332
2024-09-09,15.279166666666667,84.08333333333333,5.4875,0.0,62.791666666666664
2024-09-10,15.700000000000001,82.0,7.108333333333333,0.2,70.75
2024-09-11,15.125,85.95833333333333,6.966666666666666,0.0,71.04166666666667
2024-09-12,14.445833333333333,86.66666666666667,7.7124999999999995,0.0,84.33333333333333
2024-09-13,14.754166666666668,81.54166666666667,7.033333333333334,0.0,50.875
2024-09-14,14.112499999999999,83.04166666666667,6.066666666666666,0.0,48.708333333333336
2024-09-15,17.129166666666666,66.58333333333333,5.2749999999999995,0.0,18.666666666666668
2024-09-16,14.525,86.375,5.670833333333333,0.0,64.58333333333333
2024-09-17,15.575000000000001,78.04166666666667,6.016666666666667,0.0,21.791666666666668
2024-09-18,15.220833333333333,79.83333333333333,6.6125,0.0,60.333333333333336
2024-09-19,15.566666666666668,82.95833333333333,6.279166666666666,0.0,52.208333333333336
2024-09-20,15.5875,83.125,5.6875,0.0,53.0
2024-09-21,15.325000000000001,85.75,6.404166666666666,0.1,96.95833333333333
2024-09-22,15.9,80.79166666666667,6.266666666666667,0.0,79.54166666666667
2024-09-23,15.637500000000001,83.375,6.016666666666667,0.0,52.708333333333336
2024-09-24,15.4,84.16666666666667,6.425,0.0,75.58333333333333
2024-09-25,15.004166666666668,84.95833333333333,6.9750000000000005,0.0,87.375
2024-09-26,15.766666666666666,77.54166666666667,6.229166666666667,0.0,57.833333333333336
2024-09-27,14.733333333333334,84.29166666666667,7.279166666666666,0.0,69.45833333333333
2024-09-28,14.737499999999999,81.95833333333333,5.379166666666666,0.0,60.833333333333336
2024-09-29,16.025000000000002,72.79166666666667,5.908333333333334,0.0,33.541666666666664
2024-09-30,15.783333333333333,79.95833333333333,6.020833333333333,0.0,53.291666666666664
2024-10-01,16.05,83.04166666666667,6.479166666666667,0.0,60.416666666666664
2024-10-02,16.4375,79.41666666666667,5.454166666666667,0.0,60.375
2024-10-03,16.5625,77.45833333333333,6.566666666666666,0.0,20.75
2024-10-04,17.295833333333334,77.95833333333333,5.416666666666667,0.0,27.541666666666668
2024-10-05,17.9375,70.125,5.441666666666666,0.0,64.33333333333333
2024-10-06,17.758333333333333,69.29166666666667,6.066666666666666,0.0,60.791666666666664
2024-10-07,18.316666666666666,72.125,6.25,0.0,80.33333333333333
2024-10-08,17.866666666666667,77.45833333333333,8.029166666666667,0.30000000000000004,43.875
2024-10-09,16.179166666666667,79.66666666666667,8.799999999999999,0.0,38.791666666666664
2024-10-10,16.983333333333334,66.79166666666667,7.370833333333334,0.0,2.0416666666666665
2024-10-11,17.495833333333334,65.625,7.491666666666667,0.0,9.166666666666666
2024-10-12,16.433333333333334,83.70833333333333,5.708333333333333,0.0,58.333333333333336
2024-10-13,17.020833333333332,75.79166666666667,6.3374999999999995,0.0,14.916666666666666
2024-10-14,16.916666666666668,79.125,6.575,0.0,36.041666666666664
2024-10-15,16.5,81.20833333333333,6.425,0.0,44.5
2024-10-16,16.075,82.08333333333333,6.7124999999999995,0.0,55.0
2024-10-17,16.391666666666666,80.58333333333333,6.854166666666667,0.0,45.875
2024-10-18,15.950000000000001,85.16666666666667,6.145833333333333,0.0,62.291666666666664
2024-10-19,16.433333333333334,81.79166666666667,6.041666666666667,0.0,50.916666666666664
2024-10-20,15.666666666666666,80.66666666666667,6.9125000000000005,0.0,48.625
2024-10-21,15.654166666666667,77.83333333333333,7.3374999999999995,0.0,18.791666666666668
2024-10-22,16.25,74.625,7.395833333333333,0.0,16.083333333333332
2024-10-23,17.245833333333334,74.70833333333333,6.6000000000000005,0.0,26.708333333333332
2024-10-24,16.770833333333332,81.0,5.758333333333333,0.0,30.166666666666668
2024-10-25,16.150000000000002,84.25,7.1375,0.1,56.041666666666664
2024-10-26,16.45,81.41666666666667,7.2749999999999995,0.0,51.25
2024-10-27,16.483333333333334,80.41666666666667,7.354166666666667,0.0,44.708333333333336
2024-10-28,16.708333333333332,81.70833333333333,6.591666666666666,0.0,50.125
2024-10-29,16.820833333333333,84.875,7.329166666666667,0.0,63.833333333333336
2024-10-30,17.070833333333333,83.66666666666667,7.3875,0.0,71.33333333333333
2024-10-31,17.091666666666665,81.66666666666667,8.362499999999999,0.0,58.333333333333336
2024-11-01,16.400000000000002,81.25,8.029166666666667,0.2,74.75
2024-11-02,16.208333333333332,85.875,7.05,0.1,84.45833333333333
2024-11-03,17.083333333333332,79.29166666666667,7.170833333333333,0.0,46.208333333333336
2024-11-04,17.408333333333335,81.79166666666667,7.154166666666666,0.0,44.541666666666664
2024-11-05,17.429166666666667,80.91666666666667,7.129166666666666,0.0,47.708333333333336
2024-11-06,17.354166666666668,78.5,7.304166666666667,0.0,44.208333333333336
2024-11-07,16.95,81.41666666666667,7.2875000000000005,0.4,52.708333333333336
2024-11-08,17.158333333333335,82.125,6.629166666666666,0.2,59.75
2024-11-09,17.287499999999998,78.20833333333333,6.675,0.0,38.0
2024-11-10,18.400000000000002,75.20833333333333,7.404166666666666,0.0,5.583333333333333
2024-11-11,18.308333333333334,79.20833333333333,7.1499999999999995,0.0,39.791666666666664
2024-11-12,18.241666666666667,78.08333333333333,5.841666666666666,0.0,34.041666666666664
2024-11-13,18.05,73.58333333333333,6.183333333333334,0.0,46.0
2024-11-14,18.070833333333333,74.875,5.554166666666667,0.0,23.291666666666668
2024-11-15,18.020833333333332,79.20833333333333,5.941666666666666,0.0,17.708333333333332
2024-11-16,17.833333333333332,82.54166666666667,7.3999999999999995,0.0,54.875
2024-11-17,17.720833333333335,84.04166666666667,7.454166666666667,0.0,69.875
2024-11-18,17.704166666666666,83.5,6.6375,0.0,95.29166666666667
2024-11-19,17.712500000000002,82.33333333333333,6.591666666666666,0.0,53.666666666666664
2024-11-20,17.345833333333335,80.66666666666667,6.8,0.0,61.875
2024-11-21,17.5125,78.95833333333333,7.7875000000000005,0.0,73.125
2024-11-22,17.429166666666667,79.875,6.875,0.0,49.666666666666664
2024-11-23,18.116666666666667,78.66666666666667,6.270833333333333,0.0,33.625
2024-11-24,18.725,78.79166666666667,6.416666666666667,0.0,43.75
2024-11-25,18.583333333333332,79.83333333333333,7.199999999999999,0.0,57.083333333333336
2024-11-26,18.458333333333332,77.41666666666667,6.320833333333333,0.0,34.083333333333336
2024-11-27,18.341666666666665,78.16666666666667,6.425,0.0,69.29166666666667
2024-11-28,17.900000000000002,81.125,6.279166666666666,0.0,56.166666666666664
2024-11-29,18.066666666666666,79.79166666666667,6.516666666666667,0.0,32.125
2024-11-30,17.95,79.20833333333333,5.625,0.0,38.25
2024-12-01,17.966666666666665,77.70833333333333,7.041666666666667,0.0,25.458333333333332
2024-12-02,18.1375,75.125,7.579166666666667,0.0,80.125
2024-12-03,17.675,72.25,6.929166666666667,0.0,46.125
2024-12-04,17.4,71.95833333333333,6.1375,0.0,56.791666666666664
2024-12-05,17.608333333333334,74.625,6.454166666666667,0.0,77.33333333333333
2024-12-06,17.316666666666666,80.875,6.383333333333333,0.0,42.875
2024-12-07,16.875,80.08333333333333,6.125,0.0,52.666666666666664
2024-12-08,17.441666666666666,73.45833333333333,6.558333333333334,0.0,86.29166666666667
2024-12-09,16.766666666666666,72.70833333333333,6.866666666666667,0.0,81.08333333333333
2024-12-10,17.375,79.0,6.608333333333333,0.0,84.95833333333333
2024-12-11,17.645833333333332,80.45833333333333,6.2625,0.0,68.0
2024-12-12,17.954166666666666,75.95833333333333,7.179166666666666,0.0,39.375
2024-12-13,17.05,78.29166666666667,6.320833333333333,0.0,27.5
2024-12-14,17.458333333333332,76.91666666666667,6.6499999999999995,0.0,22.375
2024-12-15,18.629166666666666,76.375,6.6375,0.0,19.875
2024-12-16,18.245833333333334,82.08333333333333,6.6375,0.0,58.791666666666664
2024-12-17,18.504166666666666,77.875,7.3125,0.0,42.458333333333336
2024-12-18,18.287499999999998,79.25,6.916666666666667,0.0,44.25
2024-12-19,18.195833333333333,76.5,6.308333333333334,0.0,37.916666666666664
2024-12-20,18.433333333333334,75.25,6.220833333333332,0.0,41.666666666666664
2024-12-21,18.770833333333332,78.16666666666667,5.641666666666667,0.0,26.541666666666668
2024-12-22,18.854166666666668,78.375,5.704166666666667,0.0,26.666666666666668
2024-12-23,19.066666666666666,77.45833333333333,6.2375,0.0,20.708333333333332
2024-12-24,18.970833333333335,81.54166666666667,5.783333333333334,0.0,26.166666666666668
2024-12-25,18.820833333333333,81.58333333333333,5.879166666666666,0.0,38.583333333333336
2024-12-26,18.966666666666665,78.5,6.983333333333333,0.0,19.0
2024-12-27,19.045833333333334,81.0,7.066666666666666,0.0,56.666666666666664
2024-12-28,19.787499999999998,78.20833333333333,7.141666666666667,0.0,13.125
2024-12-29,19.354166666666668,82.54166666666667,6.875,0.0,53.541666666666664
2024-12-30,19.537499999999998,78.79166666666667,7.641666666666667,0.0,38.541666666666664
2024-12-31,19.4375,78.20833333333333,7.0249999999999995,0.0,36.083333333333336
2025-01-01,19.641666666666666,75.91666666666667,6.516666666666667,0.0,2.2083333333333335
2025-01-02,20.208333333333332,74.45833333333333,5.5,0.0,23.25
2025-01-03,21.270833333333332,65.625,5.1125,0.0,21.458333333333332
2025-01-04,21.900000000000002,70.375,5.608333333333333,0.0,53.708333333333336
2025-01-05,21.954166666666666,75.20833333333333,5.191666666666666,0.0,70.41666666666667
2025-01-06,19.849999999999998,85.45833333333333,6.129166666666666,0.5,90.54166666666667
2025-01-07,20.229166666666668,77.375,6.629166666666666,0.0,4.125
2025-01-08,20.095833333333335,79.95833333333333,6.929166666666667,0.0,20.958333333333332
2025-01-09,20.095833333333335,75.08333333333333,7.3374999999999995,0.0,18.041666666666668
2025-01-10,20.491666666666667,77.20833333333333,7.545833333333333,0.0,35.041666666666664
2025-01-11,20.6125,77.33333333333333,6.325,0.0,12.5
2025-01-12,20.995833333333334,75.66666666666667,6.866666666666667,0.0,8.416666666666666
2025-01-13,20.8875,74.20833333333333,5.7875000000000005,0.0,0.125
2025-01-14,21.008333333333333,75.5,5.675,0.0,18.0
2025-01-15,21.474999999999998,75.875,6.233333333333333,0.0,0.5833333333333334
2025-01-16,21.724999999999998,79.41666666666667,7.054166666666667,0.0,37.333333333333336
2025-01-17,21.412499999999998,77.66666666666667,6.766666666666667,0.0,11.25
2025-01-18,21.445833333333336,77.45833333333333,6.791666666666667,0.2,28.333333333333332
2025-01-19,21.220833333333335,77.29166666666667,7.120833333333334,0.0,40.541666666666664
2025-01-20,20.479166666666668,75.83333333333333,7.566666666666666,0.0,54.0
2025-01-21,20.758333333333333,73.91666666666667,6.979166666666667,0.0,65.25
2025-01-22,21.233333333333334,74.375,5.658333333333334,0.0,6.041666666666667
2025-01-23,21.316666666666666,75.54166666666667,6.304166666666667,0.0,60.125
2025-01-24,21.0625,78.08333333333333,6.2875000000000005,0.0,32.583333333333336
2025-01-25,21.1125,78.79166666666667,5.566666666666666,0.0,51.5
2025-01-26,20.875,79.125,5.891666666666667,0.0,25.041666666666668
2025-01-27,20.720833333333335,79.125,6.3500000000000005,0.0,17.291666666666668
2025-01-28,20.9875,75.83333333333333,5.516666666666667,0.0,3.8333333333333335
2025-01-29,21.47083333333333,73.83333333333333,6.0249999999999995,0.0,1.9166666666666667
2025-01-30,21.2375,76.54166666666667,6.820833333333333,0.0,11.208333333333334
2025-01-31,20.854166666666668,81.41666666666667,6.541666666666667,0.0,46.583333333333336
2025-02-01,20.645833333333332,79.5,6.070833333333334,0.0,34.083333333333336
2025-02-02,21.308333333333334,74.33333333333333,5.820833333333333,0.0,5.333333333333333
2025-02-03,22.133333333333336,73.79166666666667,5.766666666666667,0.0,47.666666666666664
2025-02-04,22.445833333333336,74.20833333333333,6.0874999999999995,0.0,24.208333333333332
2025-02-05,21.858333333333334,79.0,6.079166666666667,0.0,43.541666666666664
2025-02-06,22.304166666666664,75.08333333333333,5.8125,0.0,21.583333333333332
2025-02-07,22.625,75.91666666666667,5.6125,0.0,75.91666666666667
2025-02-08,22.129166666666666,82.33333333333333,6.291666666666667,0.0,51.333333333333336
2025-02-09,22.816666666666666,74.04166666666667,5.404166666666666,0.0,16.416666666666668
2025-02-10,23.933333333333334,68.04166666666667,6.320833333333333,0.0,26.5
2025-02-11,24.179166666666664,68.41666666666667,6.2250000000000005,0.0,36.75
2025-02-12,23.724999999999998,71.41666666666667,6.8625,0.0,28.208333333333332
2025-02-13,23.233333333333334,76.66666666666667,6.9750000000000005,0.0,34.791666666666664
2025-02-14,22.958333333333332,76.70833333333333,7.1499999999999995,0.0,64.04166666666667
2025-02-15,22.020833333333332,80.91666666666667,6.345833333333334,0.0,36.0
2025-02-16,21.599999999999998,78.875,6.741666666666667,0.0,31.875
2025-02-17,21.366666666666664,77.375,7.016666666666667,0.0,64.91666666666667
2025-02-18,20.7625,78.125,5.670833333333333,0.0,84.04166666666667
2025-02-19,21.958333333333332,72.33333333333333,5.479166666666667,0.0,71.375
2025-02-20,21.941666666666666,73.95833333333333,5.529166666666666,0.0,4.458333333333333
2025-02-21,22.016666666666666,73.75,5.383333333333333,0.0,3.0
2025-02-22,22.05,73.70833333333333,5.575,0.0,4.666666666666667
2025-02-23,21.866666666666664,74.625,5.6000000000000005,0.0,1.75
2025-02-24,21.916666666666668,75.41666666666667,5.229166666666667,0.0,29.291666666666668
2025-02-25,22.316666666666666,71.83333333333333,4.841666666666667,0.0,52.375
2025-02-26,22.3625,73.375,4.754166666666666,0.0,50.375
2025-02-27,22.395833333333332,75.58333333333333,4.9875,0.0,49.375
2025-02-28,22.974999999999998,75.25,5.583333333333333,0.0,17.666666666666668
2025-03-01,22.02916666666667,77.91666666666667,5.245833333333334,0.0,18.333333333333332
2025-03-02,21.375,78.875,5.970833333333334,0.0,6.583333333333333
2025-03-03,20.662499999999998,77.54166666666667,6.483333333333333,0.0,20.208333333333332
2025-03-04,20.0125,75.08333333333333,5.754166666666666,0.0,1.5416666666666667
2025-03-05,20.641666666666666,69.45833333333333,4.941666666666667,0.0,1.375
2025-03-06,21.258333333333333,67.75,4.9125000000000005,0.0,6.666666666666667
2025-03-07,21.220833333333335,72.625,6.0249999999999995,0.0,0.0
2025-03-08,20.8375,74.29166666666667,4.891666666666667,0.0,10.875
2025-03-09,21.266666666666666,71.70833333333333,4.5375000000000005,0.0,12.333333333333334
2025-03-10,21.016666666666666,73.45833333333333,4.966666666666667,0.0,4.416666666666667
2025-03-11,20.733333333333334,77.79166666666667,4.691666666666667,0.0,2.3333333333333335
2025-03-12,21.083333333333332,76.33333333333333,5.291666666666667,0.0,5.75
2025-03-13,20.529166666666665,78.66666666666667,5.495833333333334,0.0,5.75
2025-03-14,20.6125,76.75,5.166666666666667,0.0,0.125
2025-03-15,20.504166666666666,75.33333333333333,6.554166666666666,0.0,0.0
2025-03-16,20.008333333333333,78.58333333333333,6.5249999999999995,0.0,2.2083333333333335
2025-03-17,19.5625,82.58333333333333,6.0,0.0,29.166666666666668
2025-03-18,19.462500000000002,81.29166666666667,5.091666666666667,0.0,24.625
2025-03-19,19.883333333333333,77.375,5.95,0.0,7.791666666666667
2025-03-20,19.729166666666668,79.16666666666667,5.383333333333333,0.0,1.6666666666666667
2025-03-21,19.608333333333334,80.875,5.966666666666666,0.0,14.458333333333334
2025-03-22,19.53333333333333,82.5,5.508333333333333,0.0,31.708333333333332
2025-03-23,19.716666666666665,78.125,4.754166666666666,0.0,3.9166666666666665
2025-03-24,19.599999999999998,78.58333333333333,4.483333333333333,0.0,2.25
2025-03-25,19.608333333333334,76.25,5.045833333333333,0.0,0.5
2025-03-26,20.2,73.83333333333333,4.783333333333333,0.0,10.375
2025-03-27,20.616666666666667,74.29166666666667,5.15,0.0,0.08333333333333333
2025-03-28,20.341666666666665,75.83333333333333,6.504166666666666,0.0,0.0
2025-03-29,20.004166666666666,76.375,5.391666666666667,0.0,0.0
2025-03-30,19.366666666666667,77.125,6.291666666666667,0.0,1.3333333333333333
2025-03-31,18.9375,77.83333333333333,4.391666666666667,0.0,21.416666666666668
2025-04-01,18.991666666666667,75.875,5.108333333333333,0.0,20.041666666666668
2025-04-02,18.375,77.5,4.779166666666667,0.0,90.79166666666667
2025-04-03,18.579166666666666,74.75,4.070833333333334,0.0,65.08333333333333
2025-04-04,18.579166666666666,75.91666666666667,4.345833333333333,0.0,17.291666666666668
2025-04-05,18.025000000000002,79.58333333333333,4.875,0.0,14.083333333333334
2025-04-06,17.920833333333334,75.54166666666667,5.191666666666666,0.0,0.25
2025-04-07,17.724999999999998,84.45833333333333,4.354166666666667,0.0,31.083333333333332
2025-04-08,18.145833333333332,79.45833333333333,5.195833333333334,0.0,12.583333333333334
2025-04-09,18.05,80.0,5.533333333333334,0.0,18.666666666666668
2025-04-10,17.541666666666668,78.54166666666667,5.033333333333333,0.0,56.583333333333336
2025-04-11,17.433333333333334,78.25,4.795833333333333,0.0,11.125
2025-04-12,18.125,76.33333333333333,5.379166666666666,0.0,0.041666666666666664
2025-04-13,17.825,83.04166666666667,4.7250000000000005,0.0,7.166666666666667
2025-04-14,17.933333333333334,79.66666666666667,5.529166666666668,0.0,1.3333333333333333
2025-04-15,17.037499999999998,85.375,4.604166666666667,0.0,19.708333333333332
2025-04-16,16.983333333333334,87.25,4.308333333333334,0.0,49.25
2025-04-17,17.070833333333333,87.04166666666667,4.4750000000000005,0.0,79.04166666666667
2025-04-18,17.395833333333332,82.29166666666667,4.179166666666666,0.0,30.833333333333332
2025-04-19,17.258333333333333,78.16666666666667,4.375,0.0,50.958333333333336
2025-04-20,17.783333333333335,79.0,4.404166666666667,0.0,98.08333333333333
2025-04-21,18.6125,73.75,4.4375,0.1,95.83333333333333
2025-04-22,18.3125,80.0,5.483333333333333,2.7,44.25
2025-04-23,18.070833333333333,79.08333333333333,4.0125,0.0,6.458333333333333
2025-04-24,18.629166666666666,75.41666666666667,4.083333333333333,0.0,28.75
2025-04-25,17.833333333333332,83.125,4.508333333333334,0.0,21.75
2025-04-26,17.587500000000002,82.33333333333333,4.141666666666667,0.0,31.375
2025-04-27,17.25,83.75,4.829166666666667,0.0,37.333333333333336
2025-04-28,16.537499999999998,82.58333333333333,4.4125,0.0,45.541666666666664
2025-04-29,16.3125,84.875,4.583333333333333,0.0,36.625
2025-04-30,16.029166666666665,84.625,4.975,0.0,36.083333333333336
2025-05-01,16.354166666666668,81.25,4.5874999999999995,0.0,57.291666666666664
2025-05-02,16.391666666666666,85.0,4.4750000000000005,0.0,45.458333333333336
2025-05-03,16.8625,84.75,5.016666666666667,0.0,48.208333333333336
2025-05-04,16.375,86.70833333333333,4.1875,0.0,38.875
2025-05-05,16.545833333333334,84.875,4.558333333333334,0.0,59.166666666666664
2025-05-06,16.404166666666665,85.54166666666667,4.791666666666667,0.0,42.833333333333336
2025-05-07,16.241666666666667,82.54166666666667,5.704166666666667,0.0,69.29166666666667
2025-05-08,16.545833333333334,83.29166666666667,4.095833333333333,0.0,28.666666666666668
2025-05-09,18.216666666666665,58.166666666666664,3.783333333333333,0.0,6.083333333333333
2025-05-10,16.724999999999998,77.54166666666667,3.6458333333333335,0.0,29.583333333333332
2025-05-11,15.958333333333334,80.20833333333333,3.870833333333333,0.0,7.791666666666667
2025-05-12,15.820833333333333,88.04166666666667,4.383333333333334,0.0,70.45833333333333
2025-05-13,15.741666666666667,88.5,4.516666666666667,0.5,74.75
2025-05-14,15.475,84.25,3.8666666666666667,0.0,74.66666666666667
2025-05-15,16.104166666666668,81.08333333333333,3.3083333333333336,0.0,82.41666666666667
2025-05-16,16.404166666666665,80.58333333333333,3.8249999999999997,0.0,59.166666666666664
2025-05-17,16.533333333333335,76.58333333333333,4.383333333333334,0.0,53.583333333333336
2025-05-18,15.795833333333334,85.125,4.570833333333334,0.0,37.583333333333336
2025-05-19,16.404166666666665,87.5,4.570833333333334,0.2,50.875
2025-05-20,15.733333333333334,84.41666666666667,3.5625,0.0,57.791666666666664
2025-05-21,15.995833333333332,76.91666666666667,3.5,0.0,2.25
2025-05-22,16.008333333333333,79.04166666666667,3.2875,0.0,6.541666666666667
2025-05-23,15.720833333333333,80.875,3.6750000000000003,0.0,10.583333333333334
2025-05-24,15.825000000000001,89.16666666666667,3.975,0.0,81.75
2025-05-25,15.825000000000001,89.45833333333333,4.691666666666666,0.0,98.125
2025-05-26,15.6625,87.95833333333333,4.883333333333334,0.30000000000000004,61.916666666666664
2025-05-27,16.045833333333334,83.75,4.141666666666667,0.0,30.375
2025-05-28,15.424999999999999,88.66666666666667,3.75,0.0,80.54166666666667
2025-05-29,15.229166666666666,87.5,3.9416666666666664,0.0,48.708333333333336
2025-05-30,15.233333333333334,90.5,3.2624999999999997,0.0,66.20833333333333
2025-05-31,15.366666666666667,83.41666666666667,3.5833333333333335,0.0,80.79166666666667
2025-06-01,15.395833333333334,81.70833333333333,4.154166666666667,0.0,40.708333333333336
2025-06-02,15.170833333333334,77.75,3.15,0.0,35.583333333333336
2025-06-03,15.362499999999999,78.29166666666667,3.3083333333333336,0.0,99.70833333333333
2025-06-04,15.520833333333334,82.625,3.766666666666667,0.0,95.125
2025-06-05,15.529166666666667,87.5,4.620833333333334,0.0,92.83333333333333
2025-06-06,15.725,88.70833333333333,4.7875000000000005,0.2,68.70833333333333
2025-06-07,15.924999999999999,80.04166666666667,3.8666666666666667,0.0,17.291666666666668
2025-06-08,16.4375,72.16666666666667,2.9458333333333333,0.0,70.375
2025-06-09,15.295833333333334,85.45833333333333,3.3249999999999997,0.0,71.70833333333333
2025-06-10,14.633333333333333,82.54166666666667,3.8375,0.0,33.833333333333336
2025-06-11,15.679166666666667,78.08333333333333,4.3125,0.0,16.666666666666668
2025-06-12,16.4375,80.70833333333333,4.85,0.0,21.875
2025-06-13,15.674999999999999,86.25,4.825,0.0,70.79166666666667
2025-06-14,16.6375,73.04166666666667,4.720833333333333,0.0,14.75
2025-06-15,15.5875,72.375,3.5500000000000003,0.0,9.166666666666666
2025-06-16,14.791666666666666,83.83333333333333,4.2875000000000005,0.0,20.291666666666668
2025-06-17,14.870833333333332,80.125,3.983333333333333,0.0,16.666666666666668
2025-06-18,15.0,78.91666666666667,3.625,0.0,28.166666666666668
2025-06-19,15.4625,54.291666666666664,4.204166666666667,0.0,0.125
2025-06-20,14.008333333333333,87.125,3.3333333333333335,0.0,68.125
2025-06-21,13.345833333333333,86.625,3.6958333333333333,0.0,66.58333333333333
2025-06-22,13.604166666666666,76.79166666666667,4.325,0.0,26.416666666666668
2025-06-23,13.9,77.58333333333333,3.3541666666666665,0.0,3.4166666666666665
2025-06-24,14.15,76.75,3.3708333333333336,0.0,4.75
2025-06-25,14.495833333333332,80.91666666666667,3.85,0.5,49.833333333333336
2025-06-26,15.558333333333332,74.375,4.929166666666666,0.0,11.166666666666666
2025-06-27,14.85,84.16666666666667,3.795833333333333,0.0,85.75
2025-06-28,14.454166666666666,81.45833333333333,5.0249999999999995,0.4,43.0
2025-06-29,16.3625,59.333333333333336,3.720833333333333,0.0,3.0833333333333335
2025-06-30,14.883333333333333,80.79166666666667,3.1750000000000003,0.0,36.583333333333336
2025-07-01,14.183333333333332,81.75,3.266666666666667,0.0,38.625
2025-07-02,15.049999999999999,78.0,2.9166666666666665,0.0,37.25
2025-07-03,15.033333333333333,79.16666666666667,3.0541666666666667,0.0,7.666666666666667
2025-07-04,15.566666666666668,82.875,3.904166666666667,0.0,57.5
2025-07-05,15.4375,81.70833333333333,5.029166666666667,0.0,29.541666666666668
2025-07-06,14.508333333333333,87.08333333333333,3.25,0.0,46.416666666666664
2025-07-07,14.65,89.875,4.279166666666667,0.0,78.5
2025-07-08,14.995833333333332,84.83333333333333,3.9291666666666667,0.0,41.666666666666664
2025-07-09,14.025,88.04166666666667,4.145833333333333,0.0,76.33333333333333
2025-07-10,13.549999999999999,87.04166666666667,5.083333333333333,0.0,64.66666666666667
2025-07-11,13.295833333333334,87.70833333333333,4.375,0.0,57.583333333333336
2025-07-12,12.879166666666668,87.83333333333333,4.091666666666667,0.0,93.375
2025-07-13,13.366666666666667,81.41666666666667,3.8208333333333333,0.0,37.291666666666664
2025-07-14,13.933333333333332,85.83333333333333,3.641666666666667,0.0,49.166666666666664
2025-07-15,14.083333333333334,87.29166666666667,4.454166666666667,0.0,77.25
2025-07-16,14.308333333333332,84.91666666666667,3.8000000000000003,0.0,47.875
2025-07-17,14.125,85.33333333333333,3.404166666666667,0.0,49.625
2025-07-18,13.691666666666668,81.20833333333333,3.6625,0.0,15.916666666666666
2025-07-19,14.350000000000001,85.375,4.254166666666666,0.0,55.0
2025-07-20,14.545833333333334,84.25,3.7083333333333335,0.0,50.166666666666664
2025-07-21,14.008333333333333,86.25,3.6166666666666667,0.0,47.916666666666664
2025-07-22,13.6625,87.375,3.733333333333333,0.0,61.208333333333336
2025-07-23,13.495833333333332,82.54166666666667,3.970833333333333,0.0,6.0
2025-07-24,14.041666666666666,84.0,3.8833333333333333,0.0,47.375
2025-07-25,13.491666666666667,88.45833333333333,3.9625,0.0,82.45833333333333
2025-07-26,14.766666666666667,82.91666666666667,5.745833333333334,0.7,63.5
2025-07-27,14.525,78.25,5.245833333333334,0.0,14.291666666666666
2025-07-28,15.6875,76.375,3.2375000000000003,0.0,38.791666666666664
2025-07-29,16.683333333333334,70.5,3.3208333333333333,0.0,21.291666666666668
2025-07-30,15.220833333333333,77.54166666666667,4.370833333333334,0.2,50.5
2025-07-31,16.216666666666665,79.375,4.820833333333334,0.0,56.833333333333336
2025-08-01,15.991666666666667,79.29166666666667,5.808333333333334,0.0,70.91666666666667
2025-08-02,17.195833333333333,70.25,6.1875,0.0,22.958333333333332
2025-08-03,16.95,69.125,2.908333333333333,0.0,25.416666666666668
2025-08-04,16.525000000000002,80.58333333333333,3.3541666666666665,0.0,63.875
2025-08-05,15.35,84.25,3.5250000000000004,0.0,35.583333333333336
2025-08-06,14.954166666666666,83.54166666666667,3.8874999999999997,0.0,40.125
2025-08-07,14.183333333333332,83.58333333333333,4.070833333333334,0.0,38.5
2025-08-08,13.683333333333332,84.41666666666667,3.8000000000000003,0.0,43.75
2025-08-09,14.554166666666667,83.29166666666667,4.325,0.0,43.208333333333336
2025-08-10,14.424999999999999,83.66666666666667,4.204166666666667,0.0,53.125
2025-08-11,14.004166666666668,86.16666666666667,4.029166666666667,0.0,59.708333333333336
2025-08-12,14.25,82.95833333333333,4.533333333333333,0.0,34.208333333333336
2025-08-13,14.637500000000001,79.95833333333333,3.920833333333333,0.0,2.0416666666666665
2025-08-14,15.483333333333334,81.29166666666667,4.741666666666666,0.0,32.958333333333336
2025-08-15,14.941666666666668,79.45833333333333,4.816666666666666,0.0,0.6666666666666666
2025-08-16,14.641666666666666,77.45833333333333,4.1125,0.0,38.458333333333336
2025-08-17,15.870833333333332,80.20833333333333,6.729166666666667,0.1,60.5
2025-08-18,16.045833333333334,76.04166666666667,7.020833333333333,0.1,45.875
2025-08-19,16.883333333333333,63.791666666666664,6.070833333333333,0.0,0.08333333333333333
2025-08-20,16.154166666666665,60.416666666666664,3.3625000000000003,0.0,20.208333333333332
2025-08-21,14.808333333333332,79.75,5.125,0.0,54.916666666666664
2025-08-22,15.233333333333334,81.875,7.141666666666667,0.0,64.91666666666667
2025-08-23,15.075000000000001,76.75,5.866666666666667,0.0,43.916666666666664
2025-08-24,14.270833333333334,65.125,4.733333333333333,0.0,28.75
2025-08-25,14.533333333333333,56.625,4.45,0.0,12.083333333333334
2025-08-26,13.916666666666666,79.04166666666667,5.2749999999999995,0.0,49.291666666666664
2025-08-27,14.720833333333333,71.91666666666667,4.175,0.0,1.0
2025-08-28,13.975,79.375,5.2,0.0,43.666666666666664
2025-08-29,13.950000000000001,80.33333333333333,5.066666666666666,0.9,82.08333333333333
2025-08-30,14.270833333333334,71.58333333333333,6.270833333333333,0.0,5.166666666666667
2025-08-31,14.916666666666666,68.41666666666667,5.3374999999999995,0.0,3.0416666666666665
