ds,temperatura,humedad,velocidad_viento,precipitacion,nubosidad
2020-01-01,17.329166666666666,79.58333333333333,7.125,0.0,46.208333333333336
2020-01-02,16.595833333333335,77.375,8.591666666666667,0.0,43.541666666666664
2020-01-03,16.945833333333333,75.5,7.754166666666666,0.0,55.166666666666664
2020-01-04,17.416666666666668,78.70833333333333,9.112499999999999,0.1,60.166666666666664
2020-01-05,17.704166666666666,78.125,8.825000000000001,0.2,67.04166666666667
2020-01-06,18.833333333333332,72.91666666666667,8.325000000000001,0.0,10.583333333333334
2020-01-07,19.408333333333335,73.0,8.520833333333334,0.0,1.5833333333333333
2020-01-08,18.712500000000002,74.04166666666667,8.570833333333333,0.0,19.833333333333332
2020-01-09,19.754166666666666,69.70833333333333,7.604166666666667,0.0,0.041666666666666664
2020-01-10,18.895833333333332,76.83333333333333,7.279166666666666,0.0,29.791666666666668
2020-01-11,18.633333333333333,77.70833333333333,6.816666666666666,0.0,47.041666666666664
2020-01-12,18.2375,78.16666666666667,7.7,0.1,47.166666666666664
2020-01-13,18.308333333333334,76.25,8.379166666666666,0.0,45.083333333333336
2020-01-14,18.7,75.29166666666667,9.1625,0.0,71.625
2020-01-15,18.920833333333334,77.875,7.416666666666667,0.0,50.5
2020-01-16,18.216666666666665,80.08333333333333,7.2749999999999995,0.0,39.083333333333336
2020-01-17,18.395833333333332,79.0,6.3125,0.0,83.91666666666667
2020-01-18,18.787499999999998,76.45833333333333,7.591666666666666,0.0,35.708333333333336
2020-01-19,18.979166666666668,75.16666666666667,7.175,0.0,44.875
2020-01-20,19.1125,76.29166666666667,7.995833333333334,0.0,10.833333333333334
2020-01-21,18.962500000000002,78.29166666666667,7.520833333333333,0.0,56.791666666666664
2020-01-22,19.308333333333334,77.16666666666667,6.875,0.1,78.70833333333333
2020-01-23,20.945833333333333,71.41666666666667,7.2375,0.0,63.541666666666664
2020-01-24,21.383333333333336,69.91666666666667,6.658333333333334,0.0,27.666666666666668
2020-01-25,20.520833333333332,82.29166666666667,7.1625000000000005,0.0,42.958333333333336
2020-01-26,20.208333333333332,79.16666666666667,6.6375,0.0,56.75
2020-01-27,19.858333333333334,79.04166666666667,7.579166666666667,0.0,44.875
2020-01-28,20.0125,78.70833333333333,8.358333333333333,0.0,87.41666666666667
2020-01-29,20.470833333333335,72.25,8.375,0.0,50.583333333333336
2020-01-30,19.533333333333335,75.04166666666667,7.733333333333333,0.0,36.041666666666664
2020-01-31,19.287499999999998,75.625,7.3374999999999995,0.0,65.91666666666667
2020-02-01,19.191666666666666,76.875,6.820833333333333,0.0,45.875
2020-02-02,19.408333333333335,80.04166666666667,8.333333333333334,0.0,73.91666666666667
2020-02-03,19.941666666666666,78.08333333333333,7.591666666666666,0.0,44.833333333333336
2020-02-04,19.833333333333332,73.25,7.45,0.0,14.958333333333334
2020-02-05,19.716666666666665,71.70833333333333,8.208333333333334,0.0,4.25
2020-02-06,19.029166666666665,69.875,7.379166666666666,0.0,0.7916666666666666
2020-02-07,18.904166666666665,72.75,7.145833333333333,0.0,8.791666666666666
2020-02-08,18.370833333333334,77.91666666666667,8.0125,0.0,29.083333333333332
2020-02-09,18.445833333333333,78.16666666666667,6.941666666666666,0.0,58.666666666666664
2020-02-10,18.587500000000002,77.875,7.2250000000000005,0.0,47.916666666666664
2020-02-11,19.025000000000002,79.625,7.904166666666666,0.0,58.041666666666664
2020-02-12,19.945833333333333,75.20833333333333,7.291666666666667,0.0,73.66666666666667
2020-02-13,20.320833333333333,74.625,6.620833333333334,0.0,23.916666666666668
2020-02-14,19.016666666666666,74.54166666666667,6.833333333333333,0.0,20.958333333333332
2020-02-15,18.241666666666667,78.45833333333333,7.416666666666667,0.0,30.375
2020-02-16,18.695833333333333,79.41666666666667,8.1375,0.0,43.75
2020-02-17,20.095833333333335,73.5,6.825,0.0,14.75
2020-02-18,19.716666666666665,77.0,6.658333333333334,0.0,25.5
2020-02-19,17.7625,77.04166666666667,8.450000000000001,0.0,39.708333333333336
2020-02-20,17.337500000000002,81.04166666666667,7.620833333333334,0.1,54.958333333333336
2020-02-21,18.0125,77.875,6.533333333333334,0.0,39.625
2020-02-22,18.412499999999998,74.33333333333333,7.020833333333333,0.0,30.833333333333332
2020-02-23,18.120833333333334,74.29166666666667,7.7875000000000005,0.0,23.833333333333332
2020-02-24,18.3625,72.875,6.816666666666666,0.0,11.791666666666666
2020-02-25,18.179166666666667,77.58333333333333,6.904166666666666,0.0,0.75
2020-02-26,18.3625,81.625,6.383333333333333,0.0,28.458333333333332
2020-02-27,18.120833333333334,80.25,5.870833333333334,0.0,55.0
2020-02-28,18.229166666666668,79.625,7.0249999999999995,0.0,31.5
2020-02-29,17.904166666666665,81.83333333333333,7.533333333333334,0.0,56.208333333333336
2020-03-01,18.441666666666666,80.41666666666667,6.3625,0.0,56.625
2020-03-02,18.070833333333333,82.08333333333333,6.641666666666667,0.30000000000000004,60.041666666666664
2020-03-03,17.479166666666668,81.5,7.1000000000000005,0.0,61.958333333333336
2020-03-04,18.095833333333335,81.29166666666667,6.7375,0.0,55.791666666666664
2020-03-05,17.779166666666665,82.66666666666667,7.4125000000000005,0.0,66.0
2020-03-06,18.150000000000002,80.0,6.679166666666667,0.0,53.083333333333336
2020-03-07,18.287499999999998,80.5,6.3625,0.0,42.541666666666664
2020-03-08,19.099999999999998,82.125,6.379166666666666,0.0,35.583333333333336
2020-03-09,18.479166666666668,85.58333333333333,6.833333333333333,0.0,62.875
2020-03-10,18.345833333333335,83.54166666666667,6.216666666666666,0.0,65.70833333333333
2020-03-11,18.670833333333334,80.41666666666667,7.1000000000000005,0.0,45.541666666666664
2020-03-12,18.458333333333332,80.25,5.8125,0.0,35.291666666666664
2020-03-13,18.754166666666666,81.66666666666667,6.391666666666667,0.0,52.833333333333336
2020-03-14,19.016666666666666,80.70833333333333,5.704166666666667,0.0,54.25
2020-03-15,17.279166666666665,83.79166666666667,6.754166666666666,0.0,42.625
2020-03-16,17.366666666666667,78.33333333333333,6.079166666666667,0.1,56.166666666666664
2020-03-17,18.183333333333334,72.58333333333333,6.4624999999999995,0.0,29.916666666666668
2020-03-18,17.974999999999998,77.45833333333333,6.4875,0.0,32.708333333333336
2020-03-19,17.545833333333334,78.75,6.416666666666667,0.0,39.666666666666664
2020-03-20,17.233333333333334,77.79166666666667,6.566666666666666,0.0,63.75
2020-03-21,17.6125,71.54166666666667,6.491666666666667,0.0,60.25
2020-03-22,18.416666666666668,72.04166666666667,6.5,0.0,4.208333333333333
2020-03-23,18.616666666666667,76.625,6.370833333333334,0.0,0.0
2020-03-24,18.183333333333334,80.625,6.491666666666667,0.0,24.416666666666668
2020-03-25,18.329166666666666,79.5,5.591666666666666,0.0,42.875
2020-03-26,17.462500000000002,82.625,5.870833333333334,0.0,58.625
2020-03-27,17.679166666666667,77.41666666666667,5.966666666666666,0.0,21.375
2020-03-28,17.6875,77.91666666666667,6.5375000000000005,0.0,21.416666666666668
2020-03-29,18.224999999999998,80.41666666666667,5.233333333333333,0.0,86.75
2020-03-30,18.0125,85.91666666666667,4.733333333333333,0.0,48.833333333333336
2020-03-31,17.883333333333333,84.54166666666667,4.966666666666667,0.0,56.75
2020-04-01,17.525000000000002,82.41666666666667,5.8875,0.0,48.416666666666664
2020-04-02,16.904166666666665,84.75,7.1625000000000005,0.0,56.791666666666664
2020-04-03,16.645833333333332,85.0,4.7749999999999995,0.0,53.541666666666664
2020-04-04,16.525000000000002,82.54166666666667,5.404166666666666,0.0,88.79166666666667
2020-04-05,17.504166666666666,80.41666666666667,6.504166666666666,0.0,39.208333333333336
2020-04-06,17.662499999999998,81.16666666666667,5.4875,0.1,17.875
2020-04-07,16.883333333333333,84.45833333333333,6.2625,0.0,16.625
2020-04-08,16.291666666666668,82.5,5.3125,0.0,97.54166666666667
2020-04-09,17.0,80.16666666666667,5.633333333333333,0.0,55.708333333333336
2020-04-10,17.254166666666666,79.08333333333333,7.208333333333333,0.0,17.333333333333332
2020-04-11,16.745833333333334,81.16666666666667,6.170833333333333,0.0,63.041666666666664
2020-04-12,16.133333333333333,81.95833333333333,6.191666666666666,0.0,69.0
2020-04-13,16.545833333333334,79.16666666666667,5.6875,0.0,18.125
2020-04-14,15.491666666666667,83.66666666666667,6.416666666666667,0.0,51.791666666666664
2020-04-15,15.154166666666667,79.04166666666667,4.554166666666666,0.0,71.5
2020-04-16,15.9125,78.41666666666667,5.454166666666667,0.0,24.791666666666668
2020-04-17,16.658333333333335,84.33333333333333,4.833333333333333,0.0,30.875
2020-04-18,16.204166666666666,86.70833333333333,5.575,0.0,56.208333333333336
2020-04-19,16.775000000000002,89.5,5.183333333333333,0.0,44.25
2020-04-20,16.070833333333333,91.91666666666667,5.1625000000000005,0.0,80.08333333333333
2020-04-21,15.5875,91.95833333333333,4.658333333333333,0.0,79.33333333333333
2020-04-22,14.808333333333332,89.25,4.879166666666666,0.0,77.33333333333333
2020-04-23,15.208333333333334,83.58333333333333,5.4624999999999995,0.0,94.70833333333333
2020-04-24,16.337500000000002,73.83333333333333,5.020833333333333,0.0,86.875
2020-04-25,16.400000000000002,76.95833333333333,6.283333333333334,0.0,11.541666666666666
2020-04-26,16.212500000000002,83.16666666666667,5.895833333333333,0.0,54.25
2020-04-27,16.204166666666666,81.16666666666667,5.466666666666666,0.0,11.125
2020-04-28,17.145833333333332,76.83333333333333,5.320833333333334,0.0,5.166666666666667
2020-04-29,16.091666666666665,86.83333333333333,5.25,0.0,61.666666666666664
2020-04-30,15.15,83.91666666666667,5.620833333333334,0.0,83.375
2020-05-01,15.691666666666668,84.41666666666667,5.441666666666666,0.0,46.208333333333336
2020-05-02,15.0875,86.0,5.195833333333334,0.1,62.0
2020-05-03,15.408333333333333,83.70833333333333,5.991666666666667,0.0,26.541666666666668
2020-05-04,15.554166666666667,86.08333333333333,5.741666666666667,0.0,58.208333333333336
2020-05-05,15.674999999999999,85.375,4.995833333333334,0.0,37.25
2020-05-06,14.791666666666666,89.79166666666667,4.783333333333333,0.0,41.208333333333336
2020-05-07,13.308333333333332,92.33333333333333,4.270833333333333,0.0,91.29166666666667
2020-05-08,13.170833333333334,88.875,4.820833333333334,0.0,74.0
2020-05-09,12.9375,90.20833333333333,4.825,0.0,66.04166666666667
2020-05-10,14.333333333333334,86.04166666666667,6.2,0.0,30.25
2020-05-11,14.066666666666668,88.70833333333333,5.879166666666666,0.0,40.5
2020-05-12,13.158333333333333,83.58333333333333,5.379166666666666,0.0,46.5
2020-05-13,14.0625,84.375,4.258333333333334,0.0,42.25
2020-05-14,14.887500000000001,81.91666666666667,5.166666666666667,0.0,2.125
2020-05-15,16.462500000000002,75.20833333333333,3.9166666666666665,0.0,1.75
2020-05-16,14.895833333333334,90.66666666666667,5.333333333333333,0.0,32.25
2020-05-17,14.299999999999999,91.16666666666667,3.8333333333333335,0.2,88.08333333333333
2020-05-18,14.237499999999999,88.0,4.066666666666666,0.0,48.916666666666664
2020-05-19,13.725,87.33333333333333,4.991666666666666,0.0,75.125
2020-05-20,14.0875,87.33333333333333,4.966666666666667,0.0,69.08333333333333
2020-05-21,13.645833333333334,82.20833333333333,6.25,0.0,27.0
2020-05-22,13.795833333333334,76.91666666666667,4.4375,0.0,31.041666666666668
2020-05-23,14.920833333333334,73.79166666666667,4.695833333333334,0.0,18.416666666666668
2020-05-24,14.154166666666667,77.70833333333333,5.020833333333333,0.0,39.666666666666664
2020-05-25,13.204166666666666,90.125,4.575,0.0,72.33333333333333
2020-05-26,13.791666666666666,86.91666666666667,3.975,0.0,54.583333333333336
2020-05-27,13.674999999999999,81.95833333333333,4.641666666666667,0.0,11.541666666666666
2020-05-28,15.049999999999999,75.875,6.229166666666667,0.0,38.708333333333336
2020-05-29,15.345833333333333,82.70833333333333,5.191666666666666,3.2,60.25
2020-05-30,14.183333333333332,91.58333333333333,3.545833333333333,11.6,43.458333333333336
2020-05-31,14.579166666666666,91.375,4.529166666666667,6.5,66.0
2020-06-01,14.25,89.45833333333333,4.1625000000000005,0.30000000000000004,47.541666666666664
2020-06-02,13.174999999999999,91.54166666666667,5.9875,0.0,85.625
2020-06-03,12.633333333333333,78.54166666666667,5.979166666666667,11.5,67.91666666666667
2020-06-04,12.133333333333333,74.91666666666667,5.8500000000000005,0.0,24.5
2020-06-05,11.466666666666667,77.66666666666667,5.670833333333333,0.0,0.0
2020-06-06,12.145833333333334,79.79166666666667,5.25,0.0,20.375
2020-06-07,11.0,84.08333333333333,5.1375,0.0,37.166666666666664
2020-06-08,11.9,80.25,4.379166666666666,0.0,8.583333333333334
2020-06-09,13.191666666666668,78.875,4.8999999999999995,0.0,31.5
2020-06-10,12.512500000000001,80.20833333333333,5.383333333333333,0.0,92.5
2020-06-11,12.383333333333333,77.75,5.791666666666667,0.0,44.041666666666664
2020-06-12,11.962499999999999,80.25,5.058333333333334,0.0,3.125
2020-06-13,13.879166666666668,71.58333333333333,4.991666666666666,0.0,0.0
2020-06-14,13.325000000000001,82.58333333333333,5.416666666666667,0.0,65.83333333333333
2020-06-15,12.941666666666668,89.5,8.1625,3.2,93.70833333333333
2020-06-16,12.570833333333333,86.83333333333333,6.545833333333333,0.0,31.416666666666668
2020-06-17,12.804166666666667,85.625,6.654166666666666,28.0,56.166666666666664
2020-06-18,12.4375,75.91666666666667,4.266666666666667,0.0,84.79166666666667
2020-06-19,12.979166666666666,83.04166666666667,5.579166666666667,0.0,22.791666666666668
2020-06-20,12.595833333333333,82.29166666666667,5.6125,0.0,47.25
2020-06-21,12.941666666666668,86.875,4.858333333333333,0.0,32.041666666666664
2020-06-22,12.299999999999999,90.83333333333333,5.416666666666667,0.0,85.29166666666667
2020-06-23,12.641666666666666,91.29166666666667,4.925,14.1,92.625
2020-06-24,13.029166666666667,83.0,5.3374999999999995,1.5,61.875
2020-06-25,10.987499999999999,84.83333333333333,4.945833333333334,0.0,71.33333333333333
2020-06-26,12.104166666666666,85.16666666666667,5.0,0.0,56.791666666666664
2020-06-27,12.070833333333333,81.04166666666667,5.1000000000000005,0.0,60.541666666666664
2020-06-28,12.033333333333333,85.08333333333333,5.495833333333334,0.0,81.29166666666667
2020-06-29,12.708333333333334,89.125,5.195833333333334,17.9,91.625
2020-06-30,12.866666666666667,79.54166666666667,5.729166666666667,0.2,34.25
2020-07-01,13.120833333333332,78.95833333333333,3.3874999999999997,0.0,35.291666666666664
2020-07-02,13.7875,87.45833333333333,4.758333333333334,0.0,37.5
2020-07-03,13.620833333333332,90.54166666666667,3.7916666666666665,0.0,33.041666666666664
2020-07-04,12.295833333333334,87.41666666666667,6.729166666666667,1.9,32.75
2020-07-05,12.799999999999999,89.54166666666667,5.629166666666666,1.5999999999999999,65.79166666666667
2020-07-06,11.016666666666666,90.04166666666667,5.6000000000000005,0.0,56.208333333333336
2020-07-07,12.441666666666668,82.08333333333333,5.754166666666666,0.0,51.958333333333336
2020-07-08,12.395833333333334,79.33333333333333,4.116666666666666,0.0,11.75
2020-07-09,13.575000000000001,79.91666666666667,4.558333333333334,0.0,29.125
2020-07-10,13.229166666666666,86.625,5.179166666666666,0.0,53.666666666666664
2020-07-11,12.591666666666667,90.91666666666667,5.9750000000000005,0.0,42.375
2020-07-12,14.049999999999999,80.5,5.066666666666666,0.0,65.45833333333333
2020-07-13,11.816666666666668,92.58333333333333,5.0874999999999995,0.0,53.208333333333336
2020-07-14,10.904166666666667,96.75,4.533333333333333,0.0,96.0
2020-07-15,10.120833333333334,92.83333333333333,4.0874999999999995,0.0,94.83333333333333
2020-07-16,11.295833333333334,83.54166666666667,5.7250000000000005,0.0,26.416666666666668
2020-07-17,11.3125,87.875,5.3999999999999995,0.0,39.583333333333336
2020-07-18,11.670833333333334,86.875,5.066666666666666,0.0,74.625
2020-07-19,11.958333333333334,89.41666666666667,4.916666666666667,0.0,81.5
2020-07-20,12.25,88.83333333333333,5.4375,0.0,30.375
2020-07-21,11.920833333333334,85.70833333333333,6.991666666666667,0.0,49.208333333333336
2020-07-22,11.691666666666668,82.45833333333333,7.7749999999999995,0.0,48.916666666666664
2020-07-23,11.320833333333333,73.0,5.858333333333333,0.0,18.416666666666668
2020-07-24,10.387500000000001,77.20833333333333,6.4750000000000005,0.0,3.2083333333333335
2020-07-25,12.0,70.20833333333333,5.4750000000000005,0.0,59.333333333333336
2020-07-26,14.025,78.5,4.4125000000000005,0.0,24.125
2020-07-27,14.158333333333333,79.79166666666667,4.008333333333334,0.0,15.291666666666666
2020-07-28,14.495833333333332,79.91666666666667,3.5541666666666667,0.0,9.458333333333334
2020-07-29,13.941666666666668,80.0,4.183333333333334,0.0,20.291666666666668
2020-07-30,12.666666666666666,86.875,5.1875,0.0,42.625
2020-07-31,13.320833333333333,73.16666666666667,5.679166666666667,0.0,0.0
2020-08-01,12.566666666666668,84.33333333333333,6.741666666666667,0.0,28.666666666666668
2020-08-02,12.262500000000001,83.125,5.1375,0.0,45.541666666666664
2020-08-03,13.25,88.29166666666667,5.966666666666666,0.0,50.208333333333336
2020-08-04,12.191666666666668,91.91666666666667,5.345833333333334,0.0,66.83333333333333
2020-08-05,14.308333333333332,82.83333333333333,4.858333333333333,0.0,45.958333333333336
2020-08-06,13.9,87.20833333333333,5.895833333333333,0.0,41.208333333333336
2020-08-07,12.279166666666667,89.04166666666667,5.6375,0.0,53.208333333333336
2020-08-08,11.75,93.375,5.170833333333333,0.0,72.29166666666667
2020-08-09,12.591666666666667,89.375,5.166666666666667,0.0,84.25
2020-08-10,12.866666666666667,86.58333333333333,4.670833333333333,0.0,90.5
2020-08-11,11.970833333333333,90.16666666666667,5.683333333333334,0.0,74.08333333333333
2020-08-12,11.049999999999999,84.58333333333333,6.1499999999999995,0.0,55.125
2020-08-13,11.016666666666666,79.375,5.545833333333333,0.0,10.041666666666666
2020-08-14,11.541666666666666,81.83333333333333,5.883333333333333,0.0,30.208333333333332
2020-08-15,12.174999999999999,80.625,4.416666666666667,0.0,3.7916666666666665
2020-08-16,12.045833333333334,85.66666666666667,5.3500000000000005,0.0,22.5
2020-08-17,11.424999999999999,84.33333333333333,6.116666666666667,0.0,23.208333333333332
2020-08-18,10.775,82.33333333333333,6.1000000000000005,0.0,35.708333333333336
2020-08-19,12.299999999999999,80.625,4.7625,0.0,18.916666666666668
2020-08-20,12.045833333333334,88.0,4.954166666666667,0.0,34.875
2020-08-21,11.233333333333334,91.20833333333333,4.175,0.0,56.291666666666664
2020-08-22,10.279166666666667,90.33333333333333,5.3875,0.1,100.0
2020-08-23,12.491666666666667,72.29166666666667,9.674999999999999,2.1,62.791666666666664
2020-08-24,13.154166666666667,72.45833333333333,11.183333333333332,0.0,51.166666666666664
2020-08-25,12.1,79.58333333333333,8.4625,5.2,41.208333333333336
2020-08-26,12.741666666666667,79.66666666666667,6.420833333333333,0.0,19.541666666666668
2020-08-27,11.612499999999999,81.41666666666667,6.075,0.0,26.458333333333332
2020-08-28,10.929166666666667,82.45833333333333,6.0249999999999995,0.0,38.208333333333336
2020-08-29,11.85,76.29166666666667,5.720833333333334,0.0,13.666666666666666
2020-08-30,12.6,80.54166666666667,5.429166666666667,0.0,9.875
2020-08-31,11.879166666666668,81.04166666666667,7.154166666666666,0.0,64.95833333333333
2020-09-01,11.758333333333333,77.41666666666667,5.291666666666667,0.0,17.666666666666668
2020-09-02,12.604166666666666,74.91666666666667,7.075,0.0,2.625
2020-09-03,13.179166666666667,81.33333333333333,5.445833333333333,0.0,45.0
2020-09-04,12.633333333333333,86.29166666666667,6.804166666666667,0.0,78.625
2020-09-05,13.604166666666666,76.0,6.2625,0.0,37.916666666666664
2020-09-06,13.533333333333333,83.08333333333333,5.370833333333334,0.0,37.833333333333336
2020-09-07,13.070833333333333,83.79166666666667,6.0874999999999995,0.0,49.958333333333336
2020-09-08,12.4,80.79166666666667,6.958333333333333,0.0,75.875
2020-09-09,14.020833333333334,75.58333333333333,6.291666666666667,0.0,19.208333333333332
2020-09-10,15.504166666666668,75.125,5.508333333333333,0.0,3.9583333333333335
2020-09-11,14.229166666666666,83.66666666666667,6.216666666666666,0.0,34.291666666666664
2020-09-12,13.541666666666666,82.70833333333333,6.5249999999999995,0.0,39.625
2020-09-13,14.208333333333334,80.375,5.641666666666667,0.0,4.458333333333333
2020-09-14,12.833333333333334,87.91666666666667,6.7625,0.0,72.125
2020-09-15,12.116666666666667,81.5,4.854166666666667,0.0,58.416666666666664
2020-09-16,13.070833333333333,80.375,5.545833333333333,0.0,26.291666666666668
2020-09-17,14.341666666666667,86.5,5.983333333333333,0.0,45.458333333333336
2020-09-18,13.275,90.04166666666667,7.033333333333334,0.0,62.291666666666664
2020-09-19,12.570833333333333,88.125,5.0875,0.0,54.666666666666664
2020-09-20,12.816666666666668,86.79166666666667,5.5249999999999995,0.0,60.041666666666664
2020-09-21,12.520833333333334,88.375,5.545833333333333,0.0,69.20833333333333
2020-09-22,12.891666666666666,90.375,5.9375,0.0,75.125
2020-09-23,13.145833333333334,90.95833333333333,6.3,0.0,99.29166666666667
2020-09-24,12.345833333333333,86.70833333333333,5.45,0.0,95.625
2020-09-25,13.045833333333334,78.875,7.9125000000000005,0.5,71.875
2020-09-26,13.279166666666667,75.25,7.004166666666666,0.0,5.208333333333333
2020-09-27,14.029166666666667,75.20833333333333,5.8125,0.0,2.7083333333333335
2020-09-28,13.4,83.875,8.541666666666666,0.0,54.125
2020-09-29,13.329166666666666,77.625,7.0,0.0,26.583333333333332
2020-09-30,13.75,73.875,7.408333333333334,0.0,1.875
2020-10-01,13.637500000000001,77.66666666666667,7.466666666666666,0.0,10.416666666666666
2020-10-02,12.720833333333333,75.625,8.729166666666666,0.0,35.166666666666664
2020-10-03,12.991666666666667,75.66666666666667,7.479166666666667,0.0,72.33333333333333
2020-10-04,13.25,72.16666666666667,7.429166666666667,0.0,45.166666666666664
2020-10-05,13.620833333333332,77.04166666666667,7.9125000000000005,0.0,68.95833333333333
2020-10-06,13.970833333333333,74.83333333333333,6.808333333333334,0.0,62.75
2020-10-07,14.4,79.0,7.233333333333333,0.0,4.583333333333333
2020-10-08,15.041666666666666,76.25,6.133333333333333,0.0,37.958333333333336
2020-10-09,15.516666666666666,76.125,6.679166666666667,0.0,25.0
2020-10-10,14.262500000000001,84.79166666666667,6.358333333333333,0.0,37.75
2020-10-11,13.5875,83.91666666666667,6.720833333333334,0.0,47.041666666666664
2020-10-12,12.958333333333334,83.875,6.570833333333333,0.0,53.0
2020-10-13,12.9375,82.70833333333333,6.808333333333334,0.0,64.95833333333333
2020-10-14,13.979166666666666,80.41666666666667,5.470833333333334,0.0,70.625
2020-10-15,13.529166666666667,86.45833333333333,7.020833333333333,0.0,73.125
2020-10-16,14.200000000000001,80.625,6.55,0.0,51.958333333333336
2020-10-17,14.120833333333332,85.08333333333333,7.25,0.0,39.083333333333336
2020-10-18,13.933333333333332,83.29166666666667,7.5625,0.0,50.166666666666664
2020-10-19,14.729166666666666,79.54166666666667,7.104166666666667,0.0,32.666666666666664
2020-10-20,15.108333333333334,76.5,7.3999999999999995,0.0,6.916666666666667
2020-10-21,14.391666666666666,80.125,7.804166666666667,0.0,35.166666666666664
2020-10-22,13.916666666666666,80.58333333333333,7.316666666666666,0.0,33.916666666666664
2020-10-23,13.658333333333333,80.91666666666667,7.495833333333334,0.0,51.291666666666664
2020-10-24,13.795833333333334,79.5,7.520833333333333,0.0,68.25
2020-10-25,15.579166666666666,72.375,7.616666666666667,0.0,8.583333333333334
2020-10-26,16.025000000000002,75.70833333333333,7.416666666666667,0.0,2.2916666666666665
2020-10-27,14.141666666666666,75.16666666666667,10.075000000000001,0.0,57.583333333333336
2020-10-28,16.370833333333334,68.16666666666667,8.279166666666667,0.0,12.666666666666666
2020-10-29,14.745833333333332,81.29166666666667,7.829166666666667,0.0,20.625
2020-10-30,13.804166666666667,81.5,7.129166666666666,0.0,56.958333333333336
2020-10-31,13.329166666666666,83.95833333333333,7.216666666666666,0.0,61.583333333333336
2020-11-01,13.933333333333332,80.375,6.504166666666666,0.0,50.25
2020-11-02,13.870833333333332,82.20833333333333,7.266666666666667,0.0,67.0
2020-11-03,13.904166666666667,82.54166666666667,7.3875,0.0,82.45833333333333
2020-11-04,14.966666666666667,75.16666666666667,8.570833333333335,0.0,97.375
2020-11-05,15.720833333333333,77.375,7.45,0.0,22.416666666666668
2020-11-06,15.366666666666667,78.66666666666667,6.729166666666667,0.0,29.458333333333332
2020-11-07,14.370833333333332,82.58333333333333,8.545833333333333,0.0,58.625
2020-11-08,15.520833333333334,74.91666666666667,9.325,0.30000000000000004,50.708333333333336
2020-11-09,14.799999999999999,80.625,7.904166666666666,0.0,38.916666666666664
2020-11-10,14.683333333333332,81.0,7.9125000000000005,0.0,67.875
2020-11-11,14.8375,78.125,7.295833333333333,0.0,45.833333333333336
2020-11-12,14.679166666666667,79.875,8.254166666666666,0.0,53.25
2020-11-13,14.975,75.45833333333333,8.049999999999999,0.0,54.416666666666664
2020-11-14,15.683333333333332,74.70833333333333,8.183333333333334,0.0,10.208333333333334
2020-11-15,14.954166666666666,77.25,8.845833333333333,0.0,60.125
2020-11-16,14.254166666666668,78.45833333333333,6.8125,0.0,72.0
2020-11-17,14.983333333333334,72.0,7.566666666666666,0.0,50.375
2020-11-18,15.083333333333334,78.45833333333333,7.195833333333333,0.0,38.25
2020-11-19,15.179166666666667,77.04166666666667,8.083333333333334,0.0,66.29166666666667
2020-11-20,15.6875,70.375,8.683333333333334,0.0,21.375
2020-11-21,17.629166666666666,66.70833333333333,6.820833333333333,0.0,0.041666666666666664
2020-11-22,15.470833333333333,80.875,7.645833333333333,0.0,35.958333333333336
2020-11-23,16.325,75.83333333333333,7.558333333333334,0.0,46.333333333333336
2020-11-24,17.270833333333332,74.58333333333333,6.6625000000000005,0.0,30.041666666666668
2020-11-25,19.070833333333333,62.25,6.720833333333334,0.0,0.0
2020-11-26,16.474999999999998,76.875,9.6375,0.0,11.125
2020-11-27,15.941666666666668,78.29166666666667,7.45,0.0,39.416666666666664
2020-11-28,16.695833333333333,77.66666666666667,7.108333333333333,0.0,35.958333333333336
2020-11-29,17.275000000000002,76.875,7.291666666666667,0.0,13.458333333333334
2020-11-30,17.275000000000002,78.41666666666667,7.745833333333334,0.0,18.083333333333332
2020-12-01,15.720833333333333,77.95833333333333,10.583333333333334,0.0,61.166666666666664
2020-12-02,16.587500000000002,76.5,7.970833333333334,0.0,20.583333333333332
2020-12-03,15.820833333333333,80.20833333333333,8.495833333333334,0.0,32.25
2020-12-04,15.325000000000001,79.75,7.670833333333333,0.0,46.75
2020-12-05,15.458333333333334,77.45833333333333,7.120833333333334,0.0,49.166666666666664
2020-12-06,15.458333333333334,78.70833333333333,7.495833333333334,0.0,39.791666666666664
2020-12-07,15.325000000000001,80.04166666666667,8.229166666666666,0.0,64.66666666666667
2020-12-08,15.904166666666667,78.375,8.404166666666667,0.0,52.625
2020-12-09,16.058333333333334,81.95833333333333,7.666666666666667,0.0,54.416666666666664
2020-12-10,16.150000000000002,76.0,9.029166666666667,0.0,67.5
2020-12-11,17.229166666666668,69.04166666666667,8.1875,0.0,1.1666666666666667
2020-12-12,17.183333333333334,74.79166666666667,7.4125000000000005,0.0,24.5
2020-12-13,17.2625,78.41666666666667,8.166666666666666,0.0,6.375
2020-12-14,16.712500000000002,80.0,7.866666666666667,0.0,28.875
2020-12-15,16.6625,79.95833333333333,7.6000000000000005,0.0,40.291666666666664
2020-12-16,15.7875,81.5,8.520833333333334,0.0,55.708333333333336
2020-12-17,15.620833333333332,80.04166666666667,7.091666666666666,0.0,63.833333333333336
2020-12-18,16.575,69.5,7.691666666666666,0.0,54.0
2020-12-19,17.337500000000002,69.125,8.033333333333333,0.0,0.08333333333333333
2020-12-20,17.083333333333332,75.58333333333333,7.825,0.0,11.416666666666666
2020-12-21,16.033333333333335,80.375,8.458333333333334,0.0,48.291666666666664
2020-12-22,15.950000000000001,80.25,8.729166666666666,0.0,58.708333333333336
2020-12-23,16.070833333333333,78.08333333333333,7.691666666666666,0.0,56.541666666666664
2020-12-24,16.666666666666668,78.66666666666667,7.408333333333334,0.0,39.625
2020-12-25,16.0625,81.41666666666667,8.395833333333334,0.0,60.333333333333336
2020-12-26,16.291666666666668,77.83333333333333,6.666666666666667,0.2,68.08333333333333
2020-12-27,17.370833333333334,75.08333333333333,7.116666666666667,0.0,28.291666666666668
2020-12-28,17.670833333333334,76.70833333333333,8.320833333333333,0.0,24.375
2020-12-29,18.345833333333335,76.41666666666667,7.7,0.0,37.916666666666664
2020-12-30,19.4875,72.70833333333333,7.3,0.0,31.875
2020-12-31,18.0125,77.70833333333333,7.7250000000000005,0.0,46.5
2021-01-01,17.95,77.41666666666667,8.008333333333333,0.0,61.5
2021-01-02,17.695833333333333,75.79166666666667,8.991666666666667,0.0,52.833333333333336
2021-01-03,17.770833333333332,75.125,7.504166666666666,0.0,31.166666666666668
2021-01-04,17.829166666666666,79.16666666666667,9.279166666666667,0.0,57.916666666666664
2021-01-05,17.775000000000002,75.83333333333333,8.1875,0.0,48.958333333333336
2021-01-06,17.858333333333334,72.625,7.8125,0.0,19.083333333333332
2021-01-07,17.566666666666666,76.91666666666667,7.4125000000000005,0.0,32.375
2021-01-08,17.529166666666665,78.41666666666667,8.166666666666666,0.0,47.208333333333336
2021-01-09,17.491666666666667,72.16666666666667,8.1875,0.0,20.0
2021-01-10,18.266666666666666,67.33333333333333,8.1625,0.0,0.041666666666666664
2021-01-11,19.25,67.33333333333333,7.175,0.0,2.5416666666666665
2021-01-12,18.175,75.91666666666667,7.3500000000000005,0.0,18.791666666666668
2021-01-13,17.929166666666667,72.95833333333333,8.133333333333333,0.0,26.458333333333332
2021-01-14,17.575,73.16666666666667,8.012500000000001,0.0,37.25
2021-01-15,17.554166666666667,75.125,7.870833333333334,0.0,33.666666666666664
2021-01-16,17.0125,78.5,9.0,0.0,41.666666666666664
2021-01-17,17.5625,77.79166666666667,7.108333333333333,0.0,30.541666666666668
2021-01-18,17.020833333333332,78.41666666666667,9.016666666666667,0.0,49.125
2021-01-19,16.9875,77.83333333333333,6.9125000000000005,0.0,55.625
2021-01-20,17.145833333333332,78.54166666666667,6.295833333333333,0.0,61.625
2021-01-21,17.566666666666666,76.375,7.3625,0.0,69.95833333333333
2021-01-22,17.95,79.75,7.695833333333333,0.0,73.54166666666667
2021-01-23,19.0625,74.625,7.6499999999999995,0.0,36.666666666666664
2021-01-24,19.508333333333333,75.83333333333333,7.3125,0.0,57.083333333333336
2021-01-25,19.058333333333334,76.54166666666667,7.908333333333334,0.0,78.58333333333333
2021-01-26,18.670833333333334,75.91666666666667,7.324999999999999,0.0,58.125
2021-01-27,19.358333333333334,72.33333333333333,7.195833333333333,0.0,17.0
2021-01-28,18.858333333333334,76.5,8.225,0.0,30.541666666666668
2021-01-29,18.791666666666668,80.375,8.15,0.0,40.0
2021-01-30,19.425,82.25,8.733333333333333,0.0,58.416666666666664
2021-01-31,20.462500000000002,80.91666666666667,8.1875,0.0,38.416666666666664
2021-02-01,20.099999999999998,75.95833333333333,9.0,0.0,44.583333333333336
2021-02-02,18.779166666666665,73.16666666666667,7.220833333333334,0.0,33.666666666666664
2021-02-03,18.787499999999998,76.0,6.870833333333334,0.0,9.333333333333334
2021-02-04,17.920833333333334,79.0,7.691666666666666,0.0,54.125
2021-02-05,18.283333333333335,75.66666666666667,8.345833333333333,0.0,50.958333333333336
2021-02-06,18.025000000000002,74.95833333333333,8.070833333333333,0.0,52.375
2021-02-07,18.070833333333333,68.95833333333333,8.445833333333333,0.0,19.833333333333332
2021-02-08,18.4375,68.16666666666667,8.012500000000001,0.0,10.625
2021-02-09,18.495833333333334,72.58333333333333,7.7,0.0,1.6666666666666667
2021-02-10,18.970833333333335,78.625,7.795833333333333,0.0,33.875
2021-02-11,20.091666666666665,74.125,7.3374999999999995,0.1,56.333333333333336
2021-02-12,19.537499999999998,76.16666666666667,8.191666666666666,0.0,18.541666666666668
2021-02-13,19.462500000000002,76.91666666666667,7.495833333333334,0.0,22.625
2021-02-14,18.958333333333332,77.29166666666667,7.333333333333333,0.0,33.333333333333336
2021-02-15,19.0125,70.20833333333333,8.241666666666667,0.0,10.083333333333334
2021-02-16,18.854166666666668,69.75,8.141666666666667,0.0,0.3333333333333333
2021-02-17,18.841666666666665,68.83333333333333,8.320833333333333,0.0,0.25
2021-02-18,18.733333333333334,70.79166666666667,8.5375,0.0,3.1666666666666665
2021-02-19,19.533333333333335,72.33333333333333,6.8500000000000005,0.0,0.0
2021-02-20,18.179166666666667,80.83333333333333,7.875,0.0,42.25
2021-02-21,18.400000000000002,77.20833333333333,7.4875,0.0,40.291666666666664
2021-02-22,18.25,75.91666666666667,8.575000000000001,0.0,52.541666666666664
2021-02-23,18.3625,78.54166666666667,7.2625,0.0,50.791666666666664
2021-02-24,17.529166666666665,77.625,7.45,0.0,56.083333333333336
2021-02-25,18.400000000000002,74.20833333333333,6.966666666666666,0.0,40.041666666666664
2021-02-26,18.866666666666667,76.75,7.458333333333333,0.0,41.833333333333336
2021-02-27,19.0,77.375,6.670833333333333,0.0,34.708333333333336
2021-02-28,18.479166666666668,80.66666666666667,6.9624999999999995,0.0,49.208333333333336
2021-03-01,17.741666666666667,79.20833333333333,7.370833333333334,0.0,57.875
2021-03-02,18.287499999999998,76.25,6.570833333333333,0.0,21.291666666666668
2021-03-03,18.841666666666665,79.0,7.3125,0.0,24.791666666666668
2021-03-04,18.295833333333334,82.29166666666667,7.416666666666667,0.0,85.20833333333333
2021-03-05,18.925,78.5,7.0625,0.2,79.58333333333333
2021-03-06,19.45,77.54166666666667,6.8875,0.0,23.458333333333332
2021-03-07,18.82916666666667,82.375,6.858333333333333,0.0,59.291666666666664
2021-03-08,18.900000000000002,82.79166666666667,8.1875,0.0,73.33333333333333
2021-03-09,18.758333333333333,83.66666666666667,6.533333333333334,0.0,73.33333333333333
2021-03-10,18.491666666666667,80.83333333333333,6.3125,0.0,87.625
2021-03-11,19.033333333333335,78.875,6.5625,0.0,78.33333333333333
2021-03-12,18.162499999999998,81.45833333333333,6.920833333333333,0.0,39.875
2021-03-13,17.9375,76.54166666666667,6.120833333333334,0.0,34.291666666666664
2021-03-14,17.870833333333334,73.125,6.508333333333333,0.0,27.708333333333332
2021-03-15,17.837500000000002,70.79166666666667,7.229166666666667,0.0,37.291666666666664
2021-03-16,18.733333333333334,71.04166666666667,7.345833333333334,0.0,3.5
2021-03-17,17.866666666666667,76.0,8.479166666666666,0.0,14.541666666666666
2021-03-18,18.041666666666668,70.20833333333333,7.679166666666667,0.0,8.791666666666666
2021-03-19,17.162499999999998,66.0,7.7625,0.0,6.375
2021-03-20,18.349999999999998,64.41666666666667,6.679166666666667,0.0,0.7916666666666666
2021-03-21,18.458333333333332,68.54166666666667,6.491666666666666,0.0,0.16666666666666666
2021-03-22,18.5625,69.45833333333333,6.2250000000000005,0.0,0.0
2021-03-23,17.616666666666667,80.83333333333333,7.008333333333333,0.0,27.666666666666668
2021-03-24,17.633333333333333,78.45833333333333,7.020833333333333,0.0,30.458333333333332
2021-03-25,17.745833333333334,74.79166666666667,6.8999999999999995,0.0,25.791666666666668
2021-03-26,17.616666666666667,73.83333333333333,6.654166666666666,0.0,0.08333333333333333
2021-03-27,17.0,80.125,6.7375,0.0,18.208333333333332
2021-03-28,15.895833333333334,80.0,7.395833333333333,0.0,53.125
2021-03-29,15.995833333333332,76.25,5.766666666666667,0.0,0.5
2021-03-30,16.170833333333334,78.66666666666667,5.866666666666667,0.0,27.291666666666668
2021-03-31,15.695833333333333,81.83333333333333,7.495833333333334,0.0,27.541666666666668
2021-04-01,16.599999999999998,78.5,6.029166666666666,0.0,35.5
2021-04-02,16.916666666666668,81.16666666666667,5.25,0.0,73.5
2021-04-03,15.683333333333332,87.25,5.7749999999999995,0.0,97.95833333333333
2021-04-04,16.270833333333332,76.70833333333333,5.9375,0.0,67.95833333333333
2021-04-05,17.245833333333334,76.91666666666667,6.1000000000000005,0.0,10.625
2021-04-06,17.908333333333335,82.08333333333333,6.458333333333333,0.0,27.833333333333332
2021-04-07,17.520833333333332,83.16666666666667,5.654166666666666,0.0,71.16666666666667
2021-04-08,17.341666666666665,81.25,7.066666666666666,0.0,33.916666666666664
2021-04-09,17.145833333333332,79.0,6.508333333333333,0.0,0.041666666666666664
2021-04-10,17.033333333333335,75.54166666666667,6.120833333333334,0.0,2.5
2021-04-11,16.116666666666667,84.83333333333333,5.529166666666666,0.0,17.333333333333332
2021-04-12,15.5,85.95833333333333,5.291666666666667,0.0,43.916666666666664
2021-04-13,15.204166666666666,87.58333333333333,5.345833333333334,0.0,58.708333333333336
2021-04-14,15.133333333333333,86.58333333333333,5.7124999999999995,0.0,53.0
2021-04-15,15.004166666666668,88.58333333333333,6.245833333333334,0.0,67.875
2021-04-16,15.379166666666668,87.75,6.1499999999999995,0.0,65.79166666666667
2021-04-17,15.966666666666667,83.375,5.3374999999999995,0.0,42.875
2021-04-18,14.979166666666666,86.625,5.3374999999999995,0.0,51.0
2021-04-19,14.875,82.875,5.920833333333333,0.0,96.04166666666667
2021-04-20,16.125,73.79166666666667,7.258333333333333,0.0,47.333333333333336
2021-04-21,16.991666666666667,76.29166666666667,6.3125,0.0,45.666666666666664
2021-04-22,15.2875,84.75,7.266666666666667,0.0,48.25
2021-04-23,15.304166666666667,79.75,6.145833333333333,0.0,30.5
2021-04-24,15.420833333333334,83.125,4.833333333333333,0.0,7.375
2021-04-25,15.125,87.54166666666667,4.6000000000000005,0.0,51.166666666666664
2021-04-26,14.629166666666668,88.25,4.633333333333334,0.0,59.583333333333336
2021-04-27,14.683333333333332,86.125,4.3875,0.0,48.583333333333336
2021-04-28,14.604166666666666,87.70833333333333,4.625,0.0,62.125
2021-04-29,14.833333333333334,84.375,4.391666666666667,0.30000000000000004,55.666666666666664
2021-04-30,14.929166666666667,81.58333333333333,6.566666666666666,0.0,47.875
2021-05-01,14.366666666666667,81.16666666666667,5.95,0.0,60.166666666666664
2021-05-02,14.495833333333332,79.625,5.1125,0.0,40.541666666666664
2021-05-03,15.341666666666667,73.95833333333333,5.5375000000000005,0.0,13.541666666666666
2021-05-04,15.516666666666666,73.95833333333333,5.6375,0.0,4.125
2021-05-05,16.474999999999998,73.875,5.879166666666666,0.0,1.1666666666666667
2021-05-06,16.216666666666665,76.45833333333333,4.470833333333333,0.0,36.291666666666664
2021-05-07,16.091666666666665,78.33333333333333,5.495833333333334,0.0,63.583333333333336
2021-05-08,15.75,81.16666666666667,5.045833333333333,0.0,47.625
2021-05-09,15.895833333333334,81.41666666666667,4.329166666666667,0.0,64.83333333333333
2021-05-10,15.737499999999999,83.875,4.3374999999999995,0.0,56.125
2021-05-11,13.966666666666667,87.58333333333333,5.3625,0.0,13.25
2021-05-12,13.954166666666666,87.91666666666667,5.3500000000000005,0.0,67.83333333333333
2021-05-13,14.920833333333334,83.625,5.645833333333333,0.0,34.916666666666664
2021-05-14,15.495833333333332,87.54166666666667,5.1625000000000005,0.0,25.875
2021-05-15,14.154166666666667,92.33333333333333,5.295833333333333,0.0,88.29166666666667
2021-05-16,14.987499999999999,86.54166666666667,5.7250000000000005,0.0,80.375
2021-05-17,13.433333333333332,93.20833333333333,4.470833333333333,0.0,100.0
2021-05-18,14.241666666666667,83.70833333333333,5.5,1.3,94.29166666666667
2021-05-19,14.891666666666666,79.54166666666667,5.079166666666667,0.4,93.20833333333333
2021-05-20,14.7875,81.83333333333333,4.679166666666666,1.3,36.041666666666664
2021-05-21,14.6625,79.54166666666667,6.116666666666667,0.7000000000000001,25.25
2021-05-22,13.820833333333333,75.875,3.2916666666666665,0.0,1.3333333333333333
2021-05-23,14.970833333333333,70.91666666666667,4.445833333333334,0.0,2.6666666666666665
2021-05-24,13.5375,86.75,4.941666666666666,0.0,17.291666666666668
2021-05-25,14.424999999999999,81.75,3.5124999999999997,0.0,28.083333333333332
2021-05-26,14.4625,82.20833333333333,5.058333333333334,0.0,23.25
2021-05-27,14.079166666666666,88.625,5.5249999999999995,0.0,83.08333333333333
2021-05-28,14.4,87.95833333333333,6.5625,0.3,54.875
2021-05-29,14.6,90.25,5.158333333333333,0.0,51.333333333333336
2021-05-30,14.308333333333332,88.54166666666667,4.8625,0.0,46.666666666666664
2021-05-31,17.2,65.375,3.8625000000000003,0.0,4.666666666666667
2021-06-01,15.987499999999999,80.5,4.425,0.0,16.958333333333332
2021-06-02,15.720833333333333,86.5,5.1625,0.0,9.916666666666666
2021-06-03,14.1875,91.29166666666667,5.054166666666666,0.0,55.708333333333336
2021-06-04,13.616666666666667,89.66666666666667,5.145833333333333,0.0,93.79166666666667
2021-06-05,13.208333333333334,93.41666666666667,5.645833333333333,0.0,88.79166666666667
2021-06-06,12.691666666666668,88.20833333333333,4.979166666666667,0.0,57.583333333333336
2021-06-07,12.929166666666667,82.75,4.541666666666667,0.0,9.083333333333334
2021-06-08,13.1625,90.875,5.041666666666667,0.0,47.833333333333336
2021-06-09,13.145833333333334,87.54166666666667,4.958333333333333,0.0,31.916666666666668
2021-06-10,14.229166666666666,82.625,4.4750000000000005,0.0,27.625
2021-06-11,14.875,76.79166666666667,4.5874999999999995,0.0,13.125
2021-06-12,12.158333333333333,93.41666666666667,3.9333333333333336,0.0,94.54166666666667
2021-06-13,12.291666666666666,87.91666666666667,4.941666666666666,0.0,46.125
2021-06-14,11.445833333333333,87.58333333333333,4.183333333333333,0.0,31.541666666666668
2021-06-15,12.408333333333333,84.33333333333333,5.370833333333334,2.8,58.541666666666664
2021-06-16,13.829166666666666,79.875,5.7875000000000005,0.0,39.666666666666664
2021-06-17,12.308333333333332,87.0,5.25,0.0,15.833333333333334
2021-06-18,12.625,86.0,4.925,0.0,22.916666666666668
2021-06-19,12.174999999999999,87.75,5.516666666666667,0.0,16.666666666666668
2021-06-20,11.616666666666667,79.75,5.2625,0.0,28.458333333333332
2021-06-21,12.262500000000001,75.0,5.05,0.0,0.0
2021-06-22,12.391666666666666,79.08333333333333,7.183333333333334,0.0,7.166666666666667
2021-06-23,11.612499999999999,87.25,6.6499999999999995,10.8,67.125
2021-06-24,11.995833333333332,82.20833333333333,6.020833333333333,0.0,3.625
2021-06-25,12.858333333333334,85.0,4.0125,0.0,82.91666666666667
2021-06-26,12.945833333333333,84.58333333333333,6.404166666666666,0.0,41.916666666666664
2021-06-27,10.862499999999999,84.0,4.395833333333333,0.0,21.291666666666668
2021-06-28,11.891666666666666,59.541666666666664,3.529166666666667,0.0,1.25
2021-06-29,12.0625,68.83333333333333,5.070833333333334,0.0,43.875
2021-06-30,10.370833333333334,90.45833333333333,5.1000000000000005,0.0,85.95833333333333
2021-07-01,11.0625,87.58333333333333,4.241666666666666,0.0,61.0
2021-07-02,12.791666666666666,81.04166666666667,3.904166666666667,0.0,78.875
2021-07-03,11.779166666666667,90.625,5.020833333333333,0.0,96.875
2021-07-04,11.441666666666668,91.75,4.554166666666666,0.0,90.625
2021-07-05,10.754166666666668,89.125,5.179166666666666,0.0,69.125
2021-07-06,12.4375,85.54166666666667,5.0375,0.6000000000000001,58.791666666666664
2021-07-07,12.5875,80.20833333333333,4.629166666666666,0.0,1.1666666666666667
2021-07-08,12.241666666666667,89.83333333333333,5.075,0.0,49.083333333333336
2021-07-09,12.154166666666667,86.54166666666667,4.783333333333333,0.0,59.416666666666664
2021-07-10,12.533333333333333,85.54166666666667,4.108333333333333,0.0,53.333333333333336
2021-07-11,11.170833333333334,91.0,5.445833333333333,0.0,98.04166666666667
2021-07-12,12.945833333333333,82.375,5.325,0.6000000000000001,88.625
2021-07-13,12.429166666666667,87.75,5.0875,0.0,56.0
2021-07-14,12.341666666666667,84.125,4.233333333333333,0.0,26.208333333333332
2021-07-15,11.5375,86.95833333333333,4.708333333333333,0.0,17.166666666666668
2021-07-16,12.408333333333333,84.20833333333333,4.283333333333333,0.0,36.458333333333336
2021-07-17,13.841666666666667,75.875,4.079166666666667,0.0,40.75
2021-07-18,11.545833333333334,91.04166666666667,4.691666666666666,0.0,82.25
2021-07-19,10.637500000000001,89.91666666666667,4.2,0.0,51.25
2021-07-20,10.658333333333333,89.70833333333333,5.033333333333333,0.0,67.54166666666667
2021-07-21,10.266666666666667,92.25,4.5249999999999995,0.0,80.04166666666667
2021-07-22,10.4125,91.45833333333333,4.375,0.0,94.08333333333333
2021-07-23,10.762500000000001,89.91666666666667,5.270833333333333,0.0,78.83333333333333
2021-07-24,11.945833333333333,85.0,4.875,0.2,53.666666666666664
2021-07-25,10.704166666666666,84.5,5.5625,0.0,6.208333333333333
2021-07-26,10.950000000000001,81.125,6.0874999999999995,0.0,1.125
2021-07-27,11.004166666666668,79.41666666666667,4.5125,0.0,1.4166666666666667
2021-07-28,11.420833333333334,78.75,3.7624999999999997,0.0,9.5
2021-07-29,10.341666666666667,87.66666666666667,3.725,0.0,32.791666666666664
2021-07-30,8.991666666666667,89.0,3.8375,0.0,56.083333333333336
2021-07-31,10.549999999999999,88.625,4.8625,0.0,51.208333333333336
2021-08-01,14.275,75.29166666666667,3.966666666666667,0.0,6.833333333333333
2021-08-02,12.558333333333332,87.75,5.05,0.2,66.16666666666667
2021-08-03,11.758333333333333,89.91666666666667,4.441666666666666,0.0,73.04166666666667
2021-08-04,12.058333333333332,87.70833333333333,5.3625,0.0,68.625
2021-08-05,12.520833333333334,88.58333333333333,5.1375,0.0,43.875
2021-08-06,11.566666666666668,89.79166666666667,5.5375000000000005,0.0,79.54166666666667
2021-08-07,12.020833333333334,76.45833333333333,6.716666666666666,0.0,26.25
2021-08-08,12.295833333333334,75.54166666666667,6.429166666666667,0.2,34.583333333333336
2021-08-09,11.595833333333333,81.33333333333333,5.804166666666667,0.0,9.166666666666666
2021-08-10,11.379166666666668,80.70833333333333,4.679166666666666,0.0,0.041666666666666664
2021-08-11,11.279166666666667,85.375,4.583333333333333,0.0,37.041666666666664
2021-08-12,10.424999999999999,80.04166666666667,4.6875,0.0,44.833333333333336
2021-08-13,9.333333333333334,80.29166666666667,5.6499999999999995,0.0,23.5
2021-08-14,10.929166666666667,83.0,5.554166666666667,0.0,75.25
2021-08-15,11.679166666666667,77.25,5.495833333333334,0.0,91.625
2021-08-16,12.770833333333334,77.41666666666667,5.8,0.0,47.041666666666664
2021-08-17,13.620833333333332,76.20833333333333,5.8374999999999995,0.0,9.958333333333334
2021-08-18,14.879166666666668,76.20833333333333,5.0625,0.0,34.958333333333336
2021-08-19,14.625,79.16666666666667,6.1125,0.0,62.541666666666664
2021-08-20,14.829166666666666,77.04166666666667,5.158333333333333,0.0,26.541666666666668
2021-08-21,14.35,80.95833333333333,6.308333333333334,0.0,8.666666666666666
2021-08-22,14.1625,78.91666666666667,6.129166666666666,0.0,13.375
2021-08-23,11.883333333333333,79.0,8.420833333333333,0.0,39.708333333333336
2021-08-24,11.408333333333333,74.04166666666667,5.795833333333333,4.2,71.16666666666667
2021-08-25,12.358333333333334,76.25,6.1000000000000005,0.6,28.916666666666668
2021-08-26,12.329166666666666,77.58333333333333,5.425,0.0,6.708333333333333
2021-08-27,12.445833333333333,84.29166666666667,6.2124999999999995,0.0,40.625
2021-08-28,13.012500000000001,86.70833333333333,5.8875,0.0,25.916666666666668
2021-08-29,12.362499999999999,89.33333333333333,7.6375,0.0,92.0
2021-08-30,12.954166666666666,79.29166666666667,6.375,0.0,16.291666666666668
2021-08-31,13.591666666666667,75.91666666666667,5.6125,0.0,9.083333333333334
2021-09-01,13.3125,80.375,6.0375000000000005,1.5000000000000002,50.166666666666664
2021-09-02,12.783333333333333,83.66666666666667,6.2749999999999995,0.0,15.583333333333334
2021-09-03,11.950000000000001,83.625,7.375,0.0,82.83333333333333
2021-09-04,13.741666666666667,72.375,6.620833333333334,0.0,15.208333333333334
2021-09-05,13.391666666666666,78.08333333333333,7.070833333333333,0.0,27.041666666666668
2021-09-06,13.0625,78.0,9.183333333333334,0.0,39.416666666666664
2021-09-07,12.5,73.5,8.316666666666666,0.0,8.583333333333334
2021-09-08,13.15,68.625,6.820833333333333,0.0,7.75
2021-09-09,12.950000000000001,80.875,6.729166666666667,0.0,31.5
2021-09-10,12.308333333333332,82.16666666666667,6.8500000000000005,0.0,62.25
2021-09-11,12.674999999999999,76.75,11.612499999999999,1.2000000000000002,77.91666666666667
2021-09-12,13.004166666666668,75.125,6.8875,0.0,13.041666666666666
2021-09-13,13.704166666666666,70.91666666666667,6.9125000000000005,0.0,0.20833333333333334
2021-09-14,13.245833333333332,73.79166666666667,5.683333333333334,0.0,0.7916666666666666
2021-09-15,12.520833333333334,77.41666666666667,6.779166666666666,0.0,18.458333333333332
2021-09-16,13.2125,81.70833333333333,5.545833333333333,0.0,11.291666666666666
2021-09-17,13.304166666666667,81.79166666666667,6.458333333333333,0.0,28.708333333333332
2021-09-18,13.75,81.58333333333333,6.533333333333332,0.0,28.958333333333332
2021-09-19,13.170833333333334,79.125,7.7250000000000005,0.0,48.083333333333336
2021-09-20,14.0375,74.79166666666667,5.866666666666667,0.0,0.0
2021-09-21,12.625,78.29166666666667,10.145833333333334,0.0,69.79166666666667
2021-09-22,13.420833333333334,69.95833333333333,7.091666666666666,0.0,51.458333333333336
2021-09-23,14.0875,76.41666666666667,5.633333333333333,0.0,4.416666666666667
2021-09-24,12.791666666666666,85.16666666666667,6.925,0.0,62.791666666666664
2021-09-25,14.025,75.20833333333333,5.75,0.0,25.0
2021-09-26,15.262500000000001,75.875,6.6125,0.0,3.625
2021-09-27,14.566666666666668,82.125,6.1875,0.0,31.625
2021-09-28,15.75,79.45833333333333,5.420833333333333,0.0,48.0
2021-09-29,15.4625,76.91666666666667,5.7625,0.0,45.833333333333336
2021-09-30,14.820833333333333,73.45833333333333,7.808333333333334,0.0,11.166666666666666
2021-10-01,14.6625,77.95833333333333,7.370833333333334,0.0,15.333333333333334
2021-10-02,14.6875,71.375,8.104166666666666,0.0,6.291666666666667
2021-10-03,14.133333333333333,73.5,7.320833333333333,0.0,0.125
2021-10-04,14.079166666666666,77.625,6.55,0.0,2.7916666666666665
2021-10-05,13.0875,77.70833333333333,7.304166666666667,0.0,42.291666666666664
2021-10-06,12.908333333333333,79.75,6.854166666666667,0.0,37.875
2021-10-07,12.804166666666667,74.70833333333333,8.833333333333334,0.0,71.875
2021-10-08,13.929166666666667,67.625,9.283333333333333,0.30000000000000004,25.833333333333332
2021-10-09,13.420833333333334,66.79166666666667,6.591666666666666,0.0,9.083333333333334
2021-10-10,14.508333333333333,64.08333333333333,7.645833333333333,0.0,8.75
2021-10-11,13.35,80.0,7.954166666666667,0.0,66.04166666666667
2021-10-12,13.75,70.91666666666667,9.225,0.0,85.70833333333333
2021-10-13,14.683333333333332,72.33333333333333,8.570833333333333,0.1,18.25
2021-10-14,15.204166666666666,69.41666666666667,10.375,0.0,1.0416666666666667
2021-10-15,14.995833333333332,65.125,7.5874999999999995,0.0,0.0
2021-10-16,14.5375,73.91666666666667,6.9624999999999995,0.0,6.875
2021-10-17,14.950000000000001,74.91666666666667,6.7250000000000005,0.0,3.2916666666666665
2021-10-18,13.629166666666668,85.54166666666667,6.729166666666667,0.0,58.0
2021-10-19,12.7875,84.83333333333333,7.070833333333333,0.7000000000000001,95.66666666666667
2021-10-20,13.945833333333333,73.54166666666667,6.966666666666666,0.6000000000000001,66.54166666666667
2021-10-21,14.358333333333334,76.95833333333333,7.75,0.0,1.875
2021-10-22,14.475,78.25,8.549999999999999,0.0,39.291666666666664
2021-10-23,14.841666666666667,73.70833333333333,7.791666666666667,0.0,7.416666666666667
2021-10-24,15.637500000000001,75.91666666666667,7.066666666666666,0.0,15.75
2021-10-25,14.35,82.45833333333333,9.262500000000001,0.0,50.875
2021-10-26,14.15,83.29166666666667,7.1375,0.5,68.70833333333333
2021-10-27,14.579166666666666,83.25,6.620833333333334,0.0,56.625
2021-10-28,14.483333333333334,86.0,7.55,0.0,78.5
2021-10-29,14.158333333333333,83.29166666666667,7.2875000000000005,0.4,82.45833333333333
2021-10-30,13.704166666666666,85.0,7.166666666666667,0.4,54.541666666666664
2021-10-31,13.9375,83.375,6.3374999999999995,0.7000000000000001,88.875
2021-11-01,14.583333333333334,78.04166666666667,6.645833333333333,0.0,61.333333333333336
2021-11-02,14.908333333333333,78.79166666666667,7.129166666666666,0.0,36.541666666666664
2021-11-03,14.833333333333334,80.04166666666667,7.7124999999999995,0.1,64.0
2021-11-04,15.383333333333333,76.125,7.220833333333334,0.0,49.791666666666664
2021-11-05,14.366666666666667,79.375,7.370833333333334,0.0,12.708333333333334
2021-11-06,15.1625,72.75,7.654166666666666,0.0,24.625
2021-11-07,15.15,76.91666666666667,7.504166666666666,0.0,33.458333333333336
2021-11-08,14.541666666666666,83.0,7.329166666666667,0.0,64.66666666666667
2021-11-09,14.65,77.125,9.525,0.30000000000000004,71.83333333333333
2021-11-10,15.075000000000001,76.375,7.345833333333334,0.0,25.208333333333332
2021-11-11,14.616666666666667,81.04166666666667,7.604166666666667,0.0,53.041666666666664
2021-11-12,15.3375,79.08333333333333,7.783333333333334,0.0,33.916666666666664
2021-11-13,16.808333333333334,71.54166666666667,8.141666666666667,0.0,11.458333333333334
2021-11-14,15.729166666666666,75.91666666666667,7.866666666666667,0.0,22.875
2021-11-15,16.079166666666666,73.91666666666667,8.133333333333333,0.0,35.625
2021-11-16,15.575000000000001,76.16666666666667,9.049999999999999,0.0,9.208333333333334
2021-11-17,14.670833333333334,77.0,8.5625,0.0,56.458333333333336
2021-11-18,14.520833333333334,81.33333333333333,7.445833333333333,0.0,73.70833333333333
2021-11-19,14.841666666666667,81.25,7.458333333333333,0.30000000000000004,92.54166666666667
2021-11-20,15.345833333333333,75.875,6.804166666666667,0.0,47.75
2021-11-21,15.354166666666666,80.54166666666667,8.170833333333333,0.0,51.0
2021-11-22,14.795833333333334,81.95833333333333,8.320833333333333,0.6000000000000001,87.16666666666667
2021-11-23,15.216666666666667,77.95833333333333,7.2250000000000005,0.4,69.95833333333333
2021-11-24,15.966666666666667,69.75,7.7625,0.0,31.208333333333332
2021-11-25,15.4625,81.125,9.158333333333333,0.1,77.125
2021-11-26,16.191666666666666,76.91666666666667,8.045833333333333,1.2000000000000002,69.79166666666667
2021-11-27,17.125,72.79166666666667,7.6625000000000005,0.0,30.791666666666668
2021-11-28,17.708333333333332,74.08333333333333,7.933333333333334,0.0,5.25
2021-11-29,15.970833333333333,78.875,9.958333333333334,0.1,52.708333333333336
2021-11-30,16.1875,75.04166666666667,8.679166666666667,0.0,40.083333333333336
2021-12-01,16.8125,69.125,8.525,0.0,5.458333333333333
2021-12-02,15.799999999999999,76.41666666666667,8.904166666666667,0.0,67.625
2021-12-03,16.525000000000002,74.5,7.795833333333333,0.0,44.916666666666664
2021-12-04,16.587500000000002,80.0,7.583333333333333,0.0,35.833333333333336
2021-12-05,15.4,82.54166666666667,8.670833333333333,0.4,75.375
2021-12-06,15.054166666666667,77.16666666666667,6.375,0.30000000000000004,74.33333333333333
2021-12-07,16.708333333333332,69.625,7.7625,0.0,58.375
2021-12-08,16.495833333333334,75.125,9.854166666666666,0.0,36.625
2021-12-09,16.304166666666667,78.125,8.779166666666667,1.1,53.041666666666664
2021-12-10,15.5875,77.04166666666667,6.720833333333334,0.7000000000000001,68.45833333333333
2021-12-11,16.650000000000002,74.79166666666667,7.45,0.0,11.875
2021-12-12,17.491666666666667,72.95833333333333,9.075,0.0,14.416666666666666
2021-12-13,17.183333333333334,70.0,8.766666666666667,0.0,9.833333333333334
2021-12-14,17.625,71.83333333333333,8.6875,0.0,0.125
2021-12-15,17.295833333333334,75.04166666666667,8.820833333333333,0.0,13.25
2021-12-16,17.087500000000002,74.08333333333333,8.833333333333334,0.1,43.583333333333336
2021-12-17,17.941666666666666,69.70833333333333,8.758333333333333,0.0,14.458333333333334
2021-12-18,17.358333333333334,76.25,8.9,0.0,44.25
2021-12-19,17.016666666666666,79.625,10.695833333333333,0.8,88.16666666666667
2021-12-20,17.108333333333334,78.29166666666667,8.645833333333334,0.9,85.66666666666667
2021-12-21,17.083333333333332,78.29166666666667,7.820833333333333,0.0,65.66666666666667
2021-12-22,16.479166666666668,82.5,8.2125,0.4,71.75
2021-12-23,17.979166666666668,73.79166666666667,7.545833333333333,0.0,64.08333333333333
2021-12-24,18.412499999999998,79.41666666666667,8.179166666666667,0.0,49.083333333333336
2021-12-25,17.354166666666668,81.79166666666667,7.9875,0.2,71.66666666666667
2021-12-26,17.333333333333332,79.91666666666667,7.220833333333334,0.2,68.625
2021-12-27,17.129166666666666,77.5,6.5874999999999995,0.1,80.66666666666667
2021-12-28,17.541666666666668,75.29166666666667,7.1625000000000005,0.0,90.45833333333333
2021-12-29,18.474999999999998,68.375,9.245833333333334,0.0,62.541666666666664
2021-12-30,18.633333333333333,74.08333333333333,9.674999999999999,0.0,19.25
2021-12-31,18.066666666666666,78.45833333333333,10.174999999999999,0.7000000000000001,72.875
2022-01-01,19.104166666666668,71.58333333333333,8.279166666666667,0.0,18.791666666666668
2022-01-02,18.633333333333333,75.5,9.375,0.0,27.875
2022-01-03,18.474999999999998,78.0,8.645833333333334,0.0,32.541666666666664
2022-01-04,18.779166666666665,80.0,8.2875,0.0,42.958333333333336
2022-01-05,17.991666666666667,81.54166666666667,8.4125,0.0,55.958333333333336
2022-01-06,18.104166666666668,75.79166666666667,9.745833333333334,0.1,48.541666666666664
2022-01-07,17.55,79.16666666666667,8.779166666666667,0.0,35.791666666666664
2022-01-08,17.6875,77.70833333333333,8.591666666666667,0.6000000000000001,70.95833333333333
2022-01-09,18.854166666666668,69.0,8.379166666666666,0.0,56.791666666666664
2022-01-10,19.179166666666667,71.625,7.9875,0.0,42.041666666666664
2022-01-11,19.337500000000002,74.375,8.254166666666666,0.0,28.125
2022-01-12,19.270833333333332,77.04166666666667,9.174999999999999,0.0,60.541666666666664
2022-01-13,19.8,72.625,9.725,0.0,62.791666666666664
2022-01-14,19.754166666666666,73.58333333333333,9.420833333333333,0.0,95.04166666666667
2022-01-15,19.375,77.5,10.200000000000001,0.5,77.41666666666667
2022-01-16,19.316666666666666,73.625,9.0625,0.0,63.0
2022-01-17,19.575,66.66666666666667,9.133333333333333,0.0,1.7083333333333333
2022-01-18,18.5625,69.08333333333333,9.233333333333333,0.0,2.2916666666666665
2022-01-19,18.604166666666668,66.04166666666667,8.987499999999999,0.0,0.5833333333333334
2022-01-20,18.95,65.04166666666667,8.845833333333333,0.0,2.5416666666666665
2022-01-21,18.1125,67.33333333333333,8.608333333333333,0.0,5.625
2022-01-22,18.462500000000002,68.33333333333333,8.933333333333334,0.0,5.25
2022-01-23,18.320833333333333,73.79166666666667,8.429166666666665,0.0,14.958333333333334
2022-01-24,17.983333333333334,80.0,7.45,0.0,55.666666666666664
2022-01-25,17.941666666666666,79.75,8.241666666666667,0.0,54.625
2022-01-26,18.095833333333335,75.125,8.320833333333333,0.0,41.833333333333336
2022-01-27,17.683333333333334,75.33333333333333,9.820833333333333,0.0,50.5
2022-01-28,18.316666666666666,73.41666666666667,8.720833333333333,0.0,21.958333333333332
2022-01-29,18.1375,74.70833333333333,9.020833333333334,0.0,23.5
2022-01-30,18.504166666666666,76.33333333333333,9.279166666666667,0.0,19.333333333333332
2022-01-31,18.070833333333333,79.75,8.879166666666666,0.0,63.5
2022-02-01,18.220833333333335,78.5,7.841666666666666,0.30000000000000004,61.25
2022-02-02,18.5625,77.79166666666667,8.545833333333333,0.0,20.375
2022-02-03,18.629166666666666,77.25,8.429166666666667,0.0,30.75
2022-02-04,19.2375,75.375,8.279166666666667,0.0,7.541666666666667
2022-02-05,18.933333333333334,80.45833333333333,7.733333333333333,0.0,15.208333333333334
2022-02-06,18.099999999999998,81.91666666666667,7.820833333333333,0.2,58.791666666666664
2022-02-07,17.7,77.75,7.3500000000000005,0.5,54.666666666666664
2022-02-08,18.099999999999998,78.45833333333333,8.458333333333334,0.0,70.25
2022-02-09,17.866666666666667,79.08333333333333,7.654166666666666,0.1,65.16666666666667
2022-02-10,18.170833333333334,77.45833333333333,7.304166666666667,0.5,70.875
2022-02-11,18.570833333333333,77.75,7.591666666666666,0.0,33.833333333333336
2022-02-12,18.395833333333332,80.16666666666667,7.0375000000000005,0.1,45.125
2022-02-13,18.962500000000002,69.95833333333333,6.3125,0.0,17.958333333333332
2022-02-14,18.962500000000002,70.91666666666667,8.325000000000001,0.0,0.0
2022-02-15,19.270833333333332,72.33333333333333,9.729166666666666,0.0,5.416666666666667
2022-02-16,19.041666666666668,73.875,9.6875,0.0,30.291666666666668
2022-02-17,18.583333333333332,80.66666666666667,8.966666666666667,0.30000000000000004,52.25
2022-02-18,18.495833333333334,78.54166666666667,8.683333333333334,0.9,64.04166666666667
2022-02-19,19.054166666666667,77.58333333333333,7.608333333333333,0.0,29.666666666666668
2022-02-20,19.087500000000002,76.0,6.841666666666666,0.0,9.958333333333334
2022-02-21,18.170833333333334,76.70833333333333,9.612499999999999,0.0,23.791666666666668
2022-02-22,18.400000000000002,69.83333333333333,9.066666666666666,0.0,0.0
2022-02-23,18.3875,69.79166666666667,7.845833333333332,0.0,3.5416666666666665
2022-02-24,20.037499999999998,69.16666666666667,7.2124999999999995,0.0,0.0
2022-02-25,19.037499999999998,79.04166666666667,7.8374999999999995,0.0,17.458333333333332
2022-02-26,19.520833333333332,77.29166666666667,7.241666666666667,0.0,23.416666666666668
2022-02-27,19.95,73.16666666666667,7.866666666666667,0.0,7.958333333333333
2022-02-28,19.116666666666667,72.29166666666667,6.7875000000000005,0.0,2.7916666666666665
2022-03-01,17.333333333333332,81.45833333333333,8.020833333333334,0.0,20.375
2022-03-02,17.508333333333333,80.83333333333333,6.670833333333333,0.0,26.708333333333332
2022-03-03,17.716666666666665,81.75,6.529166666666666,0.0,45.125
2022-03-04,17.620833333333334,84.29166666666667,6.845833333333334,0.0,59.5
2022-03-05,18.758333333333333,80.25,6.633333333333333,0.0,45.791666666666664
2022-03-06,18.591666666666665,70.25,8.170833333333333,0.0,2.3333333333333335
2022-03-07,17.854166666666668,76.125,7.2875000000000005,0.0,2.2916666666666665
2022-03-08,17.858333333333334,75.79166666666667,7.279166666666666,0.0,28.041666666666668
2022-03-09,18.1875,75.70833333333333,7.116666666666667,0.0,10.25
2022-03-10,17.724999999999998,82.58333333333333,7.1000000000000005,0.0,35.708333333333336
2022-03-11,16.462500000000002,84.54166666666667,7.791666666666667,0.0,55.666666666666664
2022-03-12,16.925,82.75,6.370833333333334,0.4,57.833333333333336
2022-03-13,16.287499999999998,86.0,6.591666666666666,0.0,71.125
2022-03-14,17.033333333333335,83.04166666666667,6.433333333333334,0.7000000000000001,71.58333333333333
2022-03-15,17.150000000000002,83.16666666666667,6.2250000000000005,0.30000000000000004,65.70833333333333
2022-03-16,17.337500000000002,80.41666666666667,5.1625000000000005,0.0,83.70833333333333
2022-03-17,17.941666666666666,78.29166666666667,6.233333333333333,0.0,37.791666666666664
2022-03-18,19.120833333333334,77.91666666666667,6.641666666666667,0.0,0.9583333333333334
2022-03-19,17.008333333333333,84.70833333333333,6.8875,0.0,51.083333333333336
2022-03-20,15.820833333333333,81.41666666666667,7.7,0.7000000000000001,66.41666666666667
2022-03-21,16.691666666666666,75.58333333333333,7.491666666666667,0.0,20.791666666666668
2022-03-22,17.133333333333333,81.5,7.825,0.0,38.041666666666664
2022-03-23,17.875,72.25,6.870833333333334,0.0,35.75
2022-03-24,17.020833333333332,79.45833333333333,7.470833333333334,0.0,12.083333333333334
2022-03-25,15.916666666666666,84.83333333333333,6.104166666666667,0.0,64.66666666666667
2022-03-26,16.3,77.875,5.845833333333334,0.0,60.916666666666664
2022-03-27,16.170833333333334,83.0,6.204166666666667,0.0,45.208333333333336
2022-03-28,15.783333333333333,84.33333333333333,6.258333333333333,0.0,58.083333333333336
2022-03-29,16.224999999999998,80.20833333333333,6.641666666666667,0.0,25.833333333333332
2022-03-30,16.054166666666667,84.95833333333333,5.708333333333333,0.0,40.958333333333336
2022-03-31,14.975,84.04166666666667,6.479166666666667,0.0,25.083333333333332
2022-04-01,14.429166666666667,84.08333333333333,6.295833333333333,0.0,54.708333333333336
2022-04-02,14.1875,83.75,6.3875,0.0,61.291666666666664
2022-04-03,15.2875,81.95833333333333,5.933333333333334,0.0,13.458333333333334
2022-04-04,15.295833333333334,86.25,6.104166666666667,0.0,53.791666666666664
2022-04-05,14.549999999999999,87.375,6.066666666666666,0.0,53.666666666666664
2022-04-06,14.008333333333333,90.0,6.420833333333333,0.0,63.291666666666664
2022-04-07,14.566666666666668,89.41666666666667,5.245833333333334,0.30000000000000004,65.29166666666667
2022-04-08,14.3375,87.625,5.595833333333334,0.1,73.91666666666667
2022-04-09,14.608333333333334,83.0,6.075,0.30000000000000004,65.95833333333333
2022-04-10,14.924999999999999,81.41666666666667,6.3875,0.0,35.0
2022-04-11,14.929166666666667,82.91666666666667,6.1625000000000005,0.0,35.333333333333336
2022-04-12,14.020833333333334,83.75,6.195833333333333,0.1,31.208333333333332
2022-04-13,14.237499999999999,85.58333333333333,6.020833333333333,0.0,21.291666666666668
2022-04-14,13.3125,88.04166666666667,4.820833333333334,0.30000000000000004,100.0
2022-04-15,14.924999999999999,70.83333333333333,6.108333333333333,0.0,51.625
2022-04-16,14.6875,80.20833333333333,5.945833333333333,0.0,23.125
2022-04-17,14.066666666666668,83.66666666666667,5.791666666666667,0.1,49.166666666666664
2022-04-18,13.095833333333333,86.0,6.5,0.30000000000000004,82.375
2022-04-19,14.225,80.75,6.120833333333334,0.0,58.125
2022-04-20,14.520833333333334,86.0,5.354166666666667,0.0,21.958333333333332
2022-04-21,14.966666666666667,86.0,5.9375,0.0,40.25
2022-04-22,15.466666666666667,80.5,6.120833333333334,0.0,36.875
2022-04-23,14.454166666666667,90.625,7.5625,0.0,62.958333333333336
2022-04-24,13.783333333333333,88.25,6.883333333333333,0.9,75.04166666666667
2022-04-25,14.6875,87.0,5.879166666666666,0.0,15.958333333333334
2022-04-26,15.441666666666668,84.25,6.262499999999999,0.0,49.291666666666664
2022-04-27,15.5625,79.79166666666667,6.2625,0.0,3.625
2022-04-28,16.333333333333332,77.04166666666667,5.520833333333333,0.0,0.5833333333333334
2022-04-29,13.420833333333334,86.95833333333333,7.845833333333334,0.0,81.91666666666667
2022-04-30,13.516666666666666,86.79166666666667,5.558333333333334,0.0,50.666666666666664
2022-05-01,14.295833333333334,86.33333333333333,5.779166666666666,0.0,38.5
2022-05-02,14.166666666666666,83.83333333333333,4.825,0.0,36.333333333333336
2022-05-03,13.4,92.33333333333333,4.604166666666667,0.0,71.45833333333333
2022-05-04,12.7125,90.79166666666667,3.8874999999999997,0.8,88.41666666666667
2022-05-05,13.808333333333332,82.91666666666667,4.675,0.0,94.91666666666667
2022-05-06,13.2875,89.29166666666667,6.25,0.0,92.20833333333333
2022-05-07,12.775,89.0,4.9125000000000005,0.7000000000000001,99.08333333333333
2022-05-08,14.791666666666666,75.41666666666667,4.979166666666667,0.1,75.83333333333333
2022-05-09,14.5625,80.70833333333333,5.516666666666667,0.0,27.0
2022-05-10,13.858333333333334,90.375,5.245833333333334,0.0,58.541666666666664
2022-05-11,12.520833333333334,92.58333333333333,5.441666666666666,0.30000000000000004,96.04166666666667
2022-05-12,12.137500000000001,92.16666666666667,5.454166666666667,0.0,97.45833333333333
2022-05-13,13.154166666666667,88.625,5.520833333333333,0.0,50.041666666666664
2022-05-14,12.741666666666667,91.125,4.3374999999999995,0.0,43.458333333333336
2022-05-15,11.641666666666666,90.04166666666667,4.670833333333333,0.0,82.08333333333333
2022-05-16,12.025,83.125,5.0375,0.0,64.45833333333333
2022-05-17,11.504166666666668,85.70833333333333,4.445833333333334,0.0,57.583333333333336
2022-05-18,11.454166666666666,86.91666666666667,4.9125000000000005,0.30000000000000004,54.75
2022-05-19,13.304166666666667,80.29166666666667,6.995833333333334,1.0,43.666666666666664
2022-05-20,14.1625,78.08333333333333,3.920833333333333,0.0,52.916666666666664
2022-05-21,14.770833333333334,85.29166666666667,4.908333333333333,0.0,47.416666666666664
2022-05-22,14.383333333333333,84.91666666666667,5.208333333333333,0.0,81.70833333333333
2022-05-23,14.424999999999999,84.33333333333333,5.804166666666667,0.0,63.875
2022-05-24,13.845833333333333,87.0,5.5,0.0,81.79166666666667
2022-05-25,14.733333333333334,85.54166666666667,5.204166666666667,0.0,61.041666666666664
2022-05-26,12.658333333333333,90.91666666666667,6.395833333333333,0.0,65.08333333333333
2022-05-27,11.754166666666668,90.29166666666667,5.979166666666667,0.0,48.208333333333336
2022-05-28,11.741666666666667,86.54166666666667,5.304166666666666,0.0,45.25
2022-05-29,12.174999999999999,84.79166666666667,5.029166666666667,0.0,92.45833333333333
2022-05-30,11.9125,84.875,4.808333333333334,0.0,98.75
2022-05-31,12.270833333333334,80.54166666666667,4.491666666666666,0.0,99.45833333333333
2022-06-01,10.941666666666668,77.29166666666667,5.6625000000000005,7.300000000000001,91.75
2022-06-02,12.345833333333333,77.58333333333333,5.633333333333333,1.7000000000000002,79.70833333333333
2022-06-03,12.533333333333333,80.29166666666667,3.8541666666666665,0.0,99.95833333333333
2022-06-04,13.691666666666668,76.54166666666667,4.270833333333333,0.0,99.66666666666667
2022-06-05,12.983333333333334,81.75,5.5249999999999995,10.7,59.25
2022-06-06,12.645833333333334,80.58333333333333,4.3125,0.0,0.25
2022-06-07,12.108333333333333,94.70833333333333,5.2124999999999995,0.0,79.58333333333333
2022-06-08,12.091666666666667,89.66666666666667,5.479166666666667,0.0,68.375
2022-06-09,11.991666666666667,90.08333333333333,4.454166666666667,0.0,42.208333333333336
2022-06-10,11.808333333333332,94.45833333333333,4.1125,0.0,96.83333333333333
2022-06-11,9.9125,94.75,3.1958333333333333,0.0,100.0
2022-06-12,9.65,92.20833333333333,4.1499999999999995,0.4,89.625
2022-06-13,10.008333333333335,89.54166666666667,3.9958333333333336,0.0,99.91666666666667
2022-06-14,11.066666666666668,84.29166666666667,5.483333333333333,0.0,87.875
2022-06-15,10.216666666666667,88.875,5.55,0.0,17.166666666666668
2022-06-16,12.137500000000001,88.04166666666667,4.729166666666667,0.0,50.333333333333336
2022-06-17,11.325000000000001,82.75,5.7375,0.0,31.666666666666668
2022-06-18,12.029166666666667,79.29166666666667,6.170833333333333,0.0,73.04166666666667
2022-06-19,10.845833333333333,86.5,5.641666666666667,0.0,96.08333333333333
2022-06-20,10.825000000000001,85.5,5.470833333333334,0.0,99.20833333333333
2022-06-21,12.216666666666667,79.75,8.991666666666667,0.5,90.25
2022-06-22,13.670833333333334,78.04166666666667,9.795833333333333,4.6,91.04166666666667
2022-06-23,12.029166666666667,81.41666666666667,7.145833333333333,0.0,69.70833333333333
2022-06-24,13.3125,80.04166666666667,4.745833333333334,0.0,98.33333333333333
2022-06-25,11.108333333333334,87.95833333333333,4.1875,0.0,99.91666666666667
2022-06-26,11.066666666666668,79.58333333333333,5.495833333333334,0.0,99.125
2022-06-27,11.133333333333333,81.625,7.083333333333333,10.5,61.5
2022-06-28,11.8125,72.70833333333333,5.487500000000001,0.0,1.9583333333333333
2022-06-29,13.120833333333332,80.66666666666667,4.7250000000000005,0.0,20.083333333333332
2022-06-30,12.637500000000001,83.5,4.8875,0.0,16.666666666666668
2022-07-01,12.299999999999999,83.83333333333333,4.720833333333333,0.1,82.83333333333333
2022-07-02,11.129166666666668,84.33333333333333,4.820833333333334,0.0,4.125
2022-07-03,11.775,84.875,4.183333333333334,0.0,62.25
2022-07-04,11.783333333333333,75.41666666666667,3.1666666666666665,0.0,7.791666666666667
2022-07-05,11.362499999999999,77.75,4.670833333333333,0.0,91.5
2022-07-06,11.091666666666667,81.625,5.7625,0.0,39.708333333333336
2022-07-07,11.1625,80.375,4.9125000000000005,0.0,30.208333333333332
2022-07-08,11.987499999999999,81.79166666666667,6.925,0.1,37.75
2022-07-09,11.620833333333332,81.83333333333333,8.741666666666667,13.4,77.75
2022-07-10,12.645833333333334,82.83333333333333,5.458333333333333,35.4,89.08333333333333
2022-07-11,12.441666666666668,80.45833333333333,6.320833333333333,20.5,53.75
2022-07-12,10.637500000000001,77.45833333333333,5.308333333333334,0.0,1.0416666666666667
2022-07-13,12.016666666666666,86.08333333333333,8.783333333333333,2.0,75.54166666666667
2022-07-14,12.020833333333334,86.20833333333333,14.070833333333333,30.1,97.83333333333333
2022-07-15,9.741666666666667,85.66666666666667,7.3374999999999995,36.9,99.75
2022-07-16,9.520833333333334,79.5,7.4750000000000005,1.3,26.583333333333332
2022-07-17,9.383333333333333,69.70833333333333,4.8625,0.0,11.416666666666666
2022-07-18,11.954166666666666,73.5,4.304166666666666,0.0,1.0416666666666667
2022-07-19,12.0875,85.20833333333333,4.616666666666666,0.0,22.583333333333332
2022-07-20,10.983333333333334,93.70833333333333,5.654166666666666,0.6000000000000001,90.125
2022-07-21,11.170833333333334,91.25,4.933333333333333,0.0,56.375
2022-07-22,11.166666666666666,93.45833333333333,4.5,0.0,88.375
2022-07-23,11.566666666666668,88.41666666666667,4.920833333333333,0.0,62.583333333333336
2022-07-24,12.408333333333333,82.70833333333333,4.216666666666667,0.0,65.625
2022-07-25,11.620833333333332,85.25,5.3,0.0,81.75
2022-07-26,11.645833333333334,87.54166666666667,5.891666666666667,0.0,33.916666666666664
2022-07-27,11.770833333333334,90.58333333333333,5.533333333333334,0.0,72.5
2022-07-28,11.870833333333332,86.75,5.333333333333333,0.0,48.25
2022-07-29,11.854166666666666,85.75,4.9624999999999995,0.0,98.29166666666667
2022-07-30,11.958333333333334,84.25,4.970833333333333,0.0,77.16666666666667
2022-07-31,11.825000000000001,89.54166666666667,4.866666666666666,0.0,75.16666666666667
2022-08-01,11.637500000000001,89.04166666666667,5.520833333333333,0.1,86.58333333333333
2022-08-02,11.729166666666666,82.375,4.7749999999999995,0.0,71.95833333333333
2022-08-03,11.591666666666667,82.20833333333333,3.9499999999999997,2.9,71.5
2022-08-04,10.512500000000001,88.75,4.995833333333334,0.0,36.333333333333336
2022-08-05,11.779166666666667,91.25,5.154166666666667,0.1,67.20833333333333
2022-08-06,11.204166666666666,87.41666666666667,5.8500000000000005,9.0,69.91666666666667
2022-08-07,11.200000000000001,83.0,6.983333333333333,2.3,39.416666666666664
2022-08-08,10.966666666666667,78.70833333333333,3.7874999999999996,0.0,3.3333333333333335
2022-08-09,12.975,69.33333333333333,3.8333333333333335,0.0,26.25
2022-08-10,12.145833333333334,88.58333333333333,5.233333333333333,0.0,97.33333333333333
2022-08-11,11.220833333333333,89.0,7.079166666666667,0.0,99.95833333333333
2022-08-12,11.733333333333334,81.16666666666667,7.104166666666667,0.0,51.541666666666664
2022-08-13,11.0,86.75,6.2375,0.0,23.291666666666668
2022-08-14,11.316666666666668,86.875,6.495833333333334,0.0,66.375
2022-08-15,12.570833333333333,81.0,6.070833333333333,0.0,33.625
2022-08-16,12.570833333333333,82.0,5.895833333333333,0.0,2.375
2022-08-17,12.762500000000001,83.91666666666667,5.8625,2.3,25.833333333333332
2022-08-18,14.012500000000001,80.70833333333333,4.183333333333334,0.0,0.125
2022-08-19,13.658333333333333,76.25,5.0249999999999995,0.0,33.083333333333336
2022-08-20,11.325000000000001,93.29166666666667,5.870833333333334,0.0,89.20833333333333
2022-08-21,11.5,90.875,4.516666666666667,0.30000000000000004,80.75
2022-08-22,11.933333333333332,86.0,4.625,0.0,68.95833333333333
2022-08-23,12.029166666666667,88.20833333333333,5.2124999999999995,0.0,49.791666666666664
2022-08-24,11.370833333333332,93.0,5.9624999999999995,0.1,83.16666666666667
2022-08-25,11.941666666666668,93.375,5.8125,0.0,82.5
2022-08-26,11.579166666666666,91.16666666666667,7.9875,0.0,99.29166666666667
2022-08-27,12.879166666666668,82.125,6.983333333333333,0.0,44.791666666666664
2022-08-28,12.575000000000001,90.375,4.8625,0.0,47.708333333333336
2022-08-29,10.920833333333334,91.79166666666667,4.516666666666667,0.30000000000000004,96.20833333333333
2022-08-30,11.5875,86.08333333333333,5.608333333333333,0.0,100.0
2022-08-31,11.762500000000001,77.33333333333333,5.708333333333333,0.2,85.58333333333333
2022-09-01,12.2875,80.45833333333333,6.145833333333333,0.0,15.958333333333334
2022-09-02,12.6625,85.33333333333333,4.791666666666667,0.0,12.291666666666666
2022-09-03,12.345833333333333,90.16666666666667,4.770833333333333,0.0,56.333333333333336
2022-09-04,12.4125,87.95833333333333,4.6499999999999995,0.0,85.45833333333333
2022-09-05,11.2125,91.54166666666667,5.683333333333334,0.4,74.04166666666667
2022-09-06,10.333333333333334,89.41666666666667,4.458333333333333,0.0,80.54166666666667
2022-09-07,11.366666666666667,76.79166666666667,5.383333333333333,0.0,80.08333333333333
2022-09-08,11.529166666666667,76.66666666666667,7.358333333333333,0.0,16.75
2022-09-09,11.862499999999999,79.08333333333333,5.370833333333334,0.0,0.0
2022-09-10,11.516666666666666,83.125,7.4624999999999995,0.30000000000000004,68.0
2022-09-11,12.5375,77.45833333333333,7.470833333333334,0.2,74.125
2022-09-12,11.558333333333332,82.75,7.216666666666666,0.0,44.75
2022-09-13,12.887500000000001,77.58333333333333,5.7250000000000005,0.30000000000000004,30.083333333333332
2022-09-14,13.979166666666666,74.625,6.566666666666666,0.0,0.0
2022-09-15,12.583333333333334,87.25,7.454166666666667,0.0,75.58333333333333
2022-09-16,12.366666666666667,83.04166666666667,6.658333333333334,0.5,100.0
2022-09-17,12.704166666666666,76.95833333333333,6.845833333333334,0.0,88.125
2022-09-18,13.075000000000001,78.58333333333333,7.354166666666667,0.0,21.291666666666668
2022-09-19,12.829166666666666,79.58333333333333,6.804166666666667,0.0,0.9166666666666666
2022-09-20,12.700000000000001,66.91666666666667,10.737499999999999,0.0,24.916666666666668
2022-09-21,12.754166666666668,69.16666666666667,8.166666666666666,0.0,0.0
2022-09-22,15.362499999999999,58.041666666666664,5.5625,0.0,0.0
2022-09-23,12.858333333333334,82.95833333333333,7.358333333333333,0.0,11.166666666666666
2022-09-24,13.512500000000001,81.25,6.766666666666667,0.4,70.33333333333333
2022-09-25,13.137500000000001,80.79166666666667,7.075,0.0,39.75
2022-09-26,12.970833333333333,81.58333333333333,6.991666666666667,0.0,58.958333333333336
2022-09-27,13.0625,80.41666666666667,6.341666666666666,0.0,48.458333333333336
2022-09-28,13.054166666666667,83.83333333333333,5.895833333333333,0.0,67.33333333333333
2022-09-29,12.716666666666667,83.66666666666667,5.7875000000000005,0.1,82.33333333333333
2022-09-30,13.445833333333333,83.41666666666667,5.595833333333334,0.0,74.25
2022-10-01,13.079166666666666,83.83333333333333,6.929166666666666,0.2,62.833333333333336
2022-10-02,12.679166666666667,84.41666666666667,6.629166666666666,0.1,78.54166666666667
2022-10-03,12.8375,78.20833333333333,8.441666666666666,0.8,76.41666666666667
2022-10-04,12.487499999999999,78.95833333333333,7.470833333333334,0.0,9.958333333333334
2022-10-05,13.866666666666667,75.91666666666667,6.9125000000000005,0.2,42.791666666666664
2022-10-06,15.0625,75.83333333333333,5.516666666666667,0.0,20.333333333333332
2022-10-07,16.504166666666666,79.66666666666667,5.979166666666667,0.0,28.875
2022-10-08,15.262500000000001,82.79166666666667,6.958333333333333,0.0,69.16666666666667
2022-10-09,13.387500000000001,83.83333333333333,7.795833333333333,0.0,32.708333333333336
2022-10-10,12.220833333333333,80.0,5.970833333333334,0.2,60.333333333333336
2022-10-11,13.666666666666666,76.5,7.266666666666667,0.0,0.5833333333333334
2022-10-12,14.5375,78.79166666666667,6.745833333333334,0.0,26.166666666666668
2022-10-13,13.808333333333332,82.41666666666667,6.029166666666666,0.0,41.041666666666664
2022-10-14,14.079166666666666,85.125,6.341666666666666,0.0,19.416666666666668
2022-10-15,12.991666666666667,85.83333333333333,6.929166666666667,0.30000000000000004,75.04166666666667
2022-10-16,12.641666666666666,87.91666666666667,6.1000000000000005,0.30000000000000004,80.125
2022-10-17,13.133333333333333,83.375,7.0625,0.2,51.083333333333336
2022-10-18,13.966666666666667,77.16666666666667,7.516666666666667,0.0,8.75
2022-10-19,13.979166666666666,76.91666666666667,8.3375,0.1,27.25
2022-10-20,14.833333333333334,79.20833333333333,7.4375,0.0,5.5
2022-10-21,13.829166666666666,86.70833333333333,7.029166666666666,0.0,67.95833333333333
2022-10-22,13.25,84.70833333333333,7.691666666666666,0.0,66.58333333333333
2022-10-23,13.462499999999999,78.29166666666667,7.666666666666667,0.0,27.791666666666668
2022-10-24,13.629166666666668,77.20833333333333,8.049999999999999,0.0,26.125
2022-10-25,13.7125,76.125,9.737499999999999,1.6,59.0
2022-10-26,14.733333333333334,76.70833333333333,7.5,0.0,1.7916666666666667
2022-10-27,14.104166666666666,84.375,7.55,0.0,79.0
2022-10-28,15.2125,77.29166666666667,7.0375000000000005,0.0,49.791666666666664
2022-10-29,14.854166666666666,82.29166666666667,7.645833333333333,0.0,35.5
2022-10-30,14.866666666666667,79.58333333333333,7.8875,0.2,62.333333333333336
2022-10-31,15.058333333333332,72.79166666666667,6.720833333333332,0.0,0.0
2022-11-01,14.237499999999999,79.45833333333333,7.058333333333334,0.0,9.125
2022-11-02,13.450000000000001,84.29166666666667,5.866666666666667,0.0,59.833333333333336
2022-11-03,13.6,79.875,6.3500000000000005,0.0,82.41666666666667
2022-11-04,13.991666666666667,74.04166666666667,6.979166666666667,0.0,58.0
2022-11-05,14.470833333333333,72.95833333333333,7.5249999999999995,0.0,39.916666666666664
2022-11-06,15.470833333333333,75.75,7.516666666666667,0.0,83.08333333333333
2022-11-07,15.487499999999999,79.16666666666667,8.195833333333333,0.0,99.54166666666667
2022-11-08,15.375,79.70833333333333,7.8875,0.4,98.75
2022-11-09,15.174999999999999,76.08333333333333,7.9125000000000005,0.6000000000000001,86.08333333333333
2022-11-10,15.129166666666668,77.20833333333333,7.958333333333333,0.0,69.0
2022-11-11,14.979166666666666,80.5,7.2250000000000005,0.0,91.04166666666667
2022-11-12,15.791666666666666,79.70833333333333,8.366666666666667,0.0,78.91666666666667
2022-11-13,16.925,75.29166666666667,7.508333333333333,0.0,7.125
2022-11-14,18.537499999999998,72.625,6.966666666666666,0.0,0.4583333333333333
2022-11-15,16.2,80.41666666666667,8.966666666666667,0.0,91.95833333333333
2022-11-16,16.416666666666668,81.125,7.366666666666667,0.0,72.5
2022-11-17,16.566666666666666,83.375,7.3125,0.4,59.125
2022-11-18,16.2375,84.29166666666667,7.5375000000000005,0.0,59.0
2022-11-19,16.670833333333334,82.125,8.033333333333333,0.30000000000000004,65.29166666666667
2022-11-20,16.654166666666665,78.54166666666667,8.166666666666666,0.0,27.333333333333332
2022-11-21,15.5875,81.16666666666667,8.158333333333333,0.0,24.166666666666668
2022-11-22,15.108333333333334,83.79166666666667,7.0,0.1,56.875
2022-11-23,15.145833333333334,84.83333333333333,6.945833333333333,0.0,87.04166666666667
2022-11-24,15.479166666666666,82.875,6.616666666666667,0.0,53.333333333333336
2022-11-25,15.762500000000001,83.95833333333333,6.258333333333333,0.0,54.583333333333336
2022-11-26,15.804166666666667,86.0,7.233333333333333,0.30000000000000004,92.91666666666667
2022-11-27,16.283333333333335,82.0,6.433333333333334,0.30000000000000004,99.16666666666667
2022-11-28,16.145833333333332,80.875,6.820833333333333,0.8,96.16666666666667
2022-11-29,16.183333333333334,80.08333333333333,7.520833333333333,0.1,91.375
2022-11-30,17.145833333333332,77.54166666666667,7.691666666666666,0.4,88.66666666666667
2022-12-01,16.716666666666665,79.20833333333333,7.195833333333333,0.1,41.333333333333336
2022-12-02,16.416666666666668,82.29166666666667,7.133333333333333,0.0,59.291666666666664
2022-12-03,17.004166666666666,78.70833333333333,7.3,0.0,28.625
2022-12-04,16.908333333333335,84.20833333333333,7.358333333333333,0.0,33.0
2022-12-05,16.454166666666666,85.58333333333333,7.75,0.1,73.29166666666667
2022-12-06,16.583333333333332,84.04166666666667,8.329166666666667,0.0,32.958333333333336
2022-12-07,17.141666666666666,82.75,8.354166666666666,0.1,52.25
2022-12-08,17.2,81.08333333333333,8.620833333333334,0.2,63.125
2022-12-09,18.395833333333332,83.0,7.466666666666666,0.0,67.125
2022-12-10,17.741666666666667,86.375,7.695833333333333,0.0,74.33333333333333
2022-12-11,17.724999999999998,80.04166666666667,8.487499999999999,0.0,51.666666666666664
2022-12-12,18.491666666666667,76.45833333333333,7.141666666666667,0.0,9.25
2022-12-13,17.9875,80.66666666666667,7.591666666666666,0.0,21.291666666666668
2022-12-14,18.599999999999998,79.29166666666667,6.829166666666667,0.0,51.875
2022-12-15,18.554166666666667,81.16666666666667,8.012500000000001,0.0,20.666666666666668
2022-12-16,17.541666666666668,80.54166666666667,9.920833333333333,1.2,60.041666666666664
2022-12-17,17.216666666666665,79.70833333333333,7.983333333333333,0.6000000000000001,58.25
2022-12-18,17.429166666666667,77.75,8.174999999999999,0.0,19.375
2022-12-19,17.216666666666665,81.625,7.891666666666667,0.0,46.625
2022-12-20,18.908333333333335,75.125,7.079166666666667,0.0,8.083333333333334
2022-12-21,18.758333333333333,79.875,7.433333333333334,0.0,15.75
2022-12-22,19.1875,77.41666666666667,8.416666666666666,0.0,19.916666666666668
2022-12-23,19.25,75.75,8.416666666666666,0.0,11.708333333333334
2022-12-24,17.3,79.83333333333333,8.695833333333333,0.0,27.125
2022-12-25,16.349999999999998,80.5,5.941666666666666,0.30000000000000004,94.95833333333333
2022-12-26,18.224999999999998,68.125,6.733333333333333,0.0,18.125
2022-12-27,19.412499999999998,73.20833333333333,7.779166666666666,0.0,1.75
2022-12-28,18.308333333333334,82.375,8.579166666666667,0.1,61.083333333333336
2022-12-29,17.470833333333335,83.45833333333333,8.195833333333333,0.7000000000000001,67.41666666666667
2022-12-30,17.504166666666666,76.29166666666667,6.941666666666666,0.2,84.83333333333333
2022-12-31,18.304166666666667,70.20833333333333,7.470833333333334,0.2,61.791666666666664
2023-01-01,19.175,73.33333333333333,7.933333333333334,0.0,0.4166666666666667
2023-01-02,18.95,77.04166666666667,8.608333333333333,0.0,36.916666666666664
2023-01-03,18.708333333333332,75.29166666666667,7.8500000000000005,0.0,23.625
2023-01-04,17.7625,81.54166666666667,9.35,0.30000000000000004,86.54166666666667
2023-01-05,18.900000000000002,74.5,7.3625,0.0,57.333333333333336
2023-01-06,18.895833333333332,74.16666666666667,7.716666666666666,0.9,27.166666666666668
2023-01-07,19.2375,74.33333333333333,8.525,0.0,50.041666666666664
2023-01-08,19.358333333333334,78.20833333333333,8.883333333333333,0.1,51.375
2023-01-09,19.3,76.16666666666667,8.716666666666667,0.2,64.875
2023-01-10,19.616666666666667,75.25,8.237499999999999,0.0,11.625
2023-01-11,19.441666666666666,80.91666666666667,8.541666666666666,0.0,24.416666666666668
2023-01-12,18.783333333333335,76.33333333333333,9.266666666666667,0.0,40.791666666666664
2023-01-13,19.066666666666666,69.33333333333333,7.541666666666667,0.0,8.875
2023-01-14,19.341666666666665,71.125,8.9375,0.0,34.208333333333336
2023-01-15,18.529166666666665,74.04166666666667,9.079166666666667,0.0,11.333333333333334
2023-01-16,18.075,74.75,8.700000000000001,0.5,38.375
2023-01-17,18.575,69.95833333333333,8.058333333333334,0.0,20.458333333333332
2023-01-18,18.233333333333334,75.91666666666667,8.929166666666667,0.0,19.583333333333332
2023-01-19,18.029166666666665,73.33333333333333,8.266666666666667,0.6000000000000001,46.416666666666664
2023-01-20,18.65,70.95833333333333,9.416666666666666,0.0,7.583333333333333
2023-01-21,18.329166666666666,75.83333333333333,9.025,0.0,29.333333333333332
2023-01-22,18.608333333333334,77.58333333333333,7.95,0.0,31.125
2023-01-23,18.566666666666666,77.33333333333333,8.366666666666667,0.0,39.125
2023-01-24,20.233333333333334,74.33333333333333,6.925,0.0,15.0
2023-01-25,19.525,80.29166666666667,8.295833333333333,0.1,47.541666666666664
2023-01-26,18.979166666666668,74.29166666666667,8.816666666666666,0.0,24.166666666666668
2023-01-27,19.212500000000002,73.20833333333333,7.8374999999999995,0.0,9.583333333333334
2023-01-28,18.541666666666668,80.70833333333333,7.320833333333333,0.0,28.5
2023-01-29,17.570833333333333,80.70833333333333,9.083333333333334,0.2,62.25
2023-01-30,18.241666666666667,78.875,8.533333333333333,0.2,38.0
2023-01-31,18.420833333333334,81.66666666666667,8.520833333333334,0.1,59.583333333333336
2023-02-01,19.141666666666666,77.5,7.320833333333333,0.0,19.791666666666668
2023-02-02,18.3625,82.375,8.387500000000001,0.0,61.041666666666664
2023-02-03,17.849999999999998,83.875,6.7749999999999995,0.30000000000000004,92.625
2023-02-04,19.233333333333334,76.04166666666667,7.058333333333334,0.0,67.41666666666667
2023-02-05,20.95,71.58333333333333,7.020833333333333,0.0,4.375
2023-02-06,19.587500000000002,82.04166666666667,8.166666666666666,0.0,70.95833333333333
2023-02-07,18.983333333333334,82.375,8.1875,0.30000000000000004,78.16666666666667
2023-02-08,18.983333333333334,80.95833333333333,6.754166666666666,0.0,61.458333333333336
2023-02-09,18.770833333333332,82.33333333333333,7.758333333333333,0.6000000000000001,47.083333333333336
2023-02-10,18.816666666666666,81.41666666666667,8.1625,0.0,56.666666666666664
2023-02-11,19.758333333333333,80.83333333333333,7.6000000000000005,0.0,37.875
2023-02-12,19.770833333333332,79.29166666666667,8.075000000000001,0.30000000000000004,51.833333333333336
2023-02-13,20.0125,76.375,7.441666666666666,0.0,20.208333333333332
2023-02-14,19.166666666666668,77.25,8.095833333333333,0.0,4.708333333333333
2023-02-15,18.533333333333335,81.20833333333333,7.9375,0.0,63.875
2023-02-16,18.745833333333334,78.0,9.025,0.0,32.0
2023-02-17,19.425,76.875,6.933333333333334,0.0,17.833333333333332
2023-02-18,20.654166666666665,75.70833333333333,6.929166666666667,0.0,21.791666666666668
2023-02-19,21.079166666666666,75.125,7.229166666666667,0.0,1.9583333333333333
2023-02-20,19.26666666666667,82.08333333333333,7.079166666666667,0.0,82.66666666666667
2023-02-21,18.55,81.66666666666667,7.766666666666667,0.0,55.166666666666664
2023-02-22,18.529166666666665,77.66666666666667,7.016666666666667,0.0,32.125
2023-02-23,18.279166666666665,79.33333333333333,7.2749999999999995,0.0,26.666666666666668
2023-02-24,17.929166666666667,79.16666666666667,6.029166666666666,0.0,76.41666666666667
2023-02-25,18.666666666666668,77.875,7.125,0.0,25.708333333333332
2023-02-26,19.354166666666668,81.29166666666667,6.625,0.0,27.875
2023-02-27,18.14166666666667,83.91666666666667,7.5625,0.0,62.0
2023-02-28,18.204166666666666,79.04166666666667,7.033333333333334,0.0,44.375
2023-03-01,17.904166666666665,79.08333333333333,7.529166666666666,0.0,38.791666666666664
2023-03-02,17.875,84.66666666666667,6.616666666666667,0.2,79.625
2023-03-03,18.5,79.70833333333333,6.220833333333334,0.0,62.166666666666664
2023-03-04,18.95,82.0,6.729166666666667,0.0,9.583333333333334
2023-03-05,17.991666666666667,87.16666666666667,6.895833333333333,1.0,82.58333333333333
2023-03-06,18.8125,81.0,6.820833333333333,0.30000000000000004,57.208333333333336
2023-03-07,18.770833333333332,82.29166666666667,7.4624999999999995,0.0,27.375
2023-03-08,19.0,81.83333333333333,7.375,0.0,22.166666666666668
2023-03-09,18.970833333333335,83.33333333333333,7.033333333333334,0.0,32.375
2023-03-10,18.650000000000002,83.08333333333333,6.945833333333333,0.0,50.75
2023-03-11,19.029166666666665,78.25,7.0874999999999995,0.0,49.25
2023-03-12,19.2625,77.70833333333333,7.7749999999999995,0.0,16.583333333333332
2023-03-13,19.4875,77.33333333333333,7.645833333333333,0.0,22.791666666666668
2023-03-14,19.1125,82.75,7.541666666666667,0.0,44.25
2023-03-15,18.929166666666667,83.5,7.091666666666666,0.0,40.666666666666664
2023-03-16,20.275000000000002,79.04166666666667,6.6875,0.0,10.291666666666666
2023-03-17,20.004166666666666,79.95833333333333,7.0,0.0,25.416666666666668
2023-03-18,19.308333333333334,81.41666666666667,7.120833333333334,0.0,36.666666666666664
2023-03-19,18.849999999999998,87.04166666666667,7.55,0.0,72.5
2023-03-20,18.679166666666667,85.875,6.5625,0.0,58.916666666666664
2023-03-21,19.208333333333332,84.125,5.9125000000000005,0.0,38.666666666666664
2023-03-22,18.5375,86.45833333333333,6.1125,0.0,47.5
2023-03-23,18.7,87.04166666666667,5.741666666666667,0.0,49.583333333333336
2023-03-24,18.108333333333334,87.58333333333333,6.966666666666666,0.0,57.583333333333336
2023-03-25,17.733333333333334,86.16666666666667,7.1875,0.30000000000000004,61.208333333333336
2023-03-26,17.541666666666668,83.45833333333333,6.020833333333333,0.1,35.958333333333336
2023-03-27,17.854166666666668,79.91666666666667,6.220833333333334,0.0,32.625
2023-03-28,17.7375,80.54166666666667,7.041666666666667,0.0,37.0
2023-03-29,18.195833333333333,81.83333333333333,6.820833333333333,0.0,9.833333333333334
2023-03-30,17.920833333333334,84.33333333333333,6.4750000000000005,0.0,37.625
2023-03-31,17.370833333333334,86.625,5.8875,0.2,54.625
2023-04-01,16.683333333333334,87.125,5.833333333333333,0.2,63.833333333333336
2023-04-02,17.008333333333333,88.0,5.529166666666666,0.0,58.0
2023-04-03,17.029166666666665,90.54166666666667,5.425,0.0,91.83333333333333
2023-04-04,17.0125,86.91666666666667,5.5,0.0,52.708333333333336
2023-04-05,16.525000000000002,86.25,6.325,0.0,55.208333333333336
2023-04-06,17.325,82.58333333333333,4.891666666666667,0.0,30.708333333333332
2023-04-07,16.833333333333332,88.5,6.091666666666666,0.0,73.08333333333333
2023-04-08,16.016666666666666,88.125,5.6125,0.7000000000000001,68.58333333333333
2023-04-09,15.637500000000001,87.625,5.454166666666667,0.2,44.208333333333336
2023-04-10,16.337500000000002,88.08333333333333,5.875,0.0,59.291666666666664
2023-04-11,16.412499999999998,88.45833333333333,6.0125,0.0,78.0
2023-04-12,16.3,90.20833333333333,6.316666666666666,0.2,92.66666666666667
2023-04-13,16.308333333333334,83.125,6.783333333333334,0.2,42.833333333333336
2023-04-14,16.275000000000002,80.16666666666667,7.0125,0.0,22.875
2023-04-15,16.870833333333334,80.875,6.204166666666667,0.0,61.458333333333336
2023-04-16,15.987499999999999,78.375,6.541666666666667,0.0,26.0
2023-04-17,15.954166666666666,76.58333333333333,6.104166666666667,0.0,12.666666666666666
2023-04-18,16.258333333333333,75.83333333333333,5.533333333333334,0.0,0.16666666666666666
2023-04-19,17.083333333333332,77.5,4.570833333333334,0.0,7.166666666666667
2023-04-20,15.379166666666668,84.25,6.175,0.0,85.41666666666667
2023-04-21,16.329166666666666,81.125,5.2875000000000005,0.0,74.5
2023-04-22,15.458333333333334,86.45833333333333,5.779166666666666,0.0,26.125
2023-04-23,15.704166666666666,84.16666666666667,5.304166666666666,0.0,29.5
2023-04-24,15.741666666666667,84.04166666666667,7.279166666666666,0.0,38.833333333333336
2023-04-25,14.520833333333334,88.75,5.075,0.30000000000000004,62.75
2023-04-26,13.883333333333333,88.25,5.929166666666667,0.0,86.5
2023-04-27,14.766666666666666,81.04166666666667,5.204166666666667,0.1,67.33333333333333
2023-04-28,15.029166666666667,82.0,6.175,0.0,22.708333333333332
2023-04-29,16.416666666666668,79.375,6.3,0.0,9.583333333333334
2023-04-30,17.787499999999998,79.25,6.925,0.1,74.16666666666667
2023-05-01,16.383333333333333,77.875,5.066666666666666,0.0,23.0
2023-05-02,14.820833333333333,80.75,5.583333333333333,0.0,0.0
2023-05-03,13.733333333333334,80.45833333333333,5.375,0.0,8.25
2023-05-04,12.929166666666667,81.08333333333333,5.675,0.0,1.3333333333333333
2023-05-05,12.654166666666667,83.95833333333333,5.829166666666667,0.0,74.33333333333333
2023-05-06,13.570833333333333,82.16666666666667,5.2625,0.0,63.958333333333336
2023-05-07,14.362499999999999,83.54166666666667,4.520833333333333,0.0,11.333333333333334
2023-05-08,14.137500000000001,87.58333333333333,4.875,0.0,36.708333333333336
2023-05-09,14.233333333333334,87.66666666666667,5.333333333333333,0.0,51.375
2023-05-10,13.450000000000001,92.66666666666667,4.575,0.2,94.54166666666667
2023-05-11,13.1875,94.125,4.733333333333333,0.0,88.33333333333333
2023-05-12,13.604166666666666,92.25,5.254166666666666,0.0,66.58333333333333
2023-05-13,13.458333333333334,93.125,5.6499999999999995,0.0,91.125
2023-05-14,13.870833333333332,91.375,4.020833333333333,0.4,96.41666666666667
2023-05-15,16.058333333333334,84.70833333333333,6.3500000000000005,0.0,27.291666666666668
2023-05-16,15.491666666666667,86.91666666666667,5.4125000000000005,0.0,47.958333333333336
2023-05-17,15.695833333333333,81.41666666666667,6.495833333333334,4.1,23.958333333333332
2023-05-18,15.466666666666667,83.5,5.333333333333333,0.0,19.208333333333332
2023-05-19,14.733333333333334,90.33333333333333,5.770833333333333,0.0,97.875
2023-05-20,14.266666666666666,89.625,4.2625,0.4,83.58333333333333
2023-05-21,14.058333333333332,80.54166666666667,4.804166666666666,0.0,72.125
2023-05-22,14.454166666666666,81.75,6.304166666666667,0.0,88.91666666666667
2023-05-23,14.891666666666666,81.20833333333333,5.183333333333334,0.0,70.04166666666667
2023-05-24,14.933333333333332,85.16666666666667,5.070833333333334,0.0,40.333333333333336
2023-05-25,14.179166666666667,87.83333333333333,5.270833333333333,0.0,65.375
2023-05-26,15.799999999999999,77.875,5.708333333333333,0.0,14.333333333333334
2023-05-27,14.875,80.83333333333333,5.0,0.0,36.208333333333336
2023-05-28,14.725,86.375,5.2749999999999995,0.0,95.95833333333333
2023-05-29,14.325000000000001,87.75,5.95,0.0,47.5
2023-05-30,13.450000000000001,90.125,4.766666666666667,0.0,99.83333333333333
2023-05-31,16.133333333333333,74.25,4.825,0.0,39.541666666666664
2023-06-01,14.216666666666667,86.16666666666667,5.875,0.0,65.83333333333333
2023-06-02,14.5625,87.33333333333333,4.8,0.0,54.291666666666664
2023-06-03,14.995833333333332,84.33333333333333,5.208333333333333,0.0,72.58333333333333
2023-06-04,15.674999999999999,79.5,5.120833333333334,0.0,45.625
2023-06-05,13.875,87.29166666666667,6.058333333333334,0.0,48.208333333333336
2023-06-06,13.258333333333333,92.75,4.916666666666667,0.0,86.83333333333333
2023-06-07,13.9125,90.16666666666667,4.4875,0.0,58.25
2023-06-08,14.029166666666667,88.83333333333333,4.6125,0.0,15.416666666666666
2023-06-09,14.654166666666667,84.79166666666667,4.604166666666667,0.0,8.666666666666666
2023-06-10,13.975,87.33333333333333,5.941666666666666,0.0,45.625
2023-06-11,12.754166666666668,80.25,5.316666666666667,0.0,39.041666666666664
2023-06-12,9.9625,78.20833333333333,4.808333333333334,0.0,0.16666666666666666
2023-06-13,10.200000000000001,82.91666666666667,5.620833333333334,0.0,11.958333333333334
2023-06-14,10.762500000000001,82.58333333333333,4.233333333333333,0.0,40.041666666666664
2023-06-15,14.683333333333332,54.833333333333336,4.1000000000000005,0.0,3.9166666666666665
2023-06-16,16.429166666666667,53.041666666666664,3.2624999999999997,0.0,24.416666666666668
2023-06-17,13.266666666666666,88.29166666666667,4.7124999999999995,0.30000000000000004,98.375
2023-06-18,13.366666666666667,84.58333333333333,5.9375,0.7,95.08333333333333
2023-06-19,14.308333333333332,81.08333333333333,5.225,0.0,46.791666666666664
2023-06-20,13.779166666666667,85.75,5.466666666666666,0.1,95.375
2023-06-21,12.8125,89.79166666666667,4.804166666666666,0.0,91.08333333333333
2023-06-22,15.345833333333333,77.45833333333333,5.845833333333334,0.0,95.5
2023-06-23,16.770833333333332,70.41666666666667,5.6875,0.0,54.541666666666664
2023-06-24,17.3625,70.875,5.595833333333334,0.0,6.666666666666667
2023-06-25,16.533333333333335,75.79166666666667,5.0625,0.0,26.041666666666668
2023-06-26,16.120833333333334,79.875,5.058333333333334,0.0,33.875
2023-06-27,14.924999999999999,80.66666666666667,4.545833333333333,0.6000000000000001,63.666666666666664
2023-06-28,14.358333333333334,67.0,4.670833333333333,0.0,17.625
2023-06-29,15.6625,65.375,4.295833333333333,0.0,21.166666666666668
2023-06-30,16.508333333333333,58.291666666666664,3.8166666666666664,0.0,1.875
2023-07-01,12.674999999999999,85.58333333333333,5.0625,0.0,90.20833333333333
2023-07-02,12.775,78.95833333333333,5.9875,0.0,73.33333333333333
2023-07-03,13.4375,69.04166666666667,4.575,0.0,23.75
2023-07-04,14.525,63.458333333333336,4.933333333333334,0.0,3.2916666666666665
2023-07-05,12.775,67.70833333333333,4.6625000000000005,0.0,49.708333333333336
2023-07-06,12.483333333333334,67.66666666666667,4.808333333333334,0.0,96.375
2023-07-07,11.4,77.33333333333333,6.479166666666667,0.0,59.875
2023-07-08,10.783333333333333,76.125,5.5249999999999995,0.0,29.041666666666668
2023-07-09,11.658333333333333,74.20833333333333,3.9875000000000003,0.0,99.91666666666667
2023-07-10,12.808333333333332,83.29166666666667,5.995833333333334,0.30000000000000004,95.66666666666667
2023-07-11,13.125,81.41666666666667,8.458333333333334,5.9,56.833333333333336
2023-07-12,12.862499999999999,82.08333333333333,6.325,0.6,36.0
2023-07-13,14.070833333333333,62.708333333333336,4.4750000000000005,0.0,10.5
2023-07-14,13.299999999999999,58.583333333333336,4.683333333333334,0.0,7.75
2023-07-15,12.891666666666666,84.20833333333333,4.170833333333333,0.0,31.208333333333332
2023-07-16,12.029166666666667,80.25,3.983333333333333,0.0,15.791666666666666
2023-07-17,11.458333333333334,78.79166666666667,4.858333333333333,0.0,71.20833333333333
2023-07-18,15.583333333333334,70.20833333333333,4.3,0.0,76.70833333333333
2023-07-19,15.308333333333332,70.91666666666667,4.870833333333334,0.0,99.79166666666667
2023-07-20,13.941666666666668,79.66666666666667,4.533333333333333,0.0,99.79166666666667
2023-07-21,12.645833333333334,87.54166666666667,4.683333333333334,0.0,92.54166666666667
2023-07-22,14.058333333333332,79.41666666666667,5.4875,0.0,72.375
2023-07-23,12.616666666666667,85.91666666666667,5.0375,0.0,90.41666666666667
2023-07-24,12.491666666666667,84.95833333333333,4.770833333333333,0.0,50.541666666666664
2023-07-25,13.5375,80.125,5.354166666666667,0.0,65.29166666666667
2023-07-26,13.5875,83.125,5.454166666666667,0.0,70.08333333333333
2023-07-27,13.450000000000001,85.20833333333333,4.8625,0.0,48.666666666666664
2023-07-28,12.725,88.33333333333333,4.666666666666667,0.0,64.5
2023-07-29,12.15,95.5,4.866666666666666,0.0,99.33333333333333
2023-07-30,12.045833333333334,94.04166666666667,4.5375000000000005,0.0,84.41666666666667
2023-07-31,12.429166666666667,92.83333333333333,4.9375,0.0,66.70833333333333
2023-08-01,12.4375,92.95833333333333,5.5625,0.0,76.54166666666667
2023-08-02,13.208333333333334,90.375,4.766666666666667,0.0,99.58333333333333
2023-08-03,13.204166666666666,90.04166666666667,4.416666666666667,0.0,96.33333333333333
2023-08-04,11.950000000000001,92.91666666666667,4.033333333333333,0.2,99.83333333333333
2023-08-05,13.0,88.79166666666667,4.504166666666666,1.2000000000000002,100.0
2023-08-06,14.254166666666668,79.33333333333333,6.333333333333333,0.0,35.916666666666664
2023-08-07,12.354166666666666,84.91666666666667,5.179166666666666,0.0,50.375
2023-08-08,13.508333333333333,87.75,6.366666666666666,0.0,72.875
2023-08-09,12.941666666666668,86.91666666666667,5.595833333333334,0.0,97.91666666666667
2023-08-10,13.666666666666666,81.41666666666667,5.770833333333333,0.0,41.75
2023-08-11,14.429166666666667,74.70833333333333,5.0,0.0,49.875
2023-08-12,14.125,81.79166666666667,5.104166666666667,0.0,20.583333333333332
2023-08-13,13.612499999999999,90.58333333333333,4.708333333333333,0.0,70.66666666666667
2023-08-14,13.120833333333335,92.54166666666667,3.845833333333333,0.4,99.91666666666667
2023-08-15,14.862499999999999,83.58333333333333,5.466666666666666,0.1,99.75
2023-08-16,15.366666666666667,81.79166666666667,6.179166666666667,0.0,73.5
2023-08-17,14.595833333333333,83.58333333333333,6.1000000000000005,0.7000000000000001,47.0
2023-08-18,15.108333333333334,73.79166666666667,4.729166666666667,0.0,30.125
2023-08-19,17.5125,61.333333333333336,5.791666666666667,0.0,83.125
2023-08-20,17.866666666666667,62.25,5.875,0.0,54.125
2023-08-21,16.258333333333333,68.58333333333333,5.8374999999999995,0.0,23.583333333333332
2023-08-22,14.916666666666666,77.45833333333333,6.4750000000000005,0.0,18.541666666666668
2023-08-23,14.783333333333333,73.625,7.029166666666666,0.1,32.541666666666664
2023-08-24,15.416666666666666,77.04166666666667,7.141666666666667,0.0,41.083333333333336
2023-08-25,14.329166666666666,64.125,5.995833333333334,0.0,7.416666666666667
2023-08-26,16.041666666666668,62.416666666666664,4.920833333333333,0.0,0.9166666666666666
2023-08-27,17.508333333333333,54.166666666666664,4.920833333333333,0.0,0.0
2023-08-28,15.695833333333333,69.125,5.358333333333333,0.0,0.0
2023-08-29,15.679166666666667,55.333333333333336,5.95,0.0,0.25
2023-08-30,14.941666666666668,72.54166666666667,5.966666666666666,0.0,8.666666666666666
2023-08-31,15.216666666666667,73.25,6.204166666666667,0.0,16.916666666666668
2023-09-01,13.520833333333334,81.125,7.8125,0.0,72.625
2023-09-02,13.633333333333333,78.91666666666667,7.3875,0.1,99.79166666666667
2023-09-03,14.870833333333332,69.70833333333333,6.5625,0.1,60.416666666666664
2023-09-04,15.158333333333333,67.70833333333333,5.3500000000000005,0.0,74.625
2023-09-05,14.979166666666666,68.375,6.1000000000000005,0.0,84.5
2023-09-06,14.570833333333333,80.41666666666667,6.404166666666666,0.0,97.66666666666667
2023-09-07,14.875,71.25,5.7124999999999995,0.0,45.5
2023-09-08,15.170833333333334,72.45833333333333,6.575,0.0,35.291666666666664
2023-09-09,15.512500000000001,70.58333333333333,5.066666666666667,0.0,99.875
2023-09-10,16.650000000000002,67.79166666666667,6.675,0.0,99.66666666666667
2023-09-11,16.162499999999998,66.25,7.091666666666666,2.6,76.20833333333333
2023-09-12,14.4625,69.70833333333333,7.358333333333333,0.0,18.083333333333332
2023-09-13,14.320833333333333,67.16666666666667,5.983333333333333,0.0,33.041666666666664
2023-09-14,16.845833333333335,61.541666666666664,5.354166666666667,0.0,4.208333333333333
2023-09-15,16.054166666666667,75.91666666666667,6.300000000000001,0.0,27.625
2023-09-16,14.358333333333334,81.79166666666667,6.841666666666666,0.0,48.791666666666664
2023-09-17,14.704166666666666,76.41666666666667,6.941666666666666,0.0,62.625
2023-09-18,14.662500000000001,72.66666666666667,7.3500000000000005,0.0,82.54166666666667
2023-09-19,14.141666666666666,81.79166666666667,7.141666666666667,0.0,44.875
2023-09-20,14.0875,75.58333333333333,6.8999999999999995,0.0,67.75
2023-09-21,14.5875,70.91666666666667,6.983333333333333,0.0,14.541666666666666
2023-09-22,15.554166666666667,67.58333333333333,6.0,0.0,17.833333333333332
2023-09-23,15.545833333333334,73.04166666666667,7.4624999999999995,0.0,1.0833333333333333
2023-09-24,15.583333333333334,72.08333333333333,6.5874999999999995,0.0,4.208333333333333
2023-09-25,15.470833333333333,69.95833333333333,8.445833333333333,0.0,14.833333333333334
2023-09-26,14.5,63.833333333333336,8.858333333333333,0.0,0.75
2023-09-27,14.466666666666667,67.83333333333333,6.433333333333334,0.0,0.125
2023-09-28,14.174999999999999,72.5,7.116666666666667,0.0,4.916666666666667
2023-09-29,14.512500000000001,73.25,7.075,0.0,11.125
2023-09-30,13.25,79.70833333333333,7.166666666666667,0.0,51.125
2023-10-01,13.275,75.375,7.683333333333334,0.2,40.958333333333336
2023-10-02,14.258333333333333,73.45833333333333,11.145833333333334,0.0,53.541666666666664
2023-10-03,14.895833333333334,68.16666666666667,10.545833333333333,0.0,35.958333333333336
2023-10-04,15.291666666666666,67.58333333333333,7.3625,0.0,1.375
2023-10-05,13.9125,71.66666666666667,9.275,0.0,2.875
2023-10-06,13.970833333333333,64.125,8.3,0.0,4.25
2023-10-07,15.25,61.916666666666664,6.033333333333334,0.0,0.0
2023-10-08,15.483333333333334,74.25,6.804166666666667,0.0,1.0833333333333333
2023-10-09,14.470833333333333,80.08333333333333,6.7124999999999995,0.0,22.416666666666668
2023-10-10,14.387500000000001,77.41666666666667,6.533333333333334,0.0,47.833333333333336
2023-10-11,15.920833333333334,65.0,8.204166666666667,0.0,0.0
2023-10-12,16.375,62.791666666666664,6.079166666666667,0.0,0.0
2023-10-13,14.366666666666667,79.08333333333333,7.112500000000001,0.0,30.916666666666668
2023-10-14,14.450000000000001,77.25,7.720833333333334,0.0,24.166666666666668
2023-10-15,15.15,75.04166666666667,6.7875000000000005,0.0,72.91666666666667
2023-10-16,15.641666666666666,68.75,7.45,0.0,40.875
2023-10-17,14.295833333333334,78.25,8.495833333333334,0.0,45.541666666666664
2023-10-18,16.2375,66.58333333333333,8.633333333333333,0.0,51.583333333333336
2023-10-19,14.933333333333332,76.08333333333333,7.6499999999999995,0.0,48.916666666666664
2023-10-20,14.558333333333332,79.125,8.641666666666667,0.1,58.5
2023-10-21,14.858333333333334,72.5,7.483333333333333,0.0,60.166666666666664
2023-10-22,15.070833333333333,71.95833333333333,8.591666666666667,0.0,20.166666666666668
2023-10-23,15.908333333333333,71.83333333333333,7.704166666666667,0.0,16.125
2023-10-24,16.095833333333335,72.375,7.183333333333334,0.0,13.333333333333334
2023-10-25,15.1875,75.95833333333333,7.8999999999999995,0.0,24.625
2023-10-26,14.216666666666667,71.79166666666667,9.195833333333333,0.5,38.541666666666664
2023-10-27,13.920833333333334,72.125,6.716666666666666,0.4,33.333333333333336
2023-10-28,15.083333333333334,67.70833333333333,8.266666666666667,0.0,18.958333333333332
2023-10-29,15.870833333333335,72.29166666666667,8.083333333333334,0.0,17.875
2023-10-30,17.212500000000002,71.0,7.091666666666666,0.0,75.375
2023-10-31,16.491666666666667,71.16666666666667,7.25,0.0,81.08333333333333
2023-11-01,14.866666666666667,73.75,9.508333333333335,0.0,49.416666666666664
2023-11-02,15.554166666666667,65.0,10.154166666666667,0.0,5.791666666666667
2023-11-03,17.125,59.416666666666664,6.929166666666667,0.0,0.0
2023-11-04,15.145833333333334,74.375,9.695833333333333,0.4,44.708333333333336
2023-11-05,15.174999999999999,73.625,8.316666666666666,0.0,3.375
2023-11-06,15.125,73.45833333333333,9.033333333333333,0.0,34.5
2023-11-07,17.879166666666666,62.0,6.7875000000000005,0.0,0.08333333333333333
2023-11-08,17.8875,69.29166666666667,7.033333333333334,0.0,1.5833333333333333
2023-11-09,15.979166666666666,79.54166666666667,7.104166666666667,0.1,92.54166666666667
2023-11-10,17.037499999999998,79.875,11.0625,3.6,81.33333333333333
2023-11-11,16.079166666666666,78.0,8.304166666666665,0.0,43.625
2023-11-12,16.275000000000002,67.83333333333333,8.6,0.0,3.75
2023-11-13,16.0625,67.0,7.966666666666668,0.0,12.458333333333334
2023-11-14,15.354166666666666,73.875,9.779166666666667,0.0,13.166666666666666
2023-11-15,15.887500000000001,66.54166666666667,8.408333333333333,0.0,43.208333333333336
2023-11-16,15.6,64.29166666666667,8.387500000000001,0.0,0.125
2023-11-17,15.25,66.33333333333333,8.025,0.1,21.958333333333332
2023-11-18,17.220833333333335,63.5,7.808333333333334,0.0,0.0
2023-11-19,15.4375,78.45833333333333,8.858333333333333,0.0,48.083333333333336
2023-11-20,16.295833333333334,73.16666666666667,8.079166666666667,0.0,40.291666666666664
2023-11-21,15.862499999999999,76.58333333333333,8.504166666666666,0.0,41.625
2023-11-22,16.695833333333333,75.04166666666667,8.033333333333333,0.0,16.625
2023-11-23,15.920833333333334,80.45833333333333,7.816666666666666,0.0,15.583333333333334
2023-11-24,15.533333333333333,79.16666666666667,8.191666666666666,0.2,69.0
2023-11-25,16.241666666666667,74.58333333333333,8.225,0.0,25.125
2023-11-26,16.2375,77.08333333333333,8.674999999999999,0.1,51.958333333333336
2023-11-27,16.395833333333332,77.0,8.125,0.30000000000000004,48.5
2023-11-28,16.708333333333332,74.5,8.429166666666667,0.0,29.708333333333332
2023-11-29,17.683333333333334,68.83333333333333,7.183333333333334,0.0,0.0
2023-11-30,15.9625,76.83333333333333,9.416666666666666,0.4,55.75
2023-12-01,16.929166666666667,72.70833333333333,8.233333333333333,0.0,23.416666666666668
2023-12-02,17.3875,70.125,8.1625,0.0,2.6666666666666665
2023-12-03,17.458333333333332,70.29166666666667,7.325,0.0,0.6666666666666666
2023-12-04,16.179166666666667,74.5,9.629166666666666,0.0,32.125
2023-12-05,16.425,69.04166666666667,8.595833333333333,0.0,31.041666666666668
2023-12-06,17.162499999999998,63.25,7.845833333333334,0.0,0.0
2023-12-07,16.454166666666666,76.79166666666667,7.0375000000000005,0.0,22.083333333333332
2023-12-08,16.875,76.20833333333333,9.1875,0.4,60.041666666666664
2023-12-09,18.05,70.125,7.016666666666667,0.0,5.875
2023-12-10,16.779166666666665,73.45833333333333,8.320833333333333,0.30000000000000004,27.25
2023-12-11,17.1375,72.25,7.954166666666667,0.0,5.375
2023-12-12,17.820833333333333,73.75,7.541666666666667,0.0,22.791666666666668
2023-12-13,17.008333333333333,77.58333333333333,8.0,0.0,34.458333333333336
2023-12-14,16.891666666666666,71.66666666666667,10.216666666666667,0.4,48.708333333333336
2023-12-15,16.841666666666665,72.95833333333333,8.591666666666667,0.0,21.125
2023-12-16,16.454166666666666,72.83333333333333,9.0375,0.2,53.541666666666664
2023-12-17,18.375,65.70833333333333,8.7625,0.0,0.0
2023-12-18,16.983333333333334,74.83333333333333,8.620833333333334,0.0,0.5416666666666666
2023-12-19,16.125,73.04166666666667,8.716666666666667,0.2,28.333333333333332
2023-12-20,17.6875,67.66666666666667,8.137500000000001,0.0,2.5833333333333335
2023-12-21,17.245833333333334,73.66666666666667,9.241666666666667,0.0,28.0
2023-12-22,17.337500000000002,73.58333333333333,8.262500000000001,0.0,22.333333333333332
2023-12-23,16.629166666666666,78.29166666666667,8.745833333333334,0.7000000000000001,65.04166666666667
2023-12-24,16.849999999999998,74.08333333333333,8.0375,0.0,40.166666666666664
2023-12-25,16.775000000000002,76.08333333333333,8.841666666666667,0.0,74.83333333333333
2023-12-26,17.579166666666666,77.125,7.241666666666667,0.5,75.83333333333333
2023-12-27,17.991666666666667,73.375,7.658333333333334,0.0,42.916666666666664
2023-12-28,18.458333333333332,72.625,7.454166666666667,1.3,72.79166666666667
2023-12-29,18.366666666666667,74.95833333333333,8.241666666666667,0.0,7.083333333333333
2023-12-30,18.474999999999998,71.91666666666667,8.683333333333334,0.0,57.666666666666664
2023-12-31,18.7375,67.625,8.495833333333334,0.0,0.0
2024-01-01,18.833333333333332,70.54166666666667,8.341666666666667,0.0,1.375
2024-01-02,18.408333333333335,74.08333333333333,8.549999999999999,0.0,32.458333333333336
2024-01-03,18.254166666666666,74.875,8.766666666666667,0.30000000000000004,42.791666666666664
2024-01-04,18.1875,77.04166666666667,7.616666666666667,0.2,53.458333333333336
2024-01-05,18.166666666666668,74.29166666666667,7.216666666666666,0.0,54.708333333333336
2024-01-06,18.154166666666665,72.875,8.595833333333333,0.0,21.291666666666668
2024-01-07,19.570833333333333,72.66666666666667,7.716666666666666,0.0,23.416666666666668
2024-01-08,20.125,69.04166666666667,8.487499999999999,0.0,4.458333333333333
2024-01-09,19.008333333333333,72.95833333333333,8.916666666666666,0.0,8.25
2024-01-10,18.787499999999998,69.33333333333333,8.133333333333335,0.0,7.166666666666667
2024-01-11,18.099999999999998,74.91666666666667,8.808333333333334,0.0,38.875
2024-01-12,17.8625,72.91666666666667,8.441666666666666,0.0,21.666666666666668
2024-01-13,18.383333333333333,69.95833333333333,8.404166666666667,0.0,9.041666666666666
2024-01-14,20.320833333333333,66.83333333333333,6.9375,0.0,1.875
2024-01-15,19.337500000000002,70.04166666666667,10.108333333333333,0.0,4.708333333333333
2024-01-16,18.808333333333334,72.29166666666667,8.15,0.0,9.5
2024-01-17,18.066666666666666,77.75,8.291666666666666,0.30000000000000004,52.291666666666664
2024-01-18,18.766666666666666,77.20833333333333,7.8999999999999995,0.1,28.625
2024-01-19,18.708333333333332,76.0,7.5625,0.0,27.375
2024-01-20,17.875,77.5,8.041666666666666,0.0,42.583333333333336
2024-01-21,17.8,78.375,7.2749999999999995,0.0,33.75
2024-01-22,17.841666666666665,78.0,7.5375000000000005,0.0,28.333333333333332
2024-01-23,18.141666666666666,75.45833333333333,7.483333333333333,0.0,53.25
2024-01-24,18.045833333333334,78.125,7.529166666666666,0.0,45.708333333333336
2024-01-25,18.291666666666668,78.625,7.370833333333334,0.2,81.91666666666667
2024-01-26,19.541666666666668,74.125,7.3,0.0,41.625
2024-01-27,19.3625,77.125,8.041666666666666,0.0,52.458333333333336
2024-01-28,19.304166666666667,77.16666666666667,8.0875,0.4,67.95833333333333
2024-01-29,18.933333333333334,79.58333333333333,8.2875,0.30000000000000004,77.54166666666667
2024-01-30,18.875,78.20833333333333,7.054166666666667,0.2,61.416666666666664
2024-01-31,19.25,80.54166666666667,7.966666666666666,0.0,42.833333333333336
2024-02-01,18.495833333333334,81.54166666666667,7.458333333333333,0.4,54.5
2024-02-02,18.8875,80.45833333333333,8.845833333333333,0.0,44.791666666666664
2024-02-03,19.108333333333334,80.70833333333333,7.7749999999999995,0.0,63.791666666666664
2024-02-04,19.0375,80.5,7.266666666666667,0.9,87.875
2024-02-05,19.908333333333335,76.08333333333333,7.841666666666666,0.0,4.666666666666667
2024-02-06,20.191666666666666,76.45833333333333,7.4875,0.0,27.0
2024-02-07,20.2,79.41666666666667,8.1625,0.0,30.916666666666668
2024-02-08,20.191666666666666,79.41666666666667,7.816666666666666,0.0,71.04166666666667
2024-02-09,20.716666666666665,75.20833333333333,7.3875,0.0,15.666666666666666
2024-02-10,20.995833333333334,75.58333333333333,7.770833333333333,0.0,5.125
2024-02-11,20.287499999999998,73.54166666666667,9.708333333333334,0.0,43.416666666666664
2024-02-12,19.795833333333334,75.875,7.966666666666666,0.0,20.916666666666668
2024-02-13,19.075,78.5,7.8500000000000005,0.1,79.5
2024-02-14,19.087500000000002,76.375,6.2375,0.2,56.75
2024-02-15,19.620833333333334,76.08333333333333,7.608333333333333,0.4,87.875
2024-02-16,19.8875,76.25,8.595833333333333,0.2,64.08333333333333
2024-02-17,19.991666666666667,76.58333333333333,7.366666666666667,0.0,51.041666666666664
2024-02-18,19.166666666666668,79.5,8.012500000000001,0.2,76.41666666666667
2024-02-19,18.841666666666665,76.33333333333333,6.808333333333334,0.30000000000000004,99.70833333333333
2024-02-20,19.895833333333332,71.91666666666667,7.058333333333334,0.0,64.58333333333333
2024-02-21,20.066666666666666,74.75,7.4875,0.0,64.95833333333333
2024-02-22,20.641666666666666,68.25,6.825,0.0,53.833333333333336
2024-02-23,21.116666666666667,69.375,7.308333333333334,0.0,3.75
2024-02-24,20.224999999999998,76.79166666666667,6.933333333333334,0.0,22.291666666666668
2024-02-25,19.295833333333334,78.70833333333333,7.079166666666667,0.9,72.91666666666667
2024-02-26,19.320833333333333,76.20833333333333,6.8875,0.0,29.708333333333332
2024-02-27,19.474999999999998,77.91666666666667,7.8374999999999995,0.2,51.041666666666664
2024-02-28,19.733333333333334,77.08333333333333,7.170833333333333,0.0,26.291666666666668
2024-02-29,20.075,79.79166666666667,6.783333333333334,0.0,43.416666666666664
2024-03-01,19.620833333333334,78.79166666666667,8.233333333333333,0.5,77.91666666666667
2024-03-02,19.491666666666667,77.70833333333333,7.358333333333333,0.0,41.833333333333336
2024-03-03,19.254166666666666,79.75,6.779166666666666,0.0,79.04166666666667
2024-03-04,19.05,79.0,6.458333333333333,0.0,16.208333333333332
2024-03-05,18.75,79.54166666666667,7.079166666666667,0.0,43.875
2024-03-06,18.412499999999998,77.625,6.916666666666667,0.2,39.083333333333336
2024-03-07,18.8,75.16666666666667,7.329166666666667,0.0,18.125
2024-03-08,19.474999999999998,68.25,7.679166666666667,0.0,0.0
2024-03-09,18.966666666666665,70.83333333333333,6.979166666666667,0.0,31.166666666666668
2024-03-10,18.1875,79.0,8.308333333333334,0.2,44.5
2024-03-11,18.037499999999998,74.79166666666667,8.125,0.0,6.166666666666667
2024-03-12,19.045833333333334,69.41666666666667,7.504166666666666,0.0,0.125
2024-03-13,18.983333333333334,72.625,7.691666666666666,0.0,37.041666666666664
2024-03-14,18.841666666666665,73.95833333333333,6.916666666666667,0.0,32.125
2024-03-15,17.629166666666666,77.66666666666667,7.375,0.0,31.333333333333332
2024-03-16,16.841666666666665,75.625,7.7375,0.0,9.208333333333334
2024-03-17,17.316666666666666,75.79166666666667,6.520833333333333,0.0,18.958333333333332
2024-03-18,16.933333333333334,79.83333333333333,6.604166666666667,0.0,13.75
2024-03-19,16.716666666666665,81.20833333333333,6.245833333333334,0.2,48.333333333333336
2024-03-20,18.833333333333332,72.95833333333333,7.608333333333333,0.0,82.83333333333333
2024-03-21,19.4375,70.83333333333333,6.083333333333333,0.0,7.541666666666667
2024-03-22,17.595833333333335,82.83333333333333,6.620833333333334,0.0,40.0
2024-03-23,17.679166666666667,82.875,6.1375,0.1,51.958333333333336
2024-03-24,17.258333333333333,84.70833333333333,6.5625,0.0,70.54166666666667
2024-03-25,17.433333333333334,82.16666666666667,8.079166666666667,0.6000000000000001,80.54166666666667
2024-03-26,17.212500000000002,82.70833333333333,6.1000000000000005,0.1,33.583333333333336
2024-03-27,17.8,84.08333333333333,5.358333333333333,0.0,26.25
2024-03-28,17.041666666666668,88.83333333333333,5.825,0.0,81.04166666666667
2024-03-29,17.120833333333334,87.0,5.141666666666667,0.0,75.70833333333333
2024-03-30,17.083333333333332,86.66666666666667,5.616666666666667,0.0,72.20833333333333
2024-03-31,17.241666666666667,84.54166666666667,6.1125,0.0,50.458333333333336
2024-04-01,18.041666666666668,73.58333333333333,6.104166666666667,0.0,29.208333333333332
2024-04-02,16.395833333333332,78.375,7.741666666666667,0.0,25.375
2024-04-03,17.033333333333335,77.16666666666667,6.2250000000000005,0.0,1.2916666666666667
2024-04-04,17.054166666666667,82.45833333333333,5.658333333333334,0.0,34.666666666666664
2024-04-05,16.995833333333334,77.5,5.958333333333333,0.0,4.708333333333333
2024-04-06,17.408333333333335,76.54166666666667,5.558333333333334,0.0,5.375
2024-04-07,16.204166666666666,79.66666666666667,5.991666666666667,0.0,17.125
2024-04-08,16.108333333333334,81.58333333333333,6.908333333333334,0.0,45.958333333333336
2024-04-09,15.6,83.33333333333333,5.6000000000000005,0.0,47.5
2024-04-10,14.845833333333333,87.625,5.733333333333333,0.0,72.0
2024-04-11,14.254166666666668,84.70833333333333,5.5,0.1,65.16666666666667
2024-04-12,15.454166666666667,73.25,7.233333333333333,0.0,56.958333333333336
2024-04-13,14.854166666666666,76.04166666666667,7.1000000000000005,6.9,26.458333333333332
2024-04-14,15.966666666666667,74.625,5.891666666666667,2.0,76.0
2024-04-15,15.883333333333333,76.125,6.170833333333333,0.0,28.458333333333332
2024-04-16,17.216666666666665,65.0,5.045833333333333,0.0,0.0
2024-04-17,19.216666666666665,60.166666666666664,5.283333333333333,0.0,26.958333333333332
2024-04-18,16.099999999999998,83.45833333333333,6.9375,0.0,42.166666666666664
2024-04-19,15.358333333333334,86.04166666666667,5.854166666666667,0.1,50.916666666666664
2024-04-20,14.808333333333332,87.625,5.045833333333333,0.0,83.79166666666667
2024-04-21,16.554166666666667,81.33333333333333,5.629166666666666,0.0,97.54166666666667
2024-04-22,17.150000000000002,77.95833333333333,7.070833333333333,0.0,36.291666666666664
2024-04-23,15.445833333333333,83.79166666666667,6.0249999999999995,0.0,5.041666666666667
2024-04-24,15.387500000000001,82.5,6.054166666666667,0.0,60.458333333333336
2024-04-25,16.320833333333333,69.375,4.783333333333333,0.0,69.625
2024-04-26,16.691666666666666,66.125,6.783333333333334,0.0,68.70833333333333
2024-04-27,16.633333333333333,67.29166666666667,5.504166666666666,0.0,76.75
2024-04-28,15.075000000000001,71.66666666666667,6.366666666666667,0.0,53.958333333333336
2024-04-29,13.554166666666667,71.45833333333333,7.183333333333334,0.0,64.58333333333333
2024-04-30,15.933333333333332,64.66666666666667,5.05,0.0,99.41666666666667
2024-05-01,15.375,72.875,5.2625,0.0,53.208333333333336
2024-05-02,13.195833333333333,71.75,6.341666666666666,0.0,4.041666666666667
2024-05-03,12.245833333333332,70.125,6.25,0.0,17.666666666666668
2024-05-04,14.016666666666666,59.0,4.595833333333333,0.0,31.916666666666668
2024-05-05,14.020833333333334,69.70833333333333,5.766666666666667,0.0,48.791666666666664
2024-05-06,13.245833333333332,69.70833333333333,5.183333333333334,0.0,0.041666666666666664
2024-05-07,14.191666666666668,65.04166666666667,9.070833333333333,12.2,46.583333333333336
2024-05-08,14.091666666666667,80.54166666666667,5.225,2.5,7.5
2024-05-09,12.408333333333333,86.29166666666667,6.520833333333333,0.0,83.33333333333333
2024-05-10,12.4375,81.16666666666667,6.645833333333333,0.0,59.041666666666664
2024-05-11,12.508333333333333,76.375,5.079166666666667,0.0,69.20833333333333
2024-05-12,12.608333333333334,67.04166666666667,5.208333333333333,0.0,53.416666666666664
2024-05-13,12.741666666666667,67.125,4.666666666666667,0.0,58.958333333333336
2024-05-14,12.691666666666668,74.875,4.879166666666666,0.0,95.875
2024-05-15,11.045833333333334,79.25,5.658333333333334,0.0,95.375
2024-05-16,10.945833333333333,69.66666666666667,5.6125,0.0,66.5
2024-05-17,10.691666666666668,67.5,5.804166666666667,0.0,0.0
2024-05-18,11.766666666666666,65.875,4.620833333333334,0.0,0.16666666666666666
2024-05-19,14.279166666666667,57.458333333333336,4.029166666666667,0.0,17.041666666666668
2024-05-20,15.270833333333334,54.625,4.4750000000000005,0.0,94.29166666666667
2024-05-21,13.466666666666667,85.95833333333333,6.520833333333333,0.1,88.79166666666667
2024-05-22,13.045833333333334,86.66666666666667,5.079166666666667,3.3,86.25
2024-05-23,13.65,85.04166666666667,4.8,8.200000000000001,47.916666666666664
2024-05-24,13.7125,76.29166666666667,4.795833333333333,0.0,77.91666666666667
2024-05-25,12.395833333333334,89.29166666666667,4.395833333333333,0.8,74.5
2024-05-26,12.329166666666666,85.33333333333333,5.9125000000000005,0.0,25.208333333333332
2024-05-27,12.229166666666666,78.54166666666667,4.945833333333334,0.0,33.916666666666664
2024-05-28,12.5375,75.08333333333333,4.858333333333333,0.0,74.125
2024-05-29,12.570833333333333,81.70833333333333,4.516666666666667,0.0,65.125
2024-05-30,14.145833333333334,76.91666666666667,4.204166666666667,0.0,65.625
2024-05-31,11.141666666666666,93.04166666666667,5.0,0.0,79.58333333333333
2024-06-01,13.566666666666668,80.83333333333333,4.458333333333333,0.0,78.0
2024-06-02,13.670833333333334,79.125,4.508333333333334,0.0,85.91666666666667
2024-06-03,11.454166666666666,93.75,4.020833333333333,0.0,100.0
2024-06-04,11.616666666666667,88.04166666666667,3.795833333333333,0.0,92.75
2024-06-05,12.120833333333332,82.375,3.6958333333333333,0.0,99.75
2024-06-06,13.354166666666666,89.16666666666667,3.5666666666666664,0.0,61.875
2024-06-07,13.983333333333334,75.70833333333333,4.533333333333333,0.0,70.0
2024-06-08,13.629166666666668,86.375,7.425,0.4,89.375
2024-06-09,12.879166666666668,84.625,5.0125,5.0,87.875
2024-06-10,13.529166666666667,81.29166666666667,4.1625,1.1,100.0
2024-06-11,13.983333333333334,77.16666666666667,4.5249999999999995,0.0,91.45833333333333
2024-06-12,13.020833333333334,81.04166666666667,7.666666666666667,0.2,73.95833333333333
2024-06-13,13.558333333333335,82.83333333333333,9.058333333333334,28.5,95.33333333333333
2024-06-14,14.408333333333333,87.58333333333333,4.345833333333333,33.0,88.83333333333333
2024-06-15,12.491666666666667,85.04166666666667,4.470833333333333,0.0,22.458333333333332
2024-06-16,12.012500000000001,85.20833333333333,4.241666666666666,0.0,1.5416666666666667
2024-06-17,11.708333333333334,88.54166666666667,4.991666666666666,0.0,28.708333333333332
2024-06-18,11.441666666666668,83.375,5.9624999999999995,0.0,22.833333333333332
2024-06-19,11.116666666666667,82.04166666666667,5.7124999999999995,0.0,36.291666666666664
2024-06-20,11.450000000000001,75.54166666666667,4.629166666666666,0.0,68.66666666666667
2024-06-21,12.825000000000001,80.45833333333333,5.2250000000000005,0.0,99.04166666666667
2024-06-22,13.158333333333333,84.16666666666667,3.5208333333333335,6.5,100.0
2024-06-23,12.950000000000001,88.66666666666667,5.541666666666667,0.0,84.91666666666667
2024-06-24,11.291666666666666,83.45833333333333,4.820833333333334,0.0,16.041666666666668
2024-06-25,10.25,80.08333333333333,5.370833333333334,0.0,26.583333333333332
2024-06-26,12.0875,72.41666666666667,4.391666666666667,0.0,23.916666666666668
2024-06-27,13.304166666666667,77.20833333333333,4.970833333333333,0.0,96.75
2024-06-28,12.012500000000001,91.41666666666667,5.270833333333333,0.0,67.375
2024-06-29,10.799999999999999,96.41666666666667,4.845833333333333,0.0,91.75
2024-06-30,12.204166666666666,91.04166666666667,3.795833333333333,0.0,52.25
2024-07-01,15.220833333333333,67.29166666666667,3.2916666666666665,0.0,8.75
2024-07-02,15.620833333333332,59.083333333333336,3.1875,0.0,9.416666666666666
2024-07-03,13.458333333333334,70.95833333333333,4.295833333333333,0.0,79.95833333333333
2024-07-04,11.779166666666667,90.33333333333333,5.158333333333333,0.0,92.95833333333333
2024-07-05,10.266666666666667,88.79166666666667,4.054166666666666,0.0,73.95833333333333
2024-07-06,9.883333333333333,90.0,4.366666666666666,0.0,55.958333333333336
2024-07-07,10.674999999999999,86.125,3.3958333333333335,0.0,19.333333333333332
2024-07-08,9.629166666666666,91.16666666666667,4.745833333333334,0.0,46.916666666666664
2024-07-09,8.950000000000001,88.375,4.833333333333333,0.0,86.70833333333333
2024-07-10,8.991666666666665,79.125,6.079166666666667,0.0,48.291666666666664
2024-07-11,8.654166666666667,79.0,5.370833333333334,0.0,0.4166666666666667
2024-07-12,9.029166666666667,81.70833333333333,4.508333333333334,0.0,27.125
2024-07-13,8.995833333333334,88.375,4.8374999999999995,0.0,38.541666666666664
2024-07-14,9.704166666666667,87.5,4.283333333333333,0.0,56.458333333333336
2024-07-15,9.137500000000001,90.45833333333333,4.675,0.0,68.0
2024-07-16,10.791666666666666,85.58333333333333,5.25,0.0,60.583333333333336
2024-07-17,11.15,82.79166666666667,5.3999999999999995,0.0,57.791666666666664
2024-07-18,10.995833333333332,88.29166666666667,5.0125,0.0,48.958333333333336
2024-07-19,10.666666666666666,87.0,3.7583333333333333,0.0,57.625
2024-07-20,11.491666666666667,86.91666666666667,4.708333333333333,0.2,99.625
2024-07-21,12.779166666666667,84.20833333333333,4.358333333333333,1.4,75.16666666666667
2024-07-22,11.470833333333333,80.0,4.375,0.0,9.041666666666666
2024-07-23,12.529166666666667,79.20833333333333,5.1000000000000005,0.0,39.041666666666664
2024-07-24,12.233333333333334,78.08333333333333,5.654166666666666,0.0,0.5833333333333334
2024-07-25,13.395833333333334,60.916666666666664,4.766666666666667,0.0,35.208333333333336
2024-07-26,12.554166666666667,79.91666666666667,5.9875,0.0,25.375
2024-07-27,12.612499999999999,83.58333333333333,4.920833333333333,0.0,32.208333333333336
2024-07-28,11.816666666666668,84.25,5.4125000000000005,0.0,57.291666666666664
2024-07-29,11.3375,90.29166666666667,5.045833333333333,0.0,73.5
2024-07-30,10.475,93.375,4.695833333333334,0.1,99.875
2024-07-31,11.208333333333334,90.45833333333333,5.245833333333333,0.7000000000000001,100.0
2024-08-01,13.266666666666666,80.95833333333333,12.070833333333333,1.4000000000000001,100.0
2024-08-02,13.095833333333333,85.29166666666667,7.416666666666667,46.0,90.25
2024-08-03,12.129166666666668,82.45833333333333,5.408333333333334,0.8,79.54166666666667
2024-08-04,11.108333333333334,88.70833333333333,5.033333333333333,0.0,78.04166666666667
2024-08-05,11.4,82.29166666666667,5.0,0.0,56.791666666666664
2024-08-06,11.987499999999999,75.08333333333333,5.341666666666666,0.0,90.125
2024-08-07,11.645833333333334,79.79166666666667,6.079166666666667,0.0,72.04166666666667
2024-08-08,10.129166666666666,84.625,5.2125,0.0,14.791666666666666
2024-08-09,12.620833333333332,63.958333333333336,5.116666666666666,0.0,5.375
2024-08-10,13.8125,65.45833333333333,5.1875,0.0,9.958333333333334
2024-08-11,14.345833333333333,81.04166666666667,3.7416666666666667,0.0,13.75
2024-08-12,13.1625,89.25,5.470833333333334,0.0,55.75
2024-08-13,12.0,90.625,4.2875000000000005,0.2,98.58333333333333
2024-08-14,12.112499999999999,91.08333333333333,5.166666666666667,0.2,75.29166666666667
2024-08-15,12.545833333333334,91.54166666666667,4.491666666666666,0.0,98.54166666666667
2024-08-16,13.412500000000001,88.625,4.9750000000000005,0.0,100.0
2024-08-17,12.262500000000001,90.83333333333333,5.0874999999999995,0.0,91.0
2024-08-18,12.533333333333333,88.41666666666667,6.491666666666667,0.0,88.875
2024-08-19,11.799999999999999,83.41666666666667,6.083333333333333,0.0,55.291666666666664
2024-08-20,10.775,81.04166666666667,6.520833333333333,0.0,62.833333333333336
2024-08-21,9.5875,76.54166666666667,5.579166666666667,0.0,14.458333333333334
2024-08-22,10.091666666666667,72.79166666666667,7.654166666666666,0.0,2.375
2024-08-23,10.5375,68.70833333333333,6.054166666666667,0.0,0.041666666666666664
2024-08-24,12.316666666666668,64.04166666666667,5.058333333333334,0.0,4.625
2024-08-25,13.158333333333333,69.83333333333333,6.016666666666667,0.0,4.458333333333333
2024-08-26,12.866666666666667,78.33333333333333,5.729166666666667,0.0,19.666666666666668
2024-08-27,12.5625,78.91666666666667,5.820833333333333,0.0,45.458333333333336
2024-08-28,11.566666666666668,84.75,6.166666666666667,0.5,99.625
2024-08-29,11.504166666666668,73.54166666666667,4.5375000000000005,0.0,90.29166666666667
2024-08-30,12.829166666666666,71.125,7.070833333333333,0.0,44.333333333333336
2024-08-31,13.566666666666668,67.875,5.1125,0.0,2.5833333333333335
2024-09-01,13.708333333333334,81.79166666666667,5.5874999999999995,0.0,24.875
2024-09-02,13.012500000000001,84.41666666666667,5.979166666666667,0.0,42.333333333333336
2024-09-03,13.4,80.08333333333333,6.9125000000000005,0.0,15.625
2024-09-04,13.637500000000001,78.0,5.720833333333334,0.0,0.0
2024-09-05,14.570833333333333,78.25,5.7749999999999995,0.0,58.875
2024-09-06,13.479166666666666,81.08333333333333,6.3625,0.0,63.541666666666664
2024-09-07,13.362499999999999,80.625,6.183333333333334,0.0,54.375
2024-09-08,13.095833333333333,82.58333333333333,6.079166666666667,0.0,74.75
2024-09-09,15.674999999999999,72.33333333333333,5.8625,0.0,87.20833333333333
2024-09-10,14.775,75.5,6.445833333333333,0.0,99.04166666666667
2024-09-11,13.658333333333333,78.5,6.2124999999999995,0.0,80.875
2024-09-12,12.1875,80.04166666666667,7.9750000000000005,0.0,83.58333333333333
2024-09-13,12.545833333333334,75.70833333333333,5.895833333333333,0.0,17.166666666666668
2024-09-14,13.129166666666668,80.625,5.333333333333333,0.0,14.166666666666666
2024-09-15,13.975,79.20833333333333,4.945833333333334,0.0,12.583333333333334
2024-09-16,15.004166666666668,64.54166666666667,6.633333333333333,0.1,36.583333333333336
2024-09-17,13.375,82.79166666666667,5.7625,0.1,79.83333333333333
2024-09-18,12.616666666666667,82.33333333333333,6.595833333333334,0.0,69.625
2024-09-19,13.6875,71.5,7.4624999999999995,0.0,26.166666666666668
2024-09-20,14.733333333333334,72.95833333333333,6.3,0.0,79.16666666666667
2024-09-21,13.091666666666667,81.875,7.204166666666667,0.0,83.875
2024-09-22,13.504166666666668,72.45833333333333,6.441666666666666,0.0,41.5
2024-09-23,15.475,62.666666666666664,6.070833333333333,0.0,39.375
2024-09-24,14.637500000000001,75.41666666666667,7.458333333333333,0.0,18.291666666666668
2024-09-25,13.970833333333333,75.66666666666667,6.779166666666666,0.0,2.25
2024-09-26,14.3125,74.70833333333333,5.970833333333334,0.0,11.125
2024-09-27,13.208333333333334,79.33333333333333,6.891666666666667,0.0,11.958333333333334
2024-09-28,12.304166666666667,83.375,8.225,0.0,52.708333333333336
2024-09-29,12.387500000000001,81.45833333333333,6.6125,0.4,58.458333333333336
2024-09-30,14.083333333333334,71.20833333333333,8.654166666666667,0.1,80.75
2024-10-01,15.379166666666668,68.41666666666667,5.970833333333334,0.0,0.6666666666666666
2024-10-02,16.883333333333333,64.75,6.291666666666667,0.0,0.0
2024-10-03,15.2125,71.625,6.754166666666666,0.0,15.333333333333334
2024-10-04,13.958333333333334,80.29166666666667,6.9375,0.0,78.58333333333333
2024-10-05,13.329166666666666,83.79166666666667,5.391666666666667,0.0,89.33333333333333
2024-10-06,13.429166666666667,85.58333333333333,4.958333333333333,0.1,100.0
2024-10-07,15.362499999999999,76.25,9.3,0.30000000000000004,86.375
2024-10-08,15.325000000000001,74.875,8.504166666666666,0.2,72.33333333333333
2024-10-09,15.354166666666666,78.33333333333333,7.120833333333334,0.2,29.833333333333332
2024-10-10,14.745833333333335,81.95833333333333,7.654166666666666,0.5,82.16666666666667
2024-10-11,15.5875,78.125,7.291666666666667,0.0,44.583333333333336
2024-10-12,14.916666666666666,81.625,6.045833333333333,0.0,99.91666666666667
2024-10-13,15.545833333333334,79.25,6.879166666666666,0.0,91.70833333333333
2024-10-14,16.120833333333334,76.125,6.5249999999999995,0.0,79.20833333333333
2024-10-15,14.329166666666666,83.45833333333333,6.9750000000000005,0.0,69.41666666666667
2024-10-16,14.258333333333333,76.5,7.233333333333333,0.7000000000000001,55.166666666666664
2024-10-17,15.2875,74.08333333333333,6.958333333333333,0.0,29.916666666666668
2024-10-18,14.695833333333333,83.75,7.379166666666666,0.0,55.625
2024-10-19,14.066666666666668,83.70833333333333,7.491666666666667,1.4000000000000001,96.20833333333333
2024-10-20,15.129166666666668,71.70833333333333,8.55,0.0,52.166666666666664
2024-10-21,15.104166666666666,74.33333333333333,6.7,0.0,0.0
2024-10-22,14.495833333333332,79.875,7.3999999999999995,0.6000000000000001,80.16666666666667
2024-10-23,15.216666666666667,72.41666666666667,9.004166666666666,0.0,12.833333333333334
2024-10-24,16.075,71.79166666666667,7.1625000000000005,0.0,1.2916666666666667
2024-10-25,16.179166666666667,75.20833333333333,7.4875,0.0,15.541666666666666
2024-10-26,15.3375,79.375,7.229166666666667,0.0,20.875
2024-10-27,14.708333333333334,79.66666666666667,7.220833333333334,0.1,64.66666666666667
2024-10-28,14.420833333333334,81.41666666666667,7.1000000000000005,0.2,46.916666666666664
2024-10-29,14.875,82.125,5.654166666666666,0.7,74.5
2024-10-30,15.420833333333334,78.70833333333333,6.2,0.1,63.041666666666664
2024-10-31,15.095833333333333,81.5,8.504166666666666,0.2,82.66666666666667
2024-11-01,15.245833333333332,72.16666666666667,8.183333333333334,0.4,69.08333333333333
2024-11-02,16.670833333333334,71.29166666666667,6.816666666666666,0.0,13.916666666666666
2024-11-03,15.429166666666667,77.16666666666667,9.358333333333333,0.1,54.0
2024-11-04,16.962500000000002,64.75,7.483333333333333,0.0,0.0
2024-11-05,18.287499999999998,61.083333333333336,7.120833333333334,0.0,0.16666666666666666
2024-11-06,16.412499999999998,72.58333333333333,8.258333333333333,0.0,3.5
2024-11-07,16.508333333333333,76.83333333333333,7.491666666666667,0.0,22.875
2024-11-08,15.858333333333334,82.375,7.2250000000000005,0.0,36.791666666666664
2024-11-09,15.0625,84.04166666666667,9.1875,0.2,86.625
2024-11-10,17.408333333333335,73.0,7.179166666666667,0.1,39.416666666666664
2024-11-11,18.6375,64.70833333333333,6.9750000000000005,0.0,3.8333333333333335
2024-11-12,17.333333333333332,69.75,6.845833333333334,0.0,1.2916666666666667
2024-11-13,16.162499999999998,76.25,6.045833333333333,0.9,46.541666666666664
2024-11-14,16.333333333333332,74.375,6.358333333333333,0.0,12.083333333333334
2024-11-15,16.25,76.16666666666667,7.575,0.0,23.125
2024-11-16,16.349999999999998,76.41666666666667,6.295833333333333,0.0,45.791666666666664
2024-11-17,16.883333333333333,71.66666666666667,6.4375,0.0,0.5833333333333334
2024-11-18,15.383333333333333,75.41666666666667,7.1875,0.0,23.125
2024-11-19,15.991666666666667,71.83333333333333,7.066666666666666,0.0,25.375
2024-11-20,16.070833333333333,72.33333333333333,6.908333333333334,0.0,25.416666666666668
2024-11-21,16.0,76.45833333333333,6.875,0.0,33.583333333333336
2024-11-22,16.154166666666665,75.25,7.495833333333334,0.30000000000000004,36.833333333333336
2024-11-23,16.820833333333333,74.66666666666667,6.1375,0.0,3.375
2024-11-24,17.845833333333335,73.41666666666667,6.541666666666667,0.0,6.5
2024-11-25,18.2,67.70833333333333,6.529166666666666,0.0,5.75
2024-11-26,18.120833333333334,63.375,7.2124999999999995,0.0,26.791666666666668
2024-11-27,16.770833333333332,68.25,7.683333333333334,0.0,17.166666666666668
2024-11-28,16.641666666666666,66.875,6.945833333333333,0.0,1.9583333333333333
2024-11-29,16.279166666666665,74.45833333333333,6.625,0.0,14.25
2024-11-30,16.445833333333333,74.75,6.508333333333333,0.0,32.958333333333336
2024-12-01,17.983333333333334,62.958333333333336,7.1000000000000005,0.0,0.08333333333333333
2024-12-02,17.054166666666667,68.25,6.958333333333333,0.0,6.041666666666667
2024-12-03,15.908333333333333,69.79166666666667,7.6375,0.0,8.708333333333334
2024-12-04,16.375,67.375,7.258333333333334,0.0,0.0
2024-12-05,16.795833333333334,65.54166666666667,7.754166666666666,0.0,14.125
2024-12-06,17.6125,65.375,7.370833333333334,0.0,0.0
2024-12-07,16.1375,73.83333333333333,8.191666666666666,0.0,25.458333333333332
2024-12-08,17.191666666666666,70.20833333333333,7.1499999999999995,0.0,11.791666666666666
2024-12-09,16.916666666666668,71.875,7.091666666666666,0.0,6.625
2024-12-10,16.395833333333332,76.0,7.4875,0.0,99.66666666666667
2024-12-11,16.404166666666665,75.83333333333333,7.8,0.0,50.291666666666664
2024-12-12,17.095833333333335,70.95833333333333,7.258333333333333,0.0,25.083333333333332
2024-12-13,16.570833333333333,75.58333333333333,6.733333333333333,0.0,24.916666666666668
2024-12-14,16.3125,78.5,8.070833333333333,0.0,57.291666666666664
2024-12-15,16.7375,76.58333333333333,6.8500000000000005,0.2,46.333333333333336
2024-12-16,16.7625,73.0,7.358333333333333,0.0,24.625
2024-12-17,16.6375,73.33333333333333,7.9624999999999995,0.1,50.666666666666664
2024-12-18,17.441666666666666,72.33333333333333,6.529166666666666,0.0,25.291666666666668
2024-12-19,16.679166666666667,79.83333333333333,7.4125000000000005,0.0,39.25
2024-12-20,17.291666666666668,76.75,6.895833333333333,0.0,39.166666666666664
2024-12-21,17.525000000000002,77.125,6.808333333333334,0.0,21.833333333333332
2024-12-22,16.9875,81.875,6.879166666666666,0.0,64.20833333333333
2024-12-23,17.466666666666665,78.95833333333333,6.470833333333334,0.6000000000000001,64.95833333333333
2024-12-24,16.591666666666665,79.45833333333333,6.533333333333334,0.30000000000000004,50.75
2024-12-25,16.8125,76.91666666666667,6.004166666666666,0.0,68.16666666666667
2024-12-26,17.458333333333332,72.54166666666667,5.841666666666666,0.0,69.875
2024-12-27,17.245833333333334,75.16666666666667,7.020833333333333,0.0,20.208333333333332
2024-12-28,18.212500000000002,72.16666666666667,6.8500000000000005,0.0,20.458333333333332
2024-12-29,18.254166666666666,75.5,7.233333333333333,0.0,46.416666666666664
2024-12-30,18.545833333333334,73.70833333333333,7.3374999999999995,0.2,74.125
2024-12-31,18.8625,75.0,6.920833333333333,0.0,39.291666666666664
2025-01-01,18.162499999999998,77.25,8.416666666666666,0.30000000000000004,71.08333333333333
2025-01-02,17.7375,76.75,6.391666666666667,0.2,35.666666666666664
2025-01-03,18.104166666666668,77.25,6.4375,0.0,37.916666666666664
2025-01-04,18.6875,71.625,5.925,0.0,61.333333333333336
2025-01-05,19.308333333333334,71.95833333333333,6.949999999999999,0.0,64.20833333333333
2025-01-06,18.470833333333335,75.125,6.766666666666667,0.0,85.04166666666667
2025-01-07,19.058333333333334,70.41666666666667,6.758333333333333,0.7,62.458333333333336
2025-01-08,19.349999999999998,74.29166666666667,6.458333333333333,0.1,27.208333333333332
2025-01-09,19.145833333333332,76.875,7.183333333333334,0.2,42.708333333333336
2025-01-10,19.054166666666667,77.375,7.666666666666667,0.2,49.916666666666664
2025-01-11,18.866666666666667,77.125,7.8,0.0,47.916666666666664
2025-01-12,19.079166666666666,75.875,7.270833333333333,0.30000000000000004,68.66666666666667
2025-01-13,19.650000000000002,74.33333333333333,6.895833333333333,0.0,26.5
2025-01-14,19.316666666666666,77.625,7.7875000000000005,0.0,64.20833333333333
2025-01-15,19.683333333333334,73.79166666666667,7.1625000000000005,0.0,38.291666666666664
2025-01-16,20.770833333333332,74.79166666666667,6.841666666666666,0.0,47.875
2025-01-17,20.337500000000002,73.875,7.175,0.0,18.958333333333332
2025-01-18,20.058333333333334,69.70833333333333,7.3,0.0,10.208333333333334
2025-01-19,18.729166666666668,72.95833333333333,7.270833333333333,0.0,8.708333333333334
2025-01-20,18.258333333333333,75.29166666666667,7.541666666666667,0.5,53.5
2025-01-21,18.825,73.0,7.816666666666666,0.2,37.833333333333336
2025-01-22,19.150000000000002,76.625,7.154166666666666,0.0,37.291666666666664
2025-01-23,19.7625,70.95833333333333,7.220833333333334,0.0,11.791666666666666
2025-01-24,19.866666666666667,71.20833333333333,6.6625000000000005,0.0,0.08333333333333333
2025-01-25,18.329166666666666,78.375,7.229166666666667,0.0,22.958333333333332
2025-01-26,18.095833333333335,76.45833333333333,7.904166666666666,0.0,49.458333333333336
2025-01-27,19.291666666666668,72.83333333333333,6.2124999999999995,0.0,12.708333333333334
2025-01-28,18.3,77.45833333333333,7.3625,0.0,41.25
2025-01-29,17.825,78.41666666666667,6.379166666666666,0.5,52.166666666666664
2025-01-30,18.566666666666666,72.04166666666667,7.029166666666666,0.0,11.458333333333334
2025-01-31,18.354166666666668,75.70833333333333,7.858333333333333,0.1,47.75
2025-02-01,18.345833333333335,78.0,7.166666666666667,0.0,25.125
2025-02-02,18.216666666666665,77.16666666666667,6.179166666666667,0.0,31.666666666666668
2025-02-03,19.091666666666665,71.25,6.175,0.0,3.125
2025-02-04,18.379166666666666,78.08333333333333,6.4750000000000005,0.0,17.458333333333332
2025-02-05,19.616666666666667,73.45833333333333,6.595833333333334,0.0,12.583333333333334
2025-02-06,18.933333333333334,74.125,7.8,0.1,34.791666666666664
2025-02-07,18.895833333333332,75.58333333333333,6.116666666666667,0.0,30.083333333333332
2025-02-08,19.195833333333333,76.125,6.070833333333333,0.0,46.041666666666664
2025-02-09,19.183333333333334,80.0,5.966666666666666,0.30000000000000004,80.91666666666667
2025-02-10,20.516666666666666,73.29166666666667,5.541666666666667,0.0,22.541666666666668
2025-02-11,20.1125,74.83333333333333,6.166666666666667,0.0,22.875
2025-02-12,19.958333333333332,74.375,5.879166666666666,0.0,25.333333333333332
2025-02-13,19.037499999999998,75.33333333333333,6.866666666666667,0.0,26.208333333333332
2025-02-14,19.016666666666666,73.95833333333333,6.279166666666666,0.0,39.583333333333336
2025-02-15,18.875,70.125,7.141666666666667,0.0,21.333333333333332
2025-02-16,18.1875,72.375,6.9125000000000005,0.0,13.583333333333334
2025-02-17,18.087500000000002,72.54166666666667,6.141666666666667,0.0,16.208333333333332
2025-02-18,17.145833333333332,76.58333333333333,7.104166666666667,0.4,46.583333333333336
2025-02-19,17.849999999999998,73.125,5.929166666666667,0.0,50.041666666666664
2025-02-20,19.025000000000002,71.66666666666667,6.429166666666667,0.0,0.041666666666666664
2025-02-21,18.733333333333334,77.20833333333333,6.091666666666666,0.0,41.833333333333336
2025-02-22,18.179166666666667,78.5,6.55,0.2,42.666666666666664
2025-02-23,17.925,82.58333333333333,7.325,0.2,62.208333333333336
2025-02-24,18.045833333333334,81.25,6.595833333333334,0.1,46.416666666666664
2025-02-25,18.4875,81.41666666666667,6.045833333333333,0.0,55.958333333333336
2025-02-26,18.216666666666665,81.04166666666667,6.120833333333334,0.1,43.916666666666664
2025-02-27,18.308333333333334,79.95833333333333,6.0125,0.30000000000000004,47.75
2025-02-28,19.054166666666667,73.83333333333333,6.3999999999999995,0.0,0.375
2025-03-01,19.441666666666666,77.5,5.95,0.0,15.916666666666666
2025-03-02,18.870833333333334,75.66666666666667,7.179166666666667,0.0,30.625
2025-03-03,19.204166666666666,71.79166666666667,5.95,0.0,5.708333333333333
2025-03-04,18.833333333333332,75.58333333333333,6.241666666666667,0.0,15.0
2025-03-05,18.504166666666666,78.75,7.075,0.0,28.541666666666668
2025-03-06,18.670833333333334,79.41666666666667,5.666666666666667,0.1,32.083333333333336
2025-03-07,19.845833333333335,73.95833333333333,5.070833333333334,0.0,13.041666666666666
2025-03-08,19.895833333333332,73.66666666666667,5.7375,0.0,5.333333333333333
2025-03-09,18.066666666666666,77.875,6.420833333333333,0.0,29.583333333333332
2025-03-10,17.629166666666666,79.75,4.866666666666666,0.0,18.75
2025-03-11,17.745833333333334,80.08333333333333,5.7,0.0,25.5
2025-03-12,17.429166666666667,83.5,5.195833333333334,0.0,55.708333333333336
2025-03-13,16.8125,84.08333333333333,4.666666666666667,0.30000000000000004,63.416666666666664
2025-03-14,17.554166666666667,76.875,4.7749999999999995,0.1,83.375
2025-03-15,17.866666666666667,76.66666666666667,5.3999999999999995,0.0,23.5
2025-03-16,18.345833333333335,75.79166666666667,5.445833333333333,0.0,5.458333333333333
2025-03-17,18.224999999999998,77.95833333333333,4.829166666666667,0.0,26.166666666666668
2025-03-18,17.491666666666667,82.75,5.233333333333333,0.0,58.916666666666664
2025-03-19,17.854166666666668,80.625,4.645833333333333,0.5,66.20833333333333
2025-03-20,17.795833333333334,80.66666666666667,4.841666666666667,0.0,34.833333333333336
2025-03-21,17.295833333333334,81.79166666666667,4.925,0.0,35.875
2025-03-22,17.345833333333335,83.91666666666667,4.970833333333333,0.0,51.416666666666664
2025-03-23,16.6,83.20833333333333,5.345833333333334,0.1,60.708333333333336
2025-03-24,16.608333333333334,76.95833333333333,5.870833333333334,0.0,16.416666666666668
2025-03-25,17.083333333333332,71.79166666666667,5.166666666666667,0.0,24.416666666666668
2025-03-26,16.895833333333332,72.29166666666667,5.6875,0.0,13.208333333333334
2025-03-27,17.258333333333333,75.5,5.883333333333333,0.0,32.25
2025-03-28,18.395833333333332,70.16666666666667,5.1000000000000005,0.0,29.291666666666668
2025-03-29,17.658333333333335,78.29166666666667,6.279166666666666,0.0,22.375
2025-03-30,18.220833333333335,74.08333333333333,5.25,0.0,2.5416666666666665
2025-03-31,17.8,71.5,4.279166666666667,0.0,0.16666666666666666
2025-04-01,16.483333333333334,75.04166666666667,5.1000000000000005,0.0,0.0
2025-04-02,16.270833333333332,75.58333333333333,4.029166666666667,0.0,4.5
2025-04-03,16.170833333333334,70.95833333333333,4.558333333333334,0.0,0.625
2025-04-04,15.024999999999999,75.875,4.758333333333334,0.0,13.208333333333334
2025-04-05,15.0625,79.58333333333333,5.516666666666667,0.0,44.083333333333336
2025-04-06,16.099999999999998,70.95833333333333,5.291666666666667,0.0,0.9583333333333334
2025-04-07,16.408333333333335,71.625,5.104166666666667,0.0,1.3333333333333333
2025-04-08,15.25,82.75,5.354166666666667,0.0,53.666666666666664
2025-04-09,15.154166666666667,81.33333333333333,5.279166666666667,0.2,56.083333333333336
2025-04-10,15.729166666666666,77.16666666666667,5.441666666666666,0.0,46.708333333333336
2025-04-11,16.7375,74.25,5.325,0.0,60.375
2025-04-12,15.887500000000001,74.45833333333333,4.329166666666667,0.0,0.041666666666666664
2025-04-13,15.270833333333334,78.875,4.4125000000000005,0.0,5.75
2025-04-14,15.016666666666666,77.79166666666667,5.345833333333334,0.0,9.416666666666666
2025-04-15,15.7875,71.95833333333333,4.291666666666667,0.0,0.0
2025-04-16,15.487499999999999,79.375,4.666666666666667,0.0,10.666666666666666
2025-04-17,15.049999999999999,80.875,4.8374999999999995,0.0,10.833333333333334
2025-04-18,14.158333333333333,84.625,4.0625,0.0,61.916666666666664
2025-04-19,13.883333333333333,82.91666666666667,4.441666666666666,0.0,99.375
2025-04-20,14.3375,79.33333333333333,4.075,0.0,16.75
2025-04-21,14.704166666666666,82.125,4.941666666666666,0.0,29.166666666666668
2025-04-22,14.9375,84.79166666666667,4.591666666666667,0.0,53.416666666666664
2025-04-23,15.025,85.875,3.795833333333333,0.0,51.375
2025-04-24,16.879166666666666,77.70833333333333,4.404166666666667,0.0,41.791666666666664
2025-04-25,17.891666666666666,61.125,3.391666666666667,0.0,1.5833333333333333
2025-04-26,15.9,77.08333333333333,4.7375,0.0,4.541666666666667
2025-04-27,15.049999999999999,80.5,3.966666666666667,0.0,10.791666666666666
2025-04-28,13.658333333333333,88.375,3.9291666666666667,0.0,66.45833333333333
2025-04-29,13.470833333333333,83.58333333333333,4.5,0.0,48.625
2025-04-30,13.674999999999999,79.375,5.395833333333333,0.0,70.625
2025-05-01,14.879166666666668,73.83333333333333,4.208333333333333,0.0,45.125
2025-05-02,15.229166666666666,70.04166666666667,3.358333333333333,0.0,0.4583333333333333
2025-05-03,14.041666666666666,82.375,4.325,0.0,19.333333333333332
2025-05-04,14.045833333333334,83.08333333333333,3.2416666666666667,0.0,58.041666666666664
2025-05-05,13.591666666666667,84.875,3.35,0.0,29.875
2025-05-06,13.216666666666667,84.625,3.6458333333333335,0.0,59.208333333333336
2025-05-07,13.995833333333332,78.54166666666667,3.8375,0.0,70.45833333333333
2025-05-08,14.841666666666667,74.20833333333333,3.625,0.0,47.125
2025-05-09,16.2375,73.0,4.1625000000000005,0.0,1.7916666666666667
2025-05-10,15.725,71.5,3.1958333333333333,0.0,27.375
2025-05-11,13.670833333333334,89.08333333333333,4.15,0.5,77.91666666666667
2025-05-12,12.566666666666668,89.16666666666667,4.083333333333333,0.0,28.541666666666668
2025-05-13,12.5625,88.41666666666667,4.454166666666667,0.0,92.41666666666667
2025-05-14,12.862499999999999,84.95833333333333,3.483333333333333,0.0,99.45833333333333
2025-05-15,12.904166666666667,86.70833333333333,3.6125000000000003,0.0,96.54166666666667
2025-05-16,12.666666666666666,86.45833333333333,3.4416666666666664,0.0,53.333333333333336
2025-05-17,13.208333333333334,73.33333333333333,4.283333333333333,0.0,52.958333333333336
2025-05-18,14.362499999999999,70.79166666666667,3.275,0.0,46.791666666666664
2025-05-19,15.525,69.625,3.404166666666667,0.0,10.708333333333334
2025-05-20,16.841666666666665,66.25,3.7458333333333336,0.0,29.333333333333332
2025-05-21,15.7125,78.75,3.5375,0.0,80.33333333333333
2025-05-22,13.533333333333333,91.0,3.275,0.0,69.20833333333333
2025-05-23,12.745833333333332,91.70833333333333,3.829166666666667,0.0,72.75
2025-05-24,13.058333333333332,86.75,2.375,0.0,19.541666666666668
2025-05-25,13.083333333333334,85.33333333333333,3.466666666666667,0.0,32.0
2025-05-26,13.933333333333332,79.70833333333333,3.545833333333333,0.0,43.0
2025-05-27,14.549999999999999,74.95833333333333,3.0749999999999997,0.0,13.333333333333334
2025-05-28,14.025,76.125,3.0833333333333335,0.0,5.666666666666667
2025-05-29,12.004166666666668,86.79166666666667,4.0125,0.0,64.41666666666667
2025-05-30,13.191666666666668,78.625,3.358333333333333,0.0,36.75
2025-05-31,13.066666666666668,83.91666666666667,3.0749999999999997,0.0,97.45833333333333
2025-06-01,11.9125,89.20833333333333,3.3958333333333335,0.2,81.45833333333333
2025-06-02,11.275,85.29166666666667,2.9416666666666664,0.0,73.29166666666667
2025-06-03,10.975,90.58333333333333,3.3125,0.0,89.5
2025-06-04,11.5875,84.79166666666667,3.8375,0.0,52.875
2025-06-05,11.595833333333333,79.375,2.5124999999999997,0.0,30.666666666666668
2025-06-06,11.616666666666667,86.625,3.5541666666666667,0.30000000000000004,60.875
2025-06-07,12.1625,74.91666666666667,4.1875,0.0,26.75
2025-06-08,14.279166666666667,66.75,2.7624999999999997,0.0,6.875
2025-06-09,13.4125,73.625,2.4875000000000003,0.0,93.25
2025-06-10,11.6625,89.625,3.8125,0.0,97.375
2025-06-11,13.408333333333333,79.20833333333333,8.466666666666667,1.1,99.95833333333333
2025-06-12,13.620833333333332,86.95833333333333,4.779166666666667,20.4,90.70833333333333
2025-06-13,12.995833333333332,86.0,3.533333333333333,0.6,96.95833333333333
2025-06-14,12.025,84.66666666666667,3.6208333333333336,0.1,47.541666666666664
2025-06-15,11.945833333333333,83.04166666666667,3.3625000000000003,0.0,82.875
2025-06-16,11.391666666666666,77.875,4.454166666666667,17.0,74.41666666666667
2025-06-17,10.65,81.5,4.6125,0.0,1.3333333333333333
2025-06-18,10.4375,80.91666666666667,4.045833333333333,0.0,0.2916666666666667
2025-06-19,11.104166666666666,77.04166666666667,2.891666666666667,0.0,0.08333333333333333
2025-06-20,10.525,86.75,2.591666666666667,0.0,37.166666666666664
2025-06-21,10.924999999999999,84.375,3.404166666666667,0.0,18.375
2025-06-22,12.291666666666666,82.75,2.4499999999999997,0.0,15.916666666666666
2025-06-23,12.691666666666668,81.16666666666667,2.475,0.0,0.7083333333333334
2025-06-24,10.945833333333333,94.70833333333333,3.266666666666667,0.2,98.125
2025-06-25,12.6625,83.83333333333333,3.6208333333333336,6.6,85.95833333333333
2025-06-26,13.041666666666666,84.79166666666667,2.8125,0.9,34.958333333333336
2025-06-27,11.049999999999999,87.41666666666667,3.3541666666666665,0.0,28.0
2025-06-28,10.283333333333333,85.58333333333333,3.6333333333333333,0.0,33.375
2025-06-29,10.862499999999999,77.66666666666667,2.5541666666666667,0.0,1.375
2025-06-30,11.2125,84.0,2.7916666666666665,0.0,61.208333333333336
2025-07-01,13.808333333333332,74.20833333333333,2.245833333333333,0.0,33.041666666666664
2025-07-02,15.979166666666666,66.625,2.9875000000000003,0.0,53.25
2025-07-03,12.516666666666666,88.5,3.5875,0.0,76.5
2025-07-04,10.445833333333333,96.16666666666667,2.9458333333333333,0.0,100.0
2025-07-05,13.470833333333333,86.79166666666667,5.941666666666666,0.0,83.20833333333333
2025-07-06,13.362499999999999,86.25,4.345833333333333,0.2,24.75
2025-07-07,12.7125,81.70833333333333,3.0875,0.0,18.791666666666668
2025-07-08,11.2125,89.79166666666667,4.658333333333333,0.6000000000000001,97.25
2025-07-09,12.125,84.33333333333333,3.545833333333333,0.0,85.58333333333333
2025-07-10,10.670833333333334,85.75,2.766666666666667,0.0,14.958333333333334
2025-07-11,9.604166666666666,89.54166666666667,3.7916666666666665,0.0,65.25
2025-07-12,10.3125,89.79166666666667,2.6833333333333336,0.0,68.5
2025-07-13,10.320833333333333,84.0,3.3249999999999997,0.0,28.5
2025-07-14,9.924999999999999,83.33333333333333,4.866666666666666,0.0,47.0
2025-07-15,11.383333333333333,80.20833333333333,3.3666666666666667,0.0,36.25
2025-07-16,12.35,72.375,2.8833333333333333,0.0,0.041666666666666664
2025-07-17,11.329166666666666,83.04166666666667,2.8791666666666664,0.0,49.166666666666664
2025-07-18,10.262500000000001,89.79166666666667,2.6791666666666667,0.2,77.20833333333333
2025-07-19,10.491666666666667,89.04166666666667,2.875,0.0,79.0
2025-07-20,10.491666666666667,89.95833333333333,3.233333333333333,0.0,97.29166666666667
2025-07-21,10.741666666666667,93.58333333333333,3.0625,0.0,78.54166666666667
2025-07-22,11.841666666666667,86.79166666666667,3.6625,0.0,95.33333333333333
2025-07-23,11.266666666666666,89.5,3.8708333333333336,0.0,67.45833333333333
2025-07-24,10.145833333333334,87.79166666666667,3.716666666666667,0.0,67.16666666666667
2025-07-25,11.029166666666667,76.66666666666667,3.095833333333333,0.0,25.25
2025-07-26,11.183333333333332,85.54166666666667,3.9291666666666667,0.2,93.58333333333333
2025-07-27,11.920833333333334,83.83333333333333,4.383333333333334,0.0,48.541666666666664
2025-07-28,14.0,76.75,3.1958333333333333,0.0,55.791666666666664
2025-07-29,12.404166666666667,85.5,3.466666666666667,0.0,73.875
2025-07-30,12.833333333333334,90.08333333333333,5.904166666666666,1.4,100.0
2025-07-31,14.141666666666666,86.125,5.920833333333333,13.3,99.33333333333333
2025-08-01,12.820833333333333,84.04166666666667,5.1499999999999995,40.9,71.875
2025-08-02,12.445833333333333,80.70833333333333,4.6625000000000005,0.0,73.125
2025-08-03,13.095833333333333,84.125,3.1458333333333335,0.0,89.16666666666667
2025-08-04,14.441666666666668,85.91666666666667,2.8208333333333333,0.0,99.95833333333333
2025-08-05,12.8375,92.20833333333333,3.783333333333333,0.0,98.625
2025-08-06,12.191666666666668,94.58333333333333,3.3125,0.0,70.16666666666667
2025-08-07,12.258333333333333,92.375,4.1000000000000005,0.0,58.0
2025-08-08,11.887500000000001,92.95833333333333,4.1499999999999995,0.0,91.79166666666667
2025-08-09,12.158333333333333,87.33333333333333,4.579166666666667,0.6000000000000001,100.0
2025-08-10,12.170833333333334,90.20833333333333,3.7916666666666665,0.0,42.5
2025-08-11,15.304166666666667,78.875,3.0875,0.0,28.708333333333332
2025-08-12,12.233333333333334,96.16666666666667,3.783333333333333,0.0,95.83333333333333
2025-08-13,11.829166666666666,97.5,4.129166666666666,0.30000000000000004,100.0
2025-08-14,12.691666666666668,91.45833333333333,4.1875,1.4000000000000001,100.0
2025-08-15,13.945833333333333,86.83333333333333,4.670833333333333,2.7,91.83333333333333
2025-08-16,11.691666666666668,86.95833333333333,4.904166666666667,0.0,8.833333333333334
2025-08-17,13.004166666666668,85.29166666666667,5.625,0.0,61.25
2025-08-18,11.625,82.83333333333333,6.595833333333334,9.7,63.708333333333336
2025-08-19,13.15,75.16666666666667,5.370833333333334,0.0,12.833333333333334
2025-08-20,12.6,76.41666666666667,4.870833333333334,0.0,42.041666666666664
2025-08-21,12.591666666666667,88.125,5.733333333333333,0.0,88.91666666666667
2025-08-22,12.029166666666667,78.125,5.770833333333333,6.2,68.08333333333333
2025-08-23,10.1625,76.625,4.208333333333333,0.0,0.2916666666666667
2025-08-24,11.366666666666667,70.33333333333333,3.154166666666667,0.0,0.125
2025-08-25,12.620833333333332,82.0,2.7875,0.0,6.458333333333333
2025-08-26,12.858333333333334,83.95833333333333,5.675,0.6000000000000001,54.541666666666664
2025-08-27,12.454166666666666,91.25,3.3541666666666665,0.0,97.75
2025-08-28,12.020833333333334,91.54166666666667,3.9916666666666667,1.3,100.0
2025-08-29,12.183333333333332,84.0,5.5375000000000005,1.0,92.125
2025-08-30,12.612499999999999,82.66666666666667,3.529166666666667,1.6,99.16666666666667
2025-08-31,12.783333333333333,79.08333333333333,3.879166666666667,0.0,26.25
