ds,temperatura,humedad,velocidad_viento,precipitacion,nubosidad
2020-01-01,14.104166666666666,83.5,16.7375,0.8,43.875
2020-01-02,16.175,80.79166666666667,10.966666666666667,0.0,0.7083333333333334
2020-01-03,16.599999999999998,89.0,10.391666666666667,2.8000000000000003,75.66666666666667
2020-01-04,14.720833333333333,66.625,20.2,0.2,55.541666666666664
2020-01-05,13.545833333333334,82.25,13.4625,10.1,78.25
2020-01-06,13.612499999999999,78.20833333333333,10.616666666666667,2.2,78.58333333333333
2020-01-07,14.841666666666667,80.95833333333333,25.379166666666666,12.7,87.0
2020-01-08,11.754166666666668,81.25,19.945833333333333,9.8,73.45833333333333
2020-01-09,11.683333333333332,90.66666666666667,13.950000000000001,20.7,92.75
2020-01-10,13.529166666666667,82.04166666666667,6.920833333333333,0.4,72.95833333333333
2020-01-11,14.1625,82.04166666666667,12.625,0.0,19.041666666666668
2020-01-12,14.075000000000001,90.375,19.229166666666668,0.0,62.541666666666664
2020-01-13,14.741666666666667,87.0,8.516666666666667,0.1,82.54166666666667
2020-01-14,13.716666666666667,80.45833333333333,17.154166666666665,12.0,58.041666666666664
2020-01-15,11.9125,69.04166666666667,18.516666666666666,0.5,45.958333333333336
2020-01-16,12.6875,67.41666666666667,27.308333333333334,0.0,36.208333333333336
2020-01-17,14.362499999999999,84.54166666666667,28.041666666666668,0.0,19.708333333333332
2020-01-18,13.933333333333332,86.375,24.366666666666664,0.1,58.458333333333336
2020-01-19,13.308333333333332,81.0,26.854166666666668,0.0,48.416666666666664
2020-01-20,14.504166666666668,83.20833333333333,25.616666666666664,0.0,47.666666666666664
2020-01-21,15.15,87.04166666666667,26.258333333333336,0.0,41.291666666666664
2020-01-22,14.454166666666666,90.75,20.733333333333334,0.0,68.08333333333333
2020-01-23,15.533333333333333,85.875,13.083333333333334,0.4,67.29166666666667
2020-01-24,14.9625,80.33333333333333,7.291666666666667,0.0,46.333333333333336
2020-01-25,16.974999999999998,87.95833333333333,6.458333333333333,8.7,99.25
2020-01-26,15.370833333333332,81.29166666666667,12.504166666666668,1.6,58.125
2020-01-27,16.083333333333332,80.375,6.445833333333333,2.8,57.041666666666664
2020-01-28,14.891666666666666,77.41666666666667,14.174999999999999,11.7,74.83333333333333
2020-01-29,13.516666666666666,65.75,20.395833333333332,1.2,51.041666666666664
2020-01-30,15.299999999999999,76.375,6.908333333333334,1.1,59.875
2020-01-31,17.995833333333334,86.66666666666667,6.258333333333333,7.0,75.25
2020-02-01,17.270833333333332,82.54166666666667,19.2375,10.700000000000001,65.41666666666667
2020-02-02,15.083333333333334,72.875,13.891666666666666,0.0,55.958333333333336
2020-02-03,15.108333333333334,79.75,22.620833333333334,22.900000000000002,65.25
2020-02-04,13.091666666666667,81.875,13.354166666666666,9.9,54.5
2020-02-05,11.554166666666667,78.79166666666667,10.049999999999999,0.9,53.125
2020-02-06,13.370833333333332,74.08333333333333,7.783333333333334,0.0,40.541666666666664
2020-02-07,13.450000000000001,79.875,12.858333333333334,0.0,6.166666666666667
2020-02-08,14.9,79.375,18.98333333333333,0.0,1.7083333333333333
2020-02-09,14.970833333333333,82.95833333333333,13.204166666666666,0.0,34.416666666666664
2020-02-10,14.745833333333332,92.25,13.4375,0.0,51.583333333333336
2020-02-11,15.820833333333333,85.58333333333333,5.3875,0.0,46.291666666666664
2020-02-12,15.470833333333333,79.0,12.429166666666667,9.4,50.416666666666664
2020-02-13,13.745833333333332,78.54166666666667,5.995833333333334,1.0,39.125
2020-02-14,15.091666666666667,80.54166666666667,16.233333333333334,3.5,77.125
2020-02-15,15.3125,89.16666666666667,13.154166666666667,8.5,78.16666666666667
2020-02-16,14.070833333333333,85.0,6.0125,4.5,71.25
2020-02-17,13.620833333333332,80.20833333333333,6.175,1.3,51.875
2020-02-18,14.316666666666668,81.04166666666667,9.5875,1.9,69.25
2020-02-19,13.529166666666667,68.0,24.479166666666668,0.6000000000000001,56.083333333333336
2020-02-20,13.7125,74.66666666666667,23.4375,0.0,6.416666666666667
2020-02-21,18.675,56.75,10.220833333333333,0.0,0.16666666666666666
2020-02-22,18.604166666666668,61.75,5.858333333333333,0.0,0.0
2020-02-23,14.020833333333334,86.5,12.291666666666666,7.199999999999999,73.95833333333333
2020-02-24,12.737499999999999,89.0,8.633333333333333,5.5,86.83333333333333
2020-02-25,13.491666666666667,79.79166666666667,15.683333333333332,1.0,61.916666666666664
2020-02-26,14.375,84.625,23.412499999999998,0.6000000000000001,69.41666666666667
2020-02-27,15.079166666666666,88.58333333333333,20.958333333333332,0.1,81.58333333333333
2020-02-28,15.137500000000001,85.41666666666667,16.891666666666666,0.6000000000000001,55.041666666666664
2020-02-29,14.112499999999999,90.5,20.895833333333332,0.0,42.458333333333336
2020-03-01,14.458333333333334,91.125,14.799999999999999,0.0,68.875
2020-03-02,13.795833333333334,89.08333333333333,15.420833333333334,0.0,70.5
2020-03-03,13.970833333333333,89.79166666666667,7.4875,0.0,61.541666666666664
2020-03-04,14.299999999999999,89.83333333333333,7.0375000000000005,0.0,62.75
2020-03-05,15.1875,93.29166666666667,11.708333333333334,0.0,91.0
2020-03-06,16.3125,86.95833333333333,12.5375,7.8,98.41666666666667
2020-03-07,13.904166666666667,80.70833333333333,7.441666666666666,0.30000000000000004,69.66666666666667
2020-03-08,14.295833333333334,75.875,13.054166666666667,0.0,63.0
2020-03-09,13.708333333333334,83.5,12.35,0.0,43.416666666666664
2020-03-10,16.204166666666666,80.29166666666667,5.05,2.1,80.375
2020-03-11,16.116666666666667,87.33333333333333,8.441666666666666,6.800000000000001,65.875
2020-03-12,16.6125,86.91666666666667,18.841666666666665,14.5,81.08333333333333
2020-03-13,13.966666666666667,82.79166666666667,12.379166666666668,15.6,50.791666666666664
2020-03-14,12.629166666666668,81.66666666666667,9.041666666666666,0.0,13.041666666666666
2020-03-15,13.6,80.125,18.516666666666666,0.0,1.0833333333333333
2020-03-16,15.2125,86.20833333333333,6.925,1.9,77.5
2020-03-17,14.3125,92.45833333333333,12.65,6.6000000000000005,65.25
2020-03-18,12.783333333333333,81.875,17.0125,0.0,45.0
2020-03-19,14.204166666666666,78.20833333333333,12.291666666666666,0.0,47.0
2020-03-20,15.016666666666666,92.20833333333333,9.645833333333334,0.4,82.0
2020-03-21,16.070833333333333,76.5,23.5625,0.5,75.875
2020-03-22,17.083333333333332,59.791666666666664,32.6125,0.0,78.79166666666667
2020-03-23,15.4375,79.625,35.770833333333336,36.4,96.29166666666667
2020-03-24,15.883333333333333,92.29166666666667,11.641666666666666,5.8,46.666666666666664
2020-03-25,13.85,91.375,10.5,0.0,42.208333333333336
2020-03-26,13.533333333333333,91.875,9.570833333333333,0.0,54.791666666666664
2020-03-27,14.35,87.45833333333333,10.329166666666667,3.7,86.58333333333333
2020-03-28,12.933333333333332,88.875,4.216666666666667,1.4000000000000001,71.33333333333333
2020-03-29,11.829166666666666,84.41666666666667,8.233333333333333,0.4,16.75
2020-03-30,12.579166666666666,76.375,18.604166666666668,0.0,3.0833333333333335
2020-03-31,12.708333333333334,82.625,16.045833333333334,0.0,77.625
2020-04-01,12.4375,81.79166666666667,7.6625000000000005,0.0,3.7083333333333335
2020-04-02,12.858333333333334,88.0,17.704166666666666,0.0,8.0
2020-04-03,13.0875,85.04166666666667,17.116666666666667,6.8,80.79166666666667
2020-04-04,11.983333333333334,73.08333333333333,10.612499999999999,0.5,57.833333333333336
2020-04-05,10.883333333333333,87.875,11.195833333333333,7.8,61.041666666666664
2020-04-06,9.479166666666666,80.04166666666667,11.666666666666666,0.2,16.208333333333332
2020-04-07,11.354166666666666,81.25,20.858333333333334,0.0,28.583333333333332
2020-04-08,12.691666666666668,86.625,6.616666666666667,0.0,43.291666666666664
2020-04-09,12.566666666666668,92.58333333333333,4.058333333333334,0.4,86.45833333333333
2020-04-10,12.920833333333334,94.0,12.729166666666666,9.2,92.0
2020-04-11,10.9125,84.45833333333333,10.5,2.4,35.541666666666664
2020-04-12,10.950000000000001,73.41666666666667,11.283333333333333,0.0,18.458333333333332
2020-04-13,11.183333333333332,85.125,4.8500000000000005,0.2,74.58333333333333
2020-04-14,11.637500000000001,85.125,8.304166666666667,2.5,81.41666666666667
2020-04-15,13.9625,80.91666666666667,34.62916666666667,16.8,96.75
2020-04-16,15.612499999999999,85.91666666666667,38.07083333333333,26.7,95.95833333333333
2020-04-17,15.641666666666666,90.08333333333333,32.229166666666664,26.3,98.91666666666667
2020-04-18,15.029166666666667,89.54166666666667,16.691666666666666,3.7,82.54166666666667
2020-04-19,12.512500000000001,85.83333333333333,11.995833333333332,3.4000000000000004,71.45833333333333
2020-04-20,10.5875,86.16666666666667,8.529166666666667,0.8,43.958333333333336
2020-04-21,9.65,80.0,14.9125,0.0,20.083333333333332
2020-04-22,10.095833333333333,93.33333333333333,4.891666666666667,0.0,72.875
2020-04-23,13.133333333333333,83.58333333333333,22.224999999999998,4.5,68.625
2020-04-24,13.799999999999999,80.75,27.629166666666666,3.6999999999999997,80.625
2020-04-25,14.958333333333334,79.33333333333333,24.191666666666666,4.2,88.79166666666667
2020-04-26,13.7125,79.54166666666667,12.995833333333332,0.1,66.66666666666667
2020-04-27,14.066666666666668,80.66666666666667,26.0625,2.4,77.45833333333333
2020-04-28,12.895833333333334,89.375,16.825,1.7000000000000002,56.791666666666664
2020-04-29,12.133333333333333,88.04166666666667,10.9,1.1,77.79166666666667
2020-04-30,12.220833333333333,91.125,10.666666666666666,3.9,80.45833333333333
2020-05-01,12.549999999999999,85.91666666666667,9.745833333333334,0.0,98.375
2020-05-02,13.237499999999999,88.125,21.349999999999998,23.900000000000002,75.20833333333333
2020-05-03,11.841666666666667,91.58333333333333,20.8875,13.0,75.58333333333333
2020-05-04,11.325000000000001,87.375,13.945833333333333,35.199999999999996,60.416666666666664
2020-05-05,8.620833333333334,86.33333333333333,6.908333333333334,0.0,28.541666666666668
2020-05-06,9.145833333333334,87.66666666666667,6.625,0.0,18.208333333333332
2020-05-07,11.145833333333334,91.625,5.175,0.0,93.58333333333333
2020-05-08,13.166666666666666,93.91666666666667,24.395833333333332,26.9,98.625
2020-05-09,11.670833333333334,90.375,25.84583333333333,17.4,80.75
2020-05-10,10.629166666666666,87.79166666666667,17.395833333333332,12.0,60.0
2020-05-11,9.65,93.5,6.0625,3.4,79.83333333333333
2020-05-12,9.570833333333333,94.375,10.070833333333333,7.3,76.83333333333333
2020-05-13,10.504166666666666,86.70833333333333,11.5,0.4,91.66666666666667
2020-05-14,12.570833333333333,91.08333333333333,25.974999999999998,8.5,99.95833333333333
2020-05-15,14.354166666666666,95.45833333333333,24.875,19.9,100.0
2020-05-16,13.958333333333334,93.16666666666667,15.316666666666668,18.0,92.125
2020-05-17,12.0875,87.41666666666667,15.104166666666666,0.0,90.125
2020-05-18,12.745833333333332,90.79166666666667,20.645833333333332,18.6,99.70833333333333
2020-05-19,9.216666666666667,92.75,8.754166666666666,5.4,55.458333333333336
2020-05-20,9.208333333333334,88.79166666666667,11.424999999999999,1.6,51.708333333333336
2020-05-21,7.529166666666666,86.70833333333333,6.5,0.0,13.791666666666666
2020-05-22,8.237499999999999,83.41666666666667,8.083333333333334,0.0,61.25
2020-05-23,10.4625,83.58333333333333,24.712500000000002,11.5,98.04166666666667
2020-05-24,12.608333333333334,93.41666666666667,18.129166666666666,21.5,74.04166666666667
2020-05-25,9.654166666666667,85.95833333333333,6.620833333333334,0.0,24.708333333333332
2020-05-26,11.054166666666667,95.25,11.783333333333333,5.9,71.0
2020-05-27,8.862499999999999,90.83333333333333,4.104166666666667,0.2,53.5
2020-05-28,6.887499999999999,93.125,7.925,3.8,82.125
2020-05-29,5.925,82.875,7.908333333333334,0.0,21.416666666666668
2020-05-30,4.916666666666667,86.79166666666667,8.716666666666667,0.0,40.0
2020-05-31,7.1499999999999995,81.95833333333333,14.404166666666667,0.0,41.166666666666664
2020-06-01,7.716666666666666,91.91666666666667,18.645833333333332,4.7,99.45833333333333
2020-06-02,9.112499999999999,92.04166666666667,14.741666666666667,17.0,60.083333333333336
2020-06-03,6.9624999999999995,86.875,6.841666666666666,0.0,17.5
2020-06-04,7.9375,86.79166666666667,16.900000000000002,0.30000000000000004,85.66666666666667
2020-06-05,10.895833333333334,72.33333333333333,37.2125,0.6,98.66666666666667
2020-06-06,10.15,76.04166666666667,30.8125,15.9,80.75
2020-06-07,9.141666666666667,81.5,30.59166666666667,3.2,57.625
2020-06-08,8.575,85.58333333333333,18.791666666666668,25.2,72.125
2020-06-09,8.966666666666667,85.41666666666667,29.84166666666667,25.2,96.95833333333333
2020-06-10,10.383333333333333,94.45833333333333,21.291666666666668,9.9,99.45833333333333
2020-06-11,10.429166666666667,87.79166666666667,27.133333333333336,31.4,79.33333333333333
2020-06-12,6.875,81.20833333333333,12.525,1.2,48.916666666666664
2020-06-13,7.966666666666666,80.375,19.729166666666668,0.0,96.95833333333333
2020-06-14,9.470833333333333,69.58333333333333,13.491666666666667,0.0,88.75
2020-06-15,10.008333333333333,75.29166666666667,24.03333333333333,1.0,98.08333333333333
2020-06-16,11.341666666666667,80.33333333333333,25.829166666666666,4.7,79.41666666666667
2020-06-17,10.383333333333333,87.875,23.162499999999998,6.0,88.79166666666667
2020-06-18,10.066666666666666,89.83333333333333,31.266666666666666,37.8,79.70833333333333
2020-06-19,8.645833333333334,89.45833333333333,18.025000000000002,9.2,63.041666666666664
2020-06-20,8.208333333333334,91.33333333333333,24.895833333333332,29.7,89.83333333333333
2020-06-21,8.270833333333334,84.91666666666667,23.96666666666667,1.7,74.58333333333333
2020-06-22,7.995833333333334,88.375,22.129166666666666,15.9,70.0
2020-06-23,6.854166666666667,88.45833333333333,23.179166666666664,5.9,82.5
2020-06-24,6.5625,84.95833333333333,11.012500000000001,1.9000000000000001,43.5
2020-06-25,6.3999999999999995,90.75,13.4,2.8000000000000003,82.29166666666667
2020-06-26,5.925,87.41666666666667,12.25,13.8,99.875
2020-06-27,8.066666666666666,75.5,16.3125,3.2,90.79166666666667
2020-06-28,8.075000000000001,64.20833333333333,22.037499999999998,4.9,75.625
2020-06-29,7.6000000000000005,69.41666666666667,12.4375,1.7999999999999998,87.91666666666667
2020-06-30,8.854166666666666,74.375,16.716666666666665,7.9,85.375
2020-07-01,9.408333333333333,89.0,26.133333333333336,15.200000000000001,72.41666666666667
2020-07-02,8.625,94.20833333333333,16.433333333333334,9.1,90.125
2020-07-03,7.741666666666667,93.0,17.033333333333335,17.7,88.45833333333333
2020-07-04,6.941666666666666,90.16666666666667,19.7,5.6000000000000005,80.70833333333333
2020-07-05,6.216666666666666,87.54166666666667,13.370833333333332,0.6,42.541666666666664
2020-07-06,5.166666666666667,85.70833333333333,5.808333333333334,0.0,28.916666666666668
2020-07-07,5.8,72.54166666666667,25.8125,11.4,98.41666666666667
2020-07-08,6.454166666666667,90.33333333333333,14.745833333333332,8.9,91.25
2020-07-09,8.316666666666666,93.33333333333333,25.28333333333333,39.3,99.79166666666667
2020-07-10,6.045833333333333,88.79166666666667,15.049999999999999,10.0,69.20833333333333
2020-07-11,6.420833333333333,86.875,17.854166666666668,6.2,78.70833333333333
2020-07-12,5.375,90.41666666666667,7.8374999999999995,4.8,80.29166666666667
2020-07-13,3.7541666666666664,89.91666666666667,5.620833333333334,0.1,59.166666666666664
2020-07-14,6.0249999999999995,84.25,12.479166666666666,8.7,98.91666666666667
2020-07-15,8.991666666666667,93.875,10.020833333333334,15.8,97.83333333333333
2020-07-16,10.770833333333334,88.70833333333333,22.474999999999998,13.399999999999999,93.875
2020-07-17,9.700000000000001,87.625,28.233333333333334,25.5,93.75
2020-07-18,10.366666666666667,89.79166666666667,33.699999999999996,18.3,89.25
2020-07-19,9.775,86.04166666666667,24.108333333333334,7.800000000000001,79.5
2020-07-20,9.641666666666667,81.5,7.804166666666666,1.4,78.45833333333333
2020-07-21,8.291666666666666,86.125,5.3374999999999995,0.6000000000000001,96.95833333333333
2020-07-22,8.174999999999999,78.875,6.3625,0.1,90.375
2020-07-23,5.566666666666666,68.79166666666667,6.029166666666666,0.0,28.5
2020-07-24,5.2375,86.75,15.2875,1.1,86.95833333333333
2020-07-25,8.820833333333333,93.91666666666667,21.929166666666664,30.900000000000002,99.625
2020-07-26,7.241666666666667,90.54166666666667,11.25,10.5,71.66666666666667
2020-07-27,5.783333333333334,88.20833333333333,6.420833333333333,2.0,68.875
2020-07-28,5.216666666666667,91.16666666666667,6.608333333333333,0.30000000000000004,47.125
2020-07-29,4.720833333333333,91.04166666666667,5.195833333333334,0.0,61.833333333333336
2020-07-30,7.720833333333334,85.0,24.2,6.9,84.0
2020-07-31,10.683333333333332,68.79166666666667,32.9,0.0,94.75
2020-08-01,10.0875,78.0,26.575,22.5,77.95833333333333
2020-08-02,10.283333333333333,83.75,19.25,0.1,50.791666666666664
2020-08-03,9.966666666666667,89.08333333333333,22.866666666666664,15.0,78.83333333333333
2020-08-04,7.358333333333333,90.95833333333333,6.945833333333333,0.0,17.625
2020-08-05,7.520833333333333,88.08333333333333,18.14166666666667,8.3,64.79166666666667
2020-08-06,7.141666666666667,83.95833333333333,17.141666666666666,0.5,66.125
2020-08-07,8.875,77.16666666666667,12.450000000000001,0.0,95.91666666666667
2020-08-08,9.308333333333334,90.5,23.516666666666666,14.8,99.83333333333333
2020-08-09,7.966666666666666,93.04166666666667,14.558333333333332,53.6,96.45833333333333
2020-08-10,5.7124999999999995,82.45833333333333,12.541666666666666,3.7,59.208333333333336
2020-08-11,6.529166666666666,91.83333333333333,11.020833333333334,4.5,87.66666666666667
2020-08-12,7.345833333333334,94.5,12.1625,10.8,91.125
2020-08-13,7.9750000000000005,94.5,14.708333333333334,21.1,98.91666666666667
2020-08-14,5.8,85.91666666666667,17.075,6.7,52.166666666666664
2020-08-15,5.558333333333334,81.5,12.6,1.8,59.125
2020-08-16,7.516666666666667,88.91666666666667,11.5375,6.6000000000000005,82.625
2020-08-17,7.070833333333333,91.66666666666667,13.65,3.3,88.83333333333333
2020-08-18,6.0249999999999995,84.5,12.5875,2.6,57.583333333333336
2020-08-19,4.8,75.91666666666667,12.575000000000001,0.1,21.083333333333332
2020-08-20,6.920833333333333,82.33333333333333,17.020833333333332,0.0,35.833333333333336
2020-08-21,7.108333333333333,90.41666666666667,16.483333333333334,0.0,63.916666666666664
2020-08-22,6.8125,93.66666666666667,6.283333333333332,0.0,74.0
2020-08-23,7.8374999999999995,91.79166666666667,15.954166666666666,3.2,96.0
2020-08-24,7.708333333333333,94.70833333333333,15.433333333333332,16.6,99.54166666666667
2020-08-25,10.004166666666666,80.54166666666667,10.283333333333333,3.1,63.666666666666664
2020-08-26,9.470833333333333,80.08333333333333,22.8,6.6,62.166666666666664
2020-08-27,8.4375,89.29166666666667,16.279166666666665,14.1,96.20833333333333
2020-08-28,6.283333333333334,81.83333333333333,9.929166666666665,10.6,71.91666666666667
2020-08-29,5.2625,84.125,5.870833333333334,0.9,50.75
2020-08-30,6.0125,89.58333333333333,8.479166666666666,0.5,58.416666666666664
2020-08-31,7.770833333333333,85.45833333333333,15.691666666666668,0.0,1.1666666666666667
2020-09-01,9.079166666666667,89.79166666666667,5.608333333333333,0.0,36.208333333333336
2020-09-02,8.141666666666667,91.45833333333333,8.920833333333333,2.7,86.54166666666667
2020-09-03,7.591666666666666,90.08333333333333,9.304166666666667,8.3,73.625
2020-09-04,7.245833333333334,85.66666666666667,11.362499999999999,0.0,85.0
2020-09-05,7.45,89.91666666666667,6.004166666666666,0.0,69.91666666666667
2020-09-06,8.416666666666666,85.0,6.654166666666666,0.0,8.375
2020-09-07,8.591666666666667,81.25,19.537499999999998,0.0,80.41666666666667
2020-09-08,9.633333333333333,79.75,20.970833333333335,13.3,78.25
2020-09-09,8.920833333333333,79.16666666666667,23.65416666666667,1.4000000000000001,64.375
2020-09-10,9.333333333333334,80.875,27.279166666666665,26.200000000000003,70.79166666666667
2020-09-11,8.270833333333334,83.375,20.079166666666666,4.9,91.20833333333333
2020-09-12,8.387500000000001,84.45833333333333,19.541666666666668,10.4,68.125
2020-09-13,7.841666666666666,82.25,7.641666666666667,1.8,46.458333333333336
2020-09-14,8.049999999999999,82.625,4.0125,0.0,51.333333333333336
2020-09-15,8.725,85.25,10.379166666666666,2.9,88.45833333333333
2020-09-16,7.516666666666667,81.41666666666667,20.829166666666666,4.4,78.91666666666667
2020-09-17,9.275,87.08333333333333,16.9375,7.9,96.95833333333333
2020-09-18,8.466666666666667,75.95833333333333,16.058333333333334,1.5,58.208333333333336
2020-09-19,7.941666666666666,69.45833333333333,19.366666666666667,0.0,33.958333333333336
2020-09-20,7.925,79.79166666666667,13.316666666666668,0.0,39.208333333333336
2020-09-21,8.420833333333333,84.75,6.379166666666666,0.7,94.33333333333333
2020-09-22,8.845833333333333,87.04166666666667,5.4125000000000005,1.5,70.375
2020-09-23,8.641666666666667,82.33333333333333,10.9625,0.0,35.416666666666664
2020-09-24,8.9625,82.54166666666667,17.491666666666667,0.0,16.5
2020-09-25,9.245833333333334,87.375,16.974999999999998,0.0,46.75
2020-09-26,9.066666666666666,90.33333333333333,8.0,1.1,96.75
2020-09-27,9.383333333333333,85.79166666666667,5.554166666666667,1.8,82.75
2020-09-28,9.570833333333333,83.66666666666667,8.429166666666667,2.3,93.25
2020-09-29,9.045833333333333,89.54166666666667,27.5625,23.4,93.5
2020-09-30,6.933333333333334,81.58333333333333,13.737499999999999,6.3,64.33333333333333
2020-10-01,6.770833333333333,85.58333333333333,12.237499999999999,5.5,82.0
2020-10-02,7.579166666666667,61.666666666666664,11.720833333333333,0.1,46.041666666666664
2020-10-03,8.825000000000001,58.291666666666664,8.833333333333334,0.0,21.583333333333332
2020-10-04,8.395833333333334,69.95833333333333,8.170833333333333,0.4,54.375
2020-10-05,8.066666666666666,74.54166666666667,9.445833333333333,1.3,85.41666666666667
2020-10-06,8.804166666666667,81.54166666666667,15.658333333333333,4.1,71.5
2020-10-07,8.5875,84.375,12.299999999999999,1.7000000000000002,93.16666666666667
2020-10-08,10.65,88.91666666666667,15.025,5.0,96.70833333333333
2020-10-09,11.954166666666666,86.29166666666667,8.054166666666667,4.2,91.45833333333333
2020-10-10,9.995833333333334,87.0,9.966666666666667,6.2,58.208333333333336
2020-10-11,9.320833333333333,83.29166666666667,10.333333333333334,0.0,25.625
2020-10-12,9.141666666666667,84.83333333333333,7.808333333333334,0.0,72.875
2020-10-13,10.1875,89.29166666666667,9.166666666666666,1.1,81.70833333333333
2020-10-14,10.237499999999999,74.08333333333333,16.7,0.0,34.041666666666664
2020-10-15,10.0,82.70833333333333,14.716666666666667,0.0,36.833333333333336
2020-10-16,10.924999999999999,91.04166666666667,9.758333333333333,0.0,67.04166666666667
2020-10-17,10.820833333333333,85.45833333333333,18.724999999999998,5.0,70.29166666666667
2020-10-18,10.429166666666667,82.95833333333333,22.641666666666666,6.9,60.458333333333336
2020-10-19,8.725,80.83333333333333,9.604166666666666,1.8,46.791666666666664
2020-10-20,9.362499999999999,67.08333333333333,16.724999999999998,0.0,33.166666666666664
2020-10-21,8.966666666666667,77.25,16.179166666666667,0.0,45.708333333333336
2020-10-22,8.799999999999999,82.29166666666667,8.516666666666667,0.0,16.791666666666668
2020-10-23,10.7125,81.54166666666667,11.841666666666667,7.6,88.20833333333333
2020-10-24,11.258333333333333,83.79166666666667,17.220833333333335,7.1,73.33333333333333
2020-10-25,9.858333333333333,74.83333333333333,12.391666666666666,1.6,72.625
2020-10-26,9.304166666666667,85.5,24.2625,21.0,95.66666666666667
2020-10-27,8.529166666666667,87.54166666666667,18.220833333333335,10.0,80.75
2020-10-28,9.174999999999999,79.125,13.408333333333333,2.3,69.79166666666667
2020-10-29,9.858333333333333,73.20833333333333,24.229166666666668,0.0,16.166666666666668
2020-10-30,10.233333333333333,87.54166666666667,18.629166666666666,0.0,42.75
2020-10-31,10.654166666666667,92.08333333333333,13.691666666666668,0.0,54.791666666666664
2020-11-01,10.987499999999999,94.875,8.262500000000001,0.0,78.375
2020-11-02,10.670833333333334,91.33333333333333,6.933333333333334,0.2,96.29166666666667
2020-11-03,12.458333333333334,83.375,8.15,2.0,65.66666666666667
2020-11-04,11.6875,80.25,21.754166666666666,11.7,59.958333333333336
2020-11-05,10.804166666666667,88.08333333333333,10.9,5.3,77.79166666666667
2020-11-06,10.833333333333334,82.45833333333333,19.25,0.0,31.541666666666668
2020-11-07,11.208333333333334,78.91666666666667,24.541666666666668,0.0,77.08333333333333
2020-11-08,12.020833333333334,85.5,22.545833333333334,0.0,63.666666666666664
2020-11-09,12.112499999999999,87.70833333333333,19.920833333333334,0.8,58.625
2020-11-10,11.479166666666666,88.375,18.9875,0.2,62.0
2020-11-11,12.345833333333333,87.20833333333333,8.9375,0.5,79.375
2020-11-12,13.316666666666668,82.625,6.583333333333333,0.6,94.79166666666667
2020-11-13,12.166666666666666,84.375,13.487499999999999,13.1,76.04166666666667
2020-11-14,10.770833333333334,82.875,8.354166666666666,2.2,53.541666666666664
2020-11-15,10.995833333333332,70.58333333333333,18.908333333333335,0.0,51.958333333333336
2020-11-16,12.112499999999999,79.0,19.116666666666667,0.5,52.833333333333336
2020-11-17,12.15,86.91666666666667,18.266666666666666,0.2,60.625
2020-11-18,13.404166666666667,87.04166666666667,7.075,0.0,10.375
2020-11-19,13.729166666666666,89.08333333333333,6.8999999999999995,0.0,49.5
2020-11-20,14.183333333333332,82.75,12.383333333333333,3.7,90.875
2020-11-21,13.733333333333334,76.16666666666667,23.09583333333333,2.1,85.70833333333333
2020-11-22,12.704166666666666,84.75,11.604166666666666,5.2,90.91666666666667
2020-11-23,12.7875,74.16666666666667,20.212500000000002,4.7,74.16666666666667
2020-11-24,12.5375,82.16666666666667,7.741666666666667,3.8000000000000003,90.375
2020-11-25,11.633333333333333,72.66666666666667,24.741666666666664,10.5,53.333333333333336
2020-11-26,11.1875,74.58333333333333,7.595833333333334,0.2,65.79166666666667
2020-11-27,12.258333333333333,83.58333333333333,18.879166666666666,6.0,89.33333333333333
2020-11-28,11.583333333333334,88.29166666666667,13.525,18.6,92.375
2020-11-29,10.595833333333333,74.16666666666667,13.633333333333333,1.5,48.75
2020-11-30,11.583333333333334,70.33333333333333,19.054166666666667,0.0,37.958333333333336
2020-12-01,11.254166666666668,80.79166666666667,8.966666666666667,2.5,93.75
2020-12-02,11.391666666666666,76.91666666666667,11.183333333333332,1.0,92.75
2020-12-03,11.095833333333333,71.5,21.0,0.7000000000000001,37.375
2020-12-04,12.004166666666668,75.79166666666667,24.754166666666666,0.0,23.666666666666668
2020-12-05,12.595833333333333,83.83333333333333,18.287499999999998,0.0,80.0
2020-12-06,12.620833333333332,88.08333333333333,11.641666666666666,0.0,69.66666666666667
2020-12-07,14.070833333333333,86.08333333333333,8.120833333333334,0.30000000000000004,81.70833333333333
2020-12-08,14.5375,76.41666666666667,19.2875,8.6,48.5
2020-12-09,12.970833333333333,77.41666666666667,7.291666666666667,0.0,19.916666666666668
2020-12-10,12.241666666666667,83.45833333333333,15.625,16.5,61.375
2020-12-11,11.179166666666667,92.79166666666667,18.479166666666668,22.5,92.75
2020-12-12,11.420833333333334,89.33333333333333,8.654166666666667,17.4,80.91666666666667
2020-12-13,11.775,76.125,13.320833333333333,2.1,76.45833333333333
2020-12-14,12.383333333333333,78.5,18.591666666666665,19.7,89.41666666666667
2020-12-15,11.125,62.208333333333336,19.150000000000002,0.0,64.08333333333333
2020-12-16,11.700000000000001,70.0,20.741666666666667,0.0,85.625
2020-12-17,12.862499999999999,80.83333333333333,21.212500000000002,0.0,50.333333333333336
2020-12-18,12.520833333333334,81.83333333333333,18.3125,1.7000000000000002,89.75
2020-12-19,11.916666666666666,86.83333333333333,9.9625,5.3,79.33333333333333
2020-12-20,12.5375,79.83333333333333,8.174999999999999,0.3,87.625
2020-12-21,13.608333333333334,78.5,14.433333333333332,0.0,39.208333333333336
2020-12-22,14.070833333333333,82.41666666666667,7.804166666666667,1.1,48.416666666666664
2020-12-23,14.4,79.58333333333333,7.5874999999999995,0.6000000000000001,67.83333333333333
2020-12-24,14.908333333333333,90.625,11.174999999999999,6.4,86.125
2020-12-25,16.933333333333334,87.95833333333333,12.683333333333332,0.4,91.08333333333333
2020-12-26,17.008333333333333,87.91666666666667,8.879166666666666,0.2,53.541666666666664
2020-12-27,16.004166666666666,90.29166666666667,9.554166666666667,0.2,83.45833333333333
2020-12-28,17.291666666666668,85.75,4.520833333333333,2.6,78.16666666666667
2020-12-29,14.6,82.70833333333333,20.991666666666667,11.899999999999999,73.04166666666667
2020-12-30,12.245833333333332,76.04166666666667,9.770833333333334,1.9000000000000001,77.91666666666667
2020-12-31,13.933333333333332,77.75,11.133333333333333,0.1,30.541666666666668
2021-01-01,14.633333333333333,76.08333333333333,18.291666666666668,0.0,23.791666666666668
2021-01-02,15.695833333333333,78.5,12.654166666666667,0.0,21.25
2021-01-03,14.700000000000001,76.25,20.820833333333333,1.5,66.625
2021-01-04,13.566666666666668,68.5,29.45,0.0,39.291666666666664
2021-01-05,14.0375,76.625,22.09583333333333,0.0,51.083333333333336
2021-01-06,14.887500000000001,76.04166666666667,12.966666666666667,1.4,62.833333333333336
2021-01-07,13.891666666666666,68.91666666666667,20.591666666666665,1.8,73.91666666666667
2021-01-08,13.616666666666667,64.66666666666667,15.220833333333333,0.0,52.416666666666664
2021-01-09,13.791666666666666,74.625,21.154166666666665,2.8000000000000003,68.41666666666667
2021-01-10,11.870833333333332,86.70833333333333,18.445833333333333,17.5,85.875
2021-01-11,10.633333333333333,73.41666666666667,7.791666666666667,2.9,40.541666666666664
2021-01-12,12.5,66.08333333333333,18.483333333333334,0.0,44.583333333333336
2021-01-13,13.170833333333334,77.04166666666667,14.141666666666666,0.0,64.75
2021-01-14,13.762500000000001,82.625,7.208333333333333,4.2,85.45833333333333
2021-01-15,13.6,86.16666666666667,10.025,16.4,58.083333333333336
2021-01-16,13.325000000000001,83.5,9.4125,0.2,36.916666666666664
2021-01-17,14.766666666666666,79.70833333333333,14.754166666666668,0.30000000000000004,58.708333333333336
2021-01-18,15.741666666666667,83.75,12.829166666666666,0.0,25.75
2021-01-19,16.395833333333332,87.75,15.841666666666667,0.0,43.791666666666664
2021-01-20,16.337500000000002,87.625,16.383333333333333,0.0,51.0
2021-01-21,17.337500000000002,87.75,11.754166666666668,0.0,48.291666666666664
2021-01-22,18.229166666666668,84.625,7.795833333333333,0.0,57.791666666666664
2021-01-23,16.733333333333334,85.91666666666667,15.5875,1.0,65.54166666666667
2021-01-24,14.658333333333333,70.33333333333333,16.325,0.0,23.458333333333332
2021-01-25,14.4125,73.375,11.841666666666667,2.2,35.625
2021-01-26,13.741666666666667,69.79166666666667,7.5874999999999995,1.0,49.208333333333336
2021-01-27,13.2125,88.5,11.391666666666666,10.3,68.875
2021-01-28,14.004166666666668,86.33333333333333,8.9125,5.7,75.54166666666667
2021-01-29,14.362499999999999,74.54166666666667,18.108333333333334,0.0,16.208333333333332
2021-01-30,14.174999999999999,73.66666666666667,14.991666666666667,0.0,17.208333333333332
2021-01-31,14.483333333333334,78.16666666666667,14.345833333333333,0.0,36.125
2021-02-01,14.950000000000001,80.75,18.516666666666666,0.0,34.083333333333336
2021-02-02,14.916666666666666,80.16666666666667,20.195833333333333,0.0,46.291666666666664
2021-02-03,14.795833333333334,88.20833333333333,15.65,0.0,71.79166666666667
2021-02-04,15.258333333333333,90.45833333333333,16.433333333333334,0.0,51.166666666666664
2021-02-05,15.8375,88.66666666666667,16.891666666666666,0.0,22.166666666666668
2021-02-06,16.025000000000002,85.70833333333333,14.3375,0.0,48.916666666666664
2021-02-07,16.745833333333334,76.45833333333333,8.704166666666667,0.0,4.041666666666667
2021-02-08,18.8125,74.41666666666667,6.145833333333333,0.0,16.666666666666668
2021-02-09,17.583333333333332,82.20833333333333,10.200000000000001,0.0,54.083333333333336
2021-02-10,19.0125,79.66666666666667,11.4,0.0,2.0416666666666665
2021-02-11,16.9875,81.29166666666667,12.429166666666667,0.2,65.625
2021-02-12,15.733333333333334,73.58333333333333,18.037499999999998,0.0,41.333333333333336
2021-02-13,14.674999999999999,68.20833333333333,16.941666666666666,0.0,47.625
2021-02-14,14.308333333333332,69.54166666666667,19.416666666666668,0.1,42.708333333333336
2021-02-15,13.85,74.58333333333333,15.066666666666668,0.0,23.125
2021-02-16,13.733333333333334,76.75,13.254166666666668,0.0,41.333333333333336
2021-02-17,15.445833333333333,68.33333333333333,10.058333333333334,0.0,69.29166666666667
2021-02-18,13.154166666666667,77.20833333333333,20.64166666666667,19.8,68.95833333333333
2021-02-19,11.795833333333334,69.83333333333333,17.841666666666665,2.3,41.291666666666664
2021-02-20,13.308333333333332,72.20833333333333,20.020833333333332,0.0,58.291666666666664
2021-02-21,12.891666666666666,79.04166666666667,12.987499999999999,1.3,81.0
2021-02-22,12.758333333333333,77.66666666666667,12.920833333333334,1.6,72.125
2021-02-23,13.829166666666666,77.16666666666667,25.666666666666668,0.1,64.41666666666667
2021-02-24,14.375,88.79166666666667,24.941666666666666,0.0,65.875
2021-02-25,14.316666666666668,90.125,15.008333333333333,0.0,67.25
2021-02-26,14.145833333333334,86.83333333333333,6.908333333333334,0.0,34.291666666666664
2021-02-27,13.65,87.625,9.387500000000001,0.0,81.20833333333333
2021-02-28,14.783333333333333,85.08333333333333,6.679166666666667,0.0,41.416666666666664
2021-03-01,16.466666666666665,91.75,10.895833333333334,0.0,81.70833333333333
2021-03-02,14.654166666666667,86.70833333333333,15.833333333333334,0.0,65.25
2021-03-03,15.487499999999999,81.58333333333333,10.233333333333333,0.2,25.083333333333332
2021-03-04,14.970833333333333,87.41666666666667,12.995833333333332,0.0,33.375
2021-03-05,15.520833333333334,82.875,10.641666666666667,0.0,45.291666666666664
2021-03-06,15.516666666666666,86.33333333333333,11.174999999999999,8.3,68.33333333333333
2021-03-07,16.220833333333335,84.75,8.008333333333333,8.7,65.75
2021-03-08,13.725,85.5,10.012500000000001,0.0,53.458333333333336
2021-03-09,17.170833333333334,74.125,19.1375,1.9,33.708333333333336
2021-03-10,14.954166666666666,82.0,20.425,14.2,87.0
2021-03-11,13.745833333333332,82.5,10.554166666666667,0.7000000000000001,83.29166666666667
2021-03-12,14.483333333333334,84.625,16.129166666666666,0.2,45.791666666666664
2021-03-13,12.841666666666667,85.875,21.120833333333334,0.0,87.25
2021-03-14,12.9375,93.125,8.466666666666667,0.0,67.70833333333333
2021-03-15,13.416666666666666,84.16666666666667,9.979166666666666,0.5,93.5
2021-03-16,12.854166666666666,77.45833333333333,22.8875,2.0,54.083333333333336
2021-03-17,15.283333333333333,74.29166666666667,11.674999999999999,0.0,27.541666666666668
2021-03-18,14.945833333333333,64.66666666666667,7.704166666666667,0.0,0.5
2021-03-19,12.066666666666668,84.33333333333333,6.829166666666667,0.6000000000000001,80.33333333333333
2021-03-20,13.8375,81.29166666666667,7.104166666666667,1.9,61.416666666666664
2021-03-21,13.979166666666666,85.58333333333333,13.304166666666667,0.0,0.8333333333333334
2021-03-22,13.133333333333333,86.70833333333333,8.654166666666667,0.0,36.666666666666664
2021-03-23,12.904166666666667,86.91666666666667,8.237499999999999,7.1,80.95833333333333
2021-03-24,12.112499999999999,64.29166666666667,22.15416666666667,0.0,36.541666666666664
2021-03-25,11.970833333333333,80.45833333333333,17.529166666666665,0.0,49.75
2021-03-26,11.845833333333333,79.41666666666667,14.775,0.0,43.916666666666664
2021-03-27,12.604166666666666,87.125,13.216666666666667,0.0,44.291666666666664
2021-03-28,13.4,89.875,22.879166666666666,0.0,75.75
2021-03-29,12.845833333333333,95.125,17.287499999999998,0.0,95.29166666666667
2021-03-30,13.908333333333333,90.41666666666667,15.954166666666666,0.7000000000000001,68.58333333333333
2021-03-31,13.15,94.70833333333333,12.691666666666668,2.1,92.83333333333333
2021-04-01,13.820833333333333,89.29166666666667,5.654166666666666,7.3999999999999995,99.95833333333333
2021-04-02,12.779166666666667,90.5,8.733333333333333,0.0,75.20833333333333
2021-04-03,11.708333333333334,87.75,8.533333333333333,0.0,65.08333333333333
2021-04-04,13.208333333333334,83.5,7.579166666666667,0.0,94.83333333333333
2021-04-05,15.683333333333332,72.91666666666667,25.2,0.5,99.41666666666667
2021-04-06,14.795833333333334,86.08333333333333,24.266666666666666,8.9,71.29166666666667
2021-04-07,14.033333333333333,87.25,22.22083333333333,5.2,60.25
2021-04-08,12.9625,88.95833333333333,22.1875,22.900000000000002,79.70833333333333
2021-04-09,11.316666666666668,89.58333333333333,10.204166666666667,0.7,56.958333333333336
2021-04-10,11.775,77.45833333333333,10.5,0.0,47.041666666666664
2021-04-11,13.762500000000001,84.91666666666667,26.7375,6.5,90.95833333333333
2021-04-12,15.945833333333333,86.20833333333333,16.883333333333333,1.9000000000000001,89.5
2021-04-13,14.604166666666666,97.33333333333333,6.2875000000000005,0.1,82.41666666666667
2021-04-14,14.429166666666667,90.79166666666667,11.833333333333334,8.9,85.66666666666667
2021-04-15,10.895833333333334,88.54166666666667,7.633333333333333,0.0,26.5
2021-04-16,10.549999999999999,87.5,5.2749999999999995,0.0,44.041666666666664
2021-04-17,13.0375,87.41666666666667,7.816666666666666,0.0,97.91666666666667
2021-04-18,15.258333333333333,76.08333333333333,29.495833333333334,4.7,88.58333333333333
2021-04-19,13.858333333333334,90.45833333333333,22.599999999999998,25.1,96.41666666666667
2021-04-20,10.525,94.0,7.791666666666667,25.6,100.0
2021-04-21,10.304166666666667,89.75,4.345833333333333,0.4,83.79166666666667
2021-04-22,10.391666666666667,86.54166666666667,17.395833333333332,5.9,69.20833333333333
2021-04-23,11.545833333333334,90.0,5.9875,3.6,79.20833333333333
2021-04-24,10.654166666666667,90.625,4.633333333333334,0.0,32.625
2021-04-25,10.170833333333333,93.875,5.308333333333333,0.0,44.875
2021-04-26,10.975,88.75,7.066666666666666,0.0,65.0
2021-04-27,13.4,88.41666666666667,23.054166666666664,7.0,86.375
2021-04-28,15.112499999999999,92.125,14.720833333333333,10.0,97.375
2021-04-29,14.229166666666666,89.41666666666667,15.729166666666666,0.0,95.66666666666667
2021-04-30,13.125,88.25,33.75833333333333,34.2,99.375
2021-05-01,12.491666666666667,91.33333333333333,27.03333333333333,25.8,95.375
2021-05-02,10.858333333333334,89.83333333333333,11.0,8.3,49.0
2021-05-03,9.108333333333333,87.20833333333333,10.3125,3.5999999999999996,39.5
2021-05-04,8.491666666666667,80.83333333333333,14.541666666666666,0.0,6.291666666666667
2021-05-05,8.045833333333333,88.66666666666667,7.591666666666666,0.0,14.541666666666666
2021-05-06,7.741666666666667,92.95833333333333,7.479166666666667,0.0,53.125
2021-05-07,9.241666666666667,91.54166666666667,7.425,0.1,87.375
2021-05-08,11.583333333333334,91.66666666666667,12.625,4.6,85.375
2021-05-09,9.183333333333334,86.875,12.9125,2.3000000000000003,33.041666666666664
2021-05-10,8.645833333333334,79.95833333333333,14.779166666666667,0.0,14.541666666666666
2021-05-11,8.799999999999999,88.45833333333333,7.291666666666667,0.0,64.20833333333333
2021-05-12,10.141666666666667,88.45833333333333,13.066666666666668,2.2,97.375
2021-05-13,11.391666666666666,94.54166666666667,3.7624999999999997,0.30000000000000004,89.66666666666667
2021-05-14,11.933333333333332,91.75,16.229166666666668,3.7,60.375
2021-05-15,8.716666666666667,94.91666666666667,4.8500000000000005,0.0,64.20833333333333
2021-05-16,7.925,93.70833333333333,4.9875,0.0,67.0
2021-05-17,10.075000000000001,87.5,6.783333333333334,0.0,94.25
2021-05-18,10.820833333333333,79.83333333333333,17.504166666666666,0.0,94.16666666666667
2021-05-19,12.783333333333333,80.45833333333333,30.15833333333333,11.9,79.25
2021-05-20,11.7875,64.83333333333333,32.704166666666666,0.0,48.291666666666664
2021-05-21,10.208333333333334,83.5,22.224999999999998,1.1,50.875
2021-05-22,9.766666666666667,90.25,12.116666666666667,2.0,74.25
2021-05-23,10.6,92.54166666666667,24.804166666666664,13.0,98.29166666666667
2021-05-24,10.441666666666666,94.375,13.237499999999999,12.700000000000001,98.16666666666667
2021-05-25,9.012500000000001,91.58333333333333,16.616666666666667,10.0,77.95833333333333
2021-05-26,12.366666666666667,96.375,16.358333333333334,19.8,99.95833333333333
2021-05-27,12.016666666666666,89.58333333333333,25.65416666666667,25.900000000000002,78.45833333333333
2021-05-28,9.683333333333334,89.375,13.504166666666668,7.5,78.375
2021-05-29,8.008333333333333,91.875,9.733333333333333,2.2,84.41666666666667
2021-05-30,10.112499999999999,91.33333333333333,24.691666666666666,11.6,96.08333333333333
2021-05-31,13.0625,96.70833333333333,17.304166666666667,32.2,100.0
2021-06-01,11.058333333333332,92.66666666666667,9.716666666666667,9.6,87.25
2021-06-02,9.283333333333333,90.375,19.204166666666666,7.1,97.125
2021-06-03,12.408333333333333,94.5,17.529166666666665,23.1,99.20833333333333
2021-06-04,8.8125,90.70833333333333,12.2125,7.6,57.166666666666664
2021-06-05,7.629166666666666,89.41666666666667,8.720833333333333,1.2,49.75
2021-06-06,7.583333333333333,84.83333333333333,14.4375,0.30000000000000004,91.5
2021-06-07,11.262500000000001,65.75,36.62916666666667,2.1,97.33333333333333
2021-06-08,12.041666666666666,85.16666666666667,32.30833333333333,27.9,98.16666666666667
2021-06-09,9.554166666666665,89.75,22.7625,14.1,67.54166666666667
2021-06-10,9.041666666666666,88.625,23.879166666666666,11.1,81.75
2021-06-11,11.875,90.91666666666667,29.7375,9.0,97.75
2021-06-12,10.441666666666666,92.95833333333333,19.675,31.0,99.04166666666667
2021-06-13,7.620833333333334,91.0,9.595833333333333,6.6,65.625
2021-06-14,6.5625,77.20833333333333,16.787499999999998,0.1,13.958333333333334
2021-06-15,6.995833333333334,77.375,15.854166666666666,0.0,0.16666666666666666
2021-06-16,5.045833333333333,67.20833333333333,6.841666666666666,0.0,25.75
2021-06-17,6.133333333333333,63.25,7.016666666666667,0.0,0.0
2021-06-18,6.2,62.25,7.0125,0.0,3.2916666666666665
2021-06-19,6.004166666666666,87.20833333333333,13.2125,0.0,53.208333333333336
2021-06-20,5.95,80.58333333333333,17.845833333333335,0.0,70.0
2021-06-21,9.579166666666667,84.70833333333333,26.75,14.8,96.79166666666667
2021-06-22,8.924999999999999,92.54166666666667,13.070833333333333,24.8,99.875
2021-06-23,8.583333333333334,89.625,15.754166666666668,32.8,85.75
2021-06-24,8.483333333333333,90.45833333333333,23.645833333333332,20.5,81.20833333333333
2021-06-25,5.9624999999999995,92.75,7.387499999999999,4.1000000000000005,67.16666666666667
2021-06-26,5.079166666666667,90.5,7.375,0.30000000000000004,42.583333333333336
2021-06-27,4.683333333333334,78.0,6.508333333333333,0.0,24.625
2021-06-28,4.3999999999999995,79.45833333333333,7.604166666666667,0.0,45.041666666666664
2021-06-29,4.620833333333334,85.04166666666667,8.025,0.0,98.58333333333333
2021-06-30,7.1000000000000005,87.375,22.099999999999998,6.6000000000000005,80.625
2021-07-01,8.016666666666667,89.04166666666667,15.525,9.9,56.5
2021-07-02,8.304166666666667,87.16666666666667,26.099999999999998,3.2,97.54166666666667
2021-07-03,9.762500000000001,90.25,18.083333333333332,1.1,90.91666666666667
2021-07-04,9.254166666666666,90.16666666666667,11.508333333333333,0.0,63.583333333333336
2021-07-05,9.241666666666667,83.20833333333333,19.60833333333333,0.0,95.5
2021-07-06,10.441666666666666,85.41666666666667,31.3875,7.1,76.70833333333333
2021-07-07,10.029166666666667,89.54166666666667,31.195833333333336,15.8,98.54166666666667
2021-07-08,9.520833333333334,92.45833333333333,21.433333333333334,32.1,85.83333333333333
2021-07-09,7.9750000000000005,88.04166666666667,18.645833333333332,16.6,80.95833333333333
2021-07-10,7.558333333333334,89.45833333333333,17.412499999999998,1.0,80.08333333333333
2021-07-11,8.125,89.08333333333333,14.245833333333332,1.0,95.95833333333333
2021-07-12,7.616666666666667,92.54166666666667,5.241666666666666,0.8,69.70833333333333
2021-07-13,7.5,89.66666666666667,8.012500000000001,0.0,84.125
2021-07-14,8.0875,88.91666666666667,16.983333333333334,3.0,78.79166666666667
2021-07-15,7.75,91.625,16.125,4.8,74.66666666666667
2021-07-16,6.233333333333333,90.83333333333333,7.433333333333334,9.1,66.66666666666667
2021-07-17,5.558333333333334,89.625,4.354166666666667,4.9,63.791666666666664
2021-07-18,4.55,87.79166666666667,4.95,0.0,74.54166666666667
2021-07-19,9.049999999999999,86.66666666666667,15.183333333333332,6.0,96.66666666666667
2021-07-20,10.683333333333332,94.625,7.033333333333334,2.3000000000000003,98.79166666666667
2021-07-21,9.195833333333333,91.83333333333333,11.141666666666666,0.1,99.29166666666667
2021-07-22,9.733333333333333,87.91666666666667,18.104166666666668,7.4,91.58333333333333
2021-07-23,8.233333333333333,83.375,14.820833333333333,0.1,43.666666666666664
2021-07-24,6.658333333333334,84.33333333333333,12.483333333333334,1.4000000000000001,69.83333333333333
2021-07-25,7.904166666666666,82.45833333333333,16.741666666666667,2.7,64.66666666666667
2021-07-26,6.991666666666667,80.45833333333333,15.7125,1.5,52.833333333333336
2021-07-27,7.425,81.45833333333333,19.195833333333333,2.3,73.04166666666667
2021-07-28,7.154166666666666,86.45833333333333,13.308333333333332,0.0,9.333333333333334
2021-07-29,7.029166666666666,96.41666666666667,6.233333333333333,0.0,93.58333333333333
2021-07-30,7.416666666666667,89.25,9.3125,13.3,75.5
2021-07-31,5.916666666666667,79.16666666666667,7.183333333333334,0.0,23.166666666666668
2021-08-01,5.491666666666667,85.875,4.979166666666667,0.0,37.291666666666664
2021-08-02,7.3875,89.58333333333333,5.841666666666666,0.4,70.875
2021-08-03,8.7125,94.33333333333333,15.075000000000001,0.4,77.83333333333333
2021-08-04,9.816666666666666,84.29166666666667,14.979166666666666,0.0,86.625
2021-08-05,10.366666666666667,86.29166666666667,30.787499999999998,3.8000000000000003,98.375
2021-08-06,8.658333333333333,94.04166666666667,15.633333333333333,9.8,92.70833333333333
2021-08-07,6.029166666666666,86.41666666666667,7.158333333333332,1.3,36.375
2021-08-08,7.366666666666667,83.125,16.420833333333334,0.0,17.041666666666668
2021-08-09,7.391666666666667,82.54166666666667,16.275000000000002,0.0,31.416666666666668
2021-08-10,7.829166666666667,77.16666666666667,24.295833333333334,0.0,39.708333333333336
2021-08-11,8.316666666666666,88.91666666666667,16.833333333333332,0.0,20.458333333333332
2021-08-12,6.908333333333334,90.125,7.9375,0.0,16.958333333333332
2021-08-13,6.670833333333333,90.375,5.720833333333334,0.0,67.33333333333333
2021-08-14,6.491666666666667,86.875,3.5083333333333333,0.0,80.41666666666667
2021-08-15,7.8500000000000005,83.875,32.43333333333333,9.8,98.91666666666667
2021-08-16,10.112499999999999,83.75,34.30833333333333,16.4,75.58333333333333
2021-08-17,9.391666666666667,91.375,29.170833333333334,25.2,91.625
2021-08-18,9.229166666666666,88.5,21.925,15.9,76.875
2021-08-19,7.6000000000000005,88.91666666666667,23.066666666666666,6.8999999999999995,83.5
2021-08-20,7.2124999999999995,87.5,13.791666666666666,2.7,78.125
2021-08-21,6.941666666666666,85.16666666666667,10.862499999999999,26.9,99.54166666666667
2021-08-22,6.0375000000000005,86.5,10.987499999999999,3.4,58.916666666666664
2021-08-23,4.9375,86.70833333333333,7.25,2.1,51.291666666666664
2021-08-24,5.1125,86.20833333333333,16.5,8.799999999999999,84.66666666666667
2021-08-25,7.3125,90.79166666666667,20.541666666666668,20.4,97.625
2021-08-26,6.2250000000000005,85.04166666666667,14.808333333333332,4.8,68.16666666666667
2021-08-27,8.229166666666666,84.25,34.458333333333336,22.9,99.20833333333333
2021-08-28,9.808333333333334,87.70833333333333,26.508333333333336,9.5,87.125
2021-08-29,12.866666666666667,89.375,23.991666666666664,2.5,94.875
2021-08-30,11.254166666666668,89.04166666666667,22.366666666666664,6.8,93.58333333333333
2021-08-31,11.0375,88.79166666666667,12.945833333333333,6.4,69.70833333333333
2021-09-01,9.329166666666667,92.125,9.4,0.0,38.291666666666664
2021-09-02,9.354166666666666,92.70833333333333,7.191666666666666,0.0,80.41666666666667
2021-09-03,10.020833333333334,86.25,5.8875,0.2,82.54166666666667
2021-09-04,9.924999999999999,81.04166666666667,20.9125,2.8000000000000003,91.0
2021-09-05,10.200000000000001,84.20833333333333,20.691666666666666,12.2,73.25
2021-09-06,8.866666666666665,80.95833333333333,15.3375,4.0,68.375
2021-09-07,8.720833333333333,83.125,5.2875000000000005,0.0,19.541666666666668
2021-09-08,9.216666666666667,84.41666666666667,6.729166666666667,0.1,56.458333333333336
2021-09-09,10.950000000000001,87.58333333333333,7.175,1.4000000000000001,75.54166666666667
2021-09-10,11.216666666666667,89.41666666666667,9.174999999999999,2.3,95.45833333333333
2021-09-11,10.491666666666667,91.95833333333333,24.854166666666668,25.4,99.41666666666667
2021-09-12,7.441666666666666,88.04166666666667,21.158333333333335,16.6,92.58333333333333
2021-09-13,7.1625000000000005,82.29166666666667,9.225,2.2,48.875
2021-09-14,7.9750000000000005,86.29166666666667,15.85,1.7,85.20833333333333
2021-09-15,9.729166666666666,88.29166666666667,16.420833333333334,3.1,83.20833333333333
2021-09-16,10.779166666666667,84.54166666666667,17.349999999999998,0.5,95.79166666666667
2021-09-17,10.208333333333334,82.16666666666667,13.508333333333333,9.0,65.41666666666667
2021-09-18,8.570833333333333,88.08333333333333,6.304166666666667,5.8,61.166666666666664
2021-09-19,8.058333333333334,87.625,6.929166666666667,1.1,46.625
2021-09-20,8.5875,80.66666666666667,16.416666666666668,0.0,3.125
2021-09-21,9.120833333333334,86.83333333333333,15.3375,0.0,13.75
2021-09-22,10.275,87.04166666666667,11.2875,4.5,85.08333333333333
2021-09-23,11.262500000000001,80.41666666666667,13.299999999999999,0.0,35.375
2021-09-24,11.4125,87.58333333333333,7.1375,0.0,73.58333333333333
2021-09-25,9.791666666666666,88.45833333333333,21.391666666666666,15.700000000000001,85.29166666666667
2021-09-26,7.208333333333333,78.95833333333333,6.708333333333333,1.5,49.291666666666664
2021-09-27,8.141666666666667,80.25,6.5874999999999995,0.1,46.0
2021-09-28,8.804166666666667,83.29166666666667,13.1625,0.0,55.708333333333336
2021-09-29,8.845833333333333,84.41666666666667,14.216666666666667,5.5,81.625
2021-09-30,8.916666666666666,81.875,14.533333333333333,7.8,81.33333333333333
2021-10-01,8.029166666666667,88.25,23.0625,17.8,93.95833333333333
2021-10-02,7.304166666666667,77.04166666666667,14.008333333333333,1.6,57.083333333333336
2021-10-03,8.095833333333333,85.58333333333333,6.9875,1.2,80.08333333333333
2021-10-04,8.683333333333334,82.33333333333333,6.216666666666666,0.30000000000000004,74.04166666666667
2021-10-05,8.725,77.125,21.691666666666666,2.6,52.583333333333336
2021-10-06,8.033333333333333,68.625,15.950000000000001,0.0,0.08333333333333333
2021-10-07,9.174999999999999,81.45833333333333,19.854166666666668,0.0,7.25
2021-10-08,9.674999999999999,89.33333333333333,13.254166666666668,0.0,75.33333333333333
2021-10-09,10.029166666666667,87.75,12.945833333333333,0.0,10.041666666666666
2021-10-10,10.4,88.79166666666667,7.5125,1.0,98.54166666666667
2021-10-11,10.979166666666666,83.625,10.299999999999999,0.1,99.0
2021-10-12,11.570833333333333,89.91666666666667,10.720833333333333,1.9,69.5
2021-10-13,9.804166666666667,90.83333333333333,26.075,20.6,99.91666666666667
2021-10-14,7.5375000000000005,80.25,12.529166666666667,2.0,56.75
2021-10-15,8.275,85.0,14.929166666666667,4.8,80.70833333333333
2021-10-16,9.525,88.41666666666667,12.908333333333333,2.0,94.20833333333333
2021-10-17,9.891666666666667,82.33333333333333,10.266666666666667,2.2,56.291666666666664
2021-10-18,10.495833333333334,84.625,11.754166666666668,0.0,13.833333333333334
2021-10-19,11.183333333333332,92.875,15.516666666666666,0.0,61.416666666666664
2021-10-20,12.229166666666666,90.75,6.891666666666667,2.4,98.625
2021-10-21,10.520833333333334,77.58333333333333,11.204166666666666,8.5,80.75
2021-10-22,9.508333333333333,81.875,12.641666666666667,3.4,80.5
2021-10-23,10.15,76.375,12.845833333333333,2.6,93.54166666666667
2021-10-24,11.929166666666667,76.08333333333333,21.495833333333334,0.8,100.0
2021-10-25,11.975,85.54166666666667,16.170833333333334,10.4,100.0
2021-10-26,12.641666666666666,82.04166666666667,10.720833333333333,1.3,98.04166666666667
2021-10-27,11.674999999999999,88.83333333333333,6.845833333333334,0.4,49.5
2021-10-28,12.200000000000001,88.45833333333333,7.633333333333333,0.2,82.20833333333333
2021-10-29,11.804166666666667,83.83333333333333,10.6625,1.6,88.41666666666667
2021-10-30,10.945833333333333,71.95833333333333,23.683333333333334,0.2,22.583333333333332
2021-10-31,15.216666666666667,68.375,6.8500000000000005,0.0,22.875
2021-11-01,13.166666666666666,77.95833333333333,13.758333333333333,0.0,61.125
2021-11-02,14.483333333333334,71.75,22.6375,0.2,93.75
2021-11-03,11.058333333333332,83.91666666666667,20.229166666666668,29.8,88.91666666666667
2021-11-04,8.604166666666666,83.5,7.591666666666666,6.8,66.5
2021-11-05,10.566666666666666,79.29166666666667,17.254166666666666,0.0,19.291666666666668
2021-11-06,11.049999999999999,87.83333333333333,13.379166666666668,0.1,71.58333333333333
2021-11-07,11.466666666666667,84.16666666666667,7.291666666666667,0.2,88.95833333333333
2021-11-08,12.737499999999999,88.79166666666667,12.8125,0.2,60.291666666666664
2021-11-09,12.691666666666668,90.20833333333333,6.866666666666667,4.7,59.875
2021-11-10,11.345833333333333,84.54166666666667,12.341666666666667,1.5,88.33333333333333
2021-11-11,11.658333333333333,81.41666666666667,13.566666666666668,0.0,88.75
2021-11-12,12.137500000000001,90.83333333333333,7.416666666666667,8.4,90.83333333333333
2021-11-13,11.204166666666666,83.5,17.9375,11.2,90.875
2021-11-14,10.7125,83.66666666666667,20.4875,16.5,96.08333333333333
2021-11-15,9.4,77.83333333333333,13.495833333333332,6.0,46.916666666666664
2021-11-16,10.879166666666668,71.29166666666667,15.141666666666666,0.0,29.0
2021-11-17,11.695833333333333,80.58333333333333,10.454166666666667,1.0,84.66666666666667
2021-11-18,12.033333333333333,80.54166666666667,16.354166666666668,1.0,60.541666666666664
2021-11-19,12.200000000000001,85.0,21.395833333333332,0.5,54.375
2021-11-20,12.975,84.08333333333333,12.145833333333334,0.0,80.375
2021-11-21,13.612499999999999,83.58333333333333,10.029166666666667,1.5,100.0
2021-11-22,12.975,85.79166666666667,10.266666666666667,2.3,88.08333333333333
2021-11-23,13.508333333333333,86.45833333333333,8.816666666666666,0.0,63.125
2021-11-24,14.766666666666666,85.54166666666667,9.4125,2.2,98.08333333333333
2021-11-25,12.820833333333333,82.33333333333333,14.241666666666667,4.5,98.04166666666667
2021-11-26,12.145833333333334,72.45833333333333,17.758333333333333,0.0,83.20833333333333
2021-11-27,12.220833333333333,69.70833333333333,16.604166666666668,0.5,59.208333333333336
2021-11-28,11.508333333333333,74.125,6.445833333333333,0.0,76.95833333333333
2021-11-29,12.845833333333333,78.83333333333333,14.0625,1.9,61.375
2021-11-30,12.295833333333334,77.375,14.799999999999999,0.0,61.791666666666664
2021-12-01,11.670833333333334,78.5,12.766666666666666,5.9,97.04166666666667
2021-12-02,11.829166666666666,62.583333333333336,23.900000000000002,0.1,24.166666666666668
2021-12-03,12.654166666666667,73.79166666666667,24.599999999999998,0.0,41.041666666666664
2021-12-04,12.370833333333332,77.625,23.125,0.0,41.083333333333336
2021-12-05,13.633333333333333,84.66666666666667,26.650000000000002,0.0,24.75
2021-12-06,13.924999999999999,86.875,20.141666666666666,0.0,62.708333333333336
2021-12-07,14.466666666666667,89.625,6.2375,10.6,90.54166666666667
2021-12-08,13.654166666666667,90.20833333333333,14.116666666666667,0.30000000000000004,70.83333333333333
2021-12-09,14.554166666666667,77.83333333333333,19.075,0.0,2.625
2021-12-10,14.079166666666666,85.375,16.029166666666665,0.8,76.20833333333333
2021-12-11,13.1875,79.58333333333333,19.466666666666665,20.5,74.95833333333333
2021-12-12,11.262500000000001,77.875,16.254166666666666,7.9,94.625
2021-12-13,12.174999999999999,80.20833333333333,5.8999999999999995,2.0,98.79166666666667
2021-12-14,12.358333333333334,73.70833333333333,16.295833333333334,0.30000000000000004,47.583333333333336
2021-12-15,13.112499999999999,76.08333333333333,18.991666666666667,0.2,25.5
2021-12-16,13.091666666666667,84.125,14.645833333333334,0.0,45.958333333333336
2021-12-17,14.491666666666667,82.625,14.416666666666666,3.2,64.75
2021-12-18,14.529166666666667,86.0,8.908333333333333,0.4,73.95833333333333
2021-12-19,14.504166666666668,87.125,20.787499999999998,1.2000000000000002,56.5
2021-12-20,14.304166666666667,81.625,19.55,0.8,46.5
2021-12-21,13.720833333333333,76.25,22.4375,0.0,52.291666666666664
2021-12-22,13.966666666666667,84.95833333333333,17.570833333333333,0.0,62.833333333333336
2021-12-23,15.070833333333333,77.66666666666667,10.958333333333334,0.5,83.20833333333333
2021-12-24,14.429166666666667,79.20833333333333,17.570833333333333,0.0,47.333333333333336
2021-12-25,15.799999999999999,82.58333333333333,21.545833333333334,0.30000000000000004,33.333333333333336
2021-12-26,15.970833333333333,81.95833333333333,18.404166666666665,0.0,28.541666666666668
2021-12-27,16.879166666666666,83.66666666666667,8.512500000000001,1.0,85.54166666666667
2021-12-28,16.045833333333334,81.29166666666667,10.2125,0.1,85.625
2021-12-29,15.887500000000001,79.29166666666667,11.208333333333334,13.6,94.79166666666667
2021-12-30,13.545833333333334,73.29166666666667,11.6875,1.1,46.0
2021-12-31,14.433333333333335,76.41666666666667,19.666666666666668,5.0,94.08333333333333
2022-01-01,14.345833333333333,91.29166666666667,27.391666666666666,37.4,99.875
2022-01-02,14.387500000000001,76.16666666666667,13.933333333333332,5.3,79.95833333333333
2022-01-03,15.375,85.54166666666667,21.079166666666666,26.5,92.16666666666667
2022-01-04,13.695833333333333,74.54166666666667,8.620833333333334,0.8,79.20833333333333
2022-01-05,13.9375,77.0,22.829166666666666,0.0,94.83333333333333
2022-01-06,14.429166666666667,85.54166666666667,20.508333333333333,0.4,53.125
2022-01-07,15.266666666666666,90.95833333333333,13.0375,0.6000000000000001,68.16666666666667
2022-01-08,16.283333333333335,90.54166666666667,9.920833333333333,0.0,69.04166666666667
2022-01-09,17.454166666666666,83.41666666666667,9.816666666666666,3.6,74.41666666666667
2022-01-10,16.658333333333335,87.04166666666667,11.924999999999999,0.0,56.791666666666664
2022-01-11,15.174999999999999,84.41666666666667,9.554166666666667,0.0,38.75
2022-01-12,15.745833333333332,84.41666666666667,10.066666666666666,0.0,16.208333333333332
2022-01-13,16.679166666666667,70.875,8.362499999999999,0.4,93.20833333333333
2022-01-14,16.941666666666666,83.54166666666667,13.770833333333334,13.0,96.25
2022-01-15,14.316666666666668,65.625,14.941666666666668,0.4,94.45833333333333
2022-01-16,11.35,75.20833333333333,10.450000000000001,6.9,61.375
2022-01-17,11.174999999999999,70.08333333333333,11.904166666666667,6.3999999999999995,27.666666666666668
2022-01-18,13.704166666666666,70.625,16.845833333333335,0.0,19.875
2022-01-19,15.866666666666667,72.29166666666667,8.879166666666666,2.0,45.375
2022-01-20,13.929166666666667,84.04166666666667,9.741666666666667,11.1,62.291666666666664
2022-01-21,15.566666666666668,75.16666666666667,15.095833333333333,3.0,64.75
2022-01-22,14.7125,75.70833333333333,27.583333333333332,21.5,88.54166666666667
2022-01-23,15.066666666666668,84.29166666666667,19.741666666666667,7.7,88.33333333333333
2022-01-24,14.2875,80.95833333333333,8.229166666666666,0.7,41.0
2022-01-25,14.387500000000001,79.875,21.683333333333334,0.0,30.5
2022-01-26,14.195833333333333,87.0,12.945833333333333,0.0,56.333333333333336
2022-01-27,17.258333333333333,83.33333333333333,7.233333333333333,0.0,20.708333333333332
2022-01-28,17.2625,82.95833333333333,7.9125000000000005,0.0,7.375
2022-01-29,15.820833333333333,80.16666666666667,8.299999999999999,0.4,51.5
2022-01-30,13.820833333333333,74.25,11.908333333333333,4.4,75.375
2022-01-31,13.679166666666667,69.33333333333333,10.362499999999999,0.7,62.416666666666664
2022-02-01,15.995833333333332,78.625,6.5375000000000005,0.4,100.0
2022-02-02,15.441666666666668,89.45833333333333,9.766666666666667,5.0,86.29166666666667
2022-02-03,15.970833333333333,86.41666666666667,13.174999999999999,1.1,64.125
2022-02-04,15.345833333333333,83.25,16.587500000000002,2.9,76.54166666666667
2022-02-05,14.283333333333333,80.625,19.045833333333334,0.0,57.75
2022-02-06,14.924999999999999,84.54166666666667,16.958333333333332,0.0,42.041666666666664
2022-02-07,15.466666666666667,85.70833333333333,11.237499999999999,0.0,71.04166666666667
2022-02-08,15.645833333333334,79.54166666666667,12.512500000000001,2.4,55.375
2022-02-09,15.470833333333333,70.45833333333333,19.154166666666665,0.1,65.54166666666667
2022-02-10,13.674999999999999,60.916666666666664,29.287499999999998,0.30000000000000004,43.666666666666664
2022-02-11,13.225,63.875,28.2,0.0,28.916666666666668
2022-02-12,14.366666666666667,81.95833333333333,22.837500000000002,0.0,77.75
2022-02-13,14.875,90.95833333333333,13.916666666666666,0.30000000000000004,79.20833333333333
2022-02-14,15.0375,88.70833333333333,9.316666666666666,0.0,60.083333333333336
2022-02-15,15.070833333333333,81.91666666666667,6.741666666666667,0.0,61.333333333333336
2022-02-16,14.858333333333334,77.04166666666667,14.6,2.9000000000000004,54.208333333333336
2022-02-17,14.095833333333333,69.75,17.8875,0.0,0.0
2022-02-18,14.708333333333334,77.95833333333333,12.15,0.0,48.458333333333336
2022-02-19,16.258333333333333,82.58333333333333,10.9625,10.7,82.91666666666667
2022-02-20,14.704166666666666,84.29166666666667,11.816666666666668,0.2,45.5
2022-02-21,18.291666666666668,61.0,12.408333333333333,0.0,45.5
2022-02-22,18.233333333333334,72.04166666666667,6.133333333333333,0.0,10.708333333333334
2022-02-23,17.404166666666665,76.66666666666667,6.658333333333334,8.1,70.91666666666667
2022-02-24,15.816666666666668,87.33333333333333,10.108333333333333,17.0,63.583333333333336
2022-02-25,15.508333333333333,84.5,20.358333333333334,8.1,63.416666666666664
2022-02-26,15.674999999999999,81.625,22.8125,3.4,62.291666666666664
2022-02-27,13.320833333333333,77.66666666666667,17.820833333333333,16.0,78.79166666666667
2022-02-28,13.216666666666667,80.20833333333333,10.220833333333333,3.6999999999999997,73.5
2022-03-01,15.054166666666667,83.625,16.608333333333334,3.9,86.16666666666667
2022-03-02,16.537499999999998,89.16666666666667,10.854166666666666,6.0,100.0
2022-03-03,15.299999999999999,90.20833333333333,9.795833333333333,13.9,77.83333333333333
2022-03-04,11.691666666666668,84.875,9.133333333333333,1.9000000000000001,70.0
2022-03-05,12.279166666666667,84.41666666666667,9.391666666666667,0.5,83.58333333333333
2022-03-06,13.520833333333334,85.41666666666667,30.22083333333333,21.8,93.41666666666667
2022-03-07,14.204166666666666,84.95833333333333,12.108333333333334,1.0,71.625
2022-03-08,13.4125,80.79166666666667,27.650000000000002,17.2,74.375
2022-03-09,11.933333333333332,79.20833333333333,6.366666666666667,1.3,64.83333333333333
2022-03-10,12.704166666666666,85.08333333333333,7.304166666666667,0.0,43.125
2022-03-11,12.804166666666667,90.16666666666667,21.995833333333334,0.0,60.791666666666664
2022-03-12,13.399999999999999,87.625,22.65833333333333,1.6,79.83333333333333
2022-03-13,12.520833333333334,86.29166666666667,19.625,0.2,74.25
2022-03-14,13.725,81.66666666666667,18.483333333333334,0.0,56.541666666666664
2022-03-15,13.887500000000001,90.375,18.066666666666666,0.0,49.166666666666664
2022-03-16,13.616666666666667,88.16666666666667,12.204166666666666,10.8,77.04166666666667
2022-03-17,11.049999999999999,76.70833333333333,17.308333333333334,1.7,34.708333333333336
2022-03-18,11.170833333333334,67.20833333333333,21.1125,0.0,60.291666666666664
2022-03-19,11.85,86.375,8.091666666666667,0.0,81.33333333333333
2022-03-20,13.320833333333333,88.875,13.8375,5.699999999999999,80.04166666666667
2022-03-21,13.204166666666666,91.20833333333333,16.166666666666668,29.599999999999998,87.875
2022-03-22,12.737499999999999,82.91666666666667,17.25,2.8,98.33333333333333
2022-03-23,10.245833333333334,84.0,11.279166666666667,13.0,88.29166666666667
2022-03-24,11.016666666666666,78.91666666666667,8.875,0.0,52.708333333333336
2022-03-25,12.258333333333333,85.79166666666667,17.741666666666667,0.0,57.083333333333336
2022-03-26,12.799999999999999,86.75,17.520833333333332,13.3,95.16666666666667
2022-03-27,12.637500000000001,78.08333333333333,11.970833333333333,1.1,41.708333333333336
2022-03-28,11.950000000000001,83.33333333333333,24.28333333333333,10.3,85.95833333333333
2022-03-29,9.566666666666666,74.45833333333333,14.475,0.6000000000000001,46.083333333333336
2022-03-30,9.916666666666666,73.45833333333333,15.916666666666666,0.30000000000000004,47.875
2022-03-31,10.466666666666667,75.08333333333333,18.120833333333334,0.0,84.08333333333333
2022-04-01,11.758333333333333,89.83333333333333,8.604166666666666,0.0,26.708333333333332
2022-04-02,11.808333333333332,89.66666666666667,18.9875,21.5,80.5
2022-04-03,8.958333333333334,85.95833333333333,6.941666666666666,2.0,72.375
2022-04-04,11.454166666666666,85.91666666666667,9.858333333333333,1.9,99.91666666666667
2022-04-05,13.545833333333334,91.0,14.775,2.8000000000000003,100.0
2022-04-06,13.795833333333334,90.16666666666667,25.745833333333334,7.4,98.83333333333333
2022-04-07,13.737499999999999,94.0,6.395833333333333,4.9,95.66666666666667
2022-04-08,11.008333333333333,95.58333333333333,7.8875,0.0,92.45833333333333
2022-04-09,10.870833333333332,91.95833333333333,9.233333333333333,28.1,87.66666666666667
2022-04-10,8.5625,89.41666666666667,6.758333333333333,0.30000000000000004,69.70833333333333
2022-04-11,9.85,90.5,13.366666666666667,4.9,84.79166666666667
2022-04-12,9.591666666666667,82.125,8.554166666666667,0.8,80.58333333333333
2022-04-13,10.129166666666666,86.16666666666667,10.3375,0.0,41.583333333333336
2022-04-14,10.35,93.625,12.295833333333334,0.0,64.79166666666667
2022-04-15,10.754166666666668,91.16666666666667,6.391666666666667,0.0,53.75
2022-04-16,10.820833333333333,92.70833333333333,11.408333333333333,0.0,34.708333333333336
2022-04-17,11.9,93.625,6.258333333333333,0.0,96.83333333333333
2022-04-18,12.779166666666667,88.20833333333333,11.924999999999999,3.9000000000000004,97.25
2022-04-19,10.758333333333333,90.875,13.995833333333332,8.9,89.66666666666667
2022-04-20,9.258333333333333,88.04166666666667,11.091666666666667,1.8,72.0
2022-04-21,11.487499999999999,89.04166666666667,25.495833333333334,37.2,86.66666666666667
2022-04-22,11.3375,92.45833333333333,20.625,16.9,100.0
2022-04-23,10.966666666666667,88.41666666666667,24.333333333333332,13.3,79.66666666666667
2022-04-24,10.1625,85.75,32.625,19.9,91.75
2022-04-25,9.033333333333333,91.08333333333333,37.78333333333333,48.4,98.16666666666667
2022-04-26,8.225,86.0,14.904166666666667,11.1,76.45833333333333
2022-04-27,7.691666666666666,82.66666666666667,24.1375,21.1,67.5
2022-04-28,6.75,86.04166666666667,7.433333333333334,1.2,42.5
2022-04-29,6.741666666666667,79.5,11.370833333333332,0.0,34.833333333333336
2022-04-30,7.416666666666667,86.58333333333333,5.833333333333333,0.0,65.08333333333333
2022-05-01,10.604166666666666,90.16666666666667,5.716666666666666,2.2,94.0
2022-05-02,9.829166666666667,93.0,5.016666666666667,1.5,95.08333333333333
2022-05-03,11.508333333333333,87.29166666666667,11.975,1.2,99.04166666666667
2022-05-04,13.095833333333333,93.16666666666667,12.716666666666667,2.6,99.95833333333333
2022-05-05,13.133333333333333,92.0,14.754166666666668,1.0,96.70833333333333
2022-05-06,12.979166666666666,85.04166666666667,15.254166666666668,0.0,97.95833333333333
2022-05-07,13.229166666666666,82.29166666666667,25.170833333333334,0.2,96.41666666666667
2022-05-08,12.125,87.45833333333333,14.904166666666667,3.5,66.75
2022-05-09,9.458333333333334,86.08333333333333,11.779166666666667,0.0,73.41666666666667
2022-05-10,8.375,87.41666666666667,12.945833333333333,0.0,47.458333333333336
2022-05-11,9.283333333333333,87.16666666666667,13.1875,9.9,99.79166666666667
2022-05-12,10.845833333333333,84.125,21.575,9.6,77.29166666666667
2022-05-13,7.233333333333333,88.58333333333333,8.633333333333333,2.2,71.29166666666667
2022-05-14,8.954166666666667,88.375,11.887500000000001,0.0,44.375
2022-05-15,8.029166666666667,85.5,8.845833333333333,0.0,62.083333333333336
2022-05-16,9.845833333333333,55.291666666666664,5.75,0.0,41.5
2022-05-17,8.204166666666667,67.29166666666667,8.216666666666667,0.0,96.91666666666667
2022-05-18,8.075000000000001,81.66666666666667,8.095833333333333,0.0,87.625
2022-05-19,12.308333333333332,77.625,28.325,2.2,97.16666666666667
2022-05-20,11.541666666666666,90.04166666666667,29.462500000000002,19.900000000000002,90.70833333333333
2022-05-21,11.241666666666667,91.95833333333333,34.40833333333333,23.4,99.33333333333333
2022-05-22,8.75,86.75,17.591666666666665,47.0,71.375
2022-05-23,7.375,89.20833333333333,20.079166666666666,23.8,88.41666666666667
2022-05-24,7.133333333333333,91.875,12.208333333333334,19.3,88.20833333333333
2022-05-25,5.533333333333334,81.58333333333333,9.333333333333334,0.30000000000000004,37.458333333333336
2022-05-26,6.375,74.0,19.42083333333333,0.0,26.916666666666668
2022-05-27,6.05,76.625,12.566666666666668,0.0,50.916666666666664
2022-05-28,6.254166666666666,81.08333333333333,11.025,1.9000000000000001,81.70833333333333
2022-05-29,5.3374999999999995,89.33333333333333,5.841666666666666,2.8000000000000003,77.125
2022-05-30,4.083333333333333,81.79166666666667,9.450000000000001,0.0,7.916666666666667
2022-05-31,4.229166666666667,76.54166666666667,7.841666666666666,0.0,3.375
2022-06-01,3.1333333333333333,88.125,6.2749999999999995,0.0,63.083333333333336
2022-06-02,5.7250000000000005,79.625,14.487499999999999,0.0,91.5
2022-06-03,8.200000000000001,73.875,16.425,6.7,97.70833333333333
2022-06-04,8.383333333333333,91.08333333333333,15.395833333333334,9.7,75.125
2022-06-05,6.683333333333334,89.45833333333333,14.720833333333333,2.9,77.875
2022-06-06,9.520833333333334,94.0,38.625,65.2,100.0
2022-06-07,9.762500000000001,90.875,14.591666666666667,15.1,76.20833333333333
2022-06-08,9.166666666666666,91.20833333333333,24.0125,19.900000000000002,81.625
2022-06-09,5.3999999999999995,89.95833333333333,6.4750000000000005,1.1,55.666666666666664
2022-06-10,3.983333333333333,80.5,7.291666666666667,0.0,54.25
2022-06-11,6.316666666666666,85.5,9.445833333333333,0.0,100.0
2022-06-12,8.575000000000001,80.5,23.316666666666666,0.1,95.125
2022-06-13,9.316666666666666,81.875,28.0,11.299999999999999,99.83333333333333
2022-06-14,9.033333333333333,90.83333333333333,18.400000000000002,31.4,89.70833333333333
2022-06-15,7.595833333333334,94.75,6.25,4.3,81.83333333333333
2022-06-16,7.3374999999999995,92.79166666666667,16.091666666666665,10.0,85.625
2022-06-17,6.091666666666666,87.75,9.141666666666667,1.2000000000000002,82.5
2022-06-18,7.141666666666667,88.25,26.170833333333334,21.0,100.0
2022-06-19,8.5625,92.0,11.125,8.9,100.0
2022-06-20,6.916666666666667,82.79166666666667,15.795833333333334,0.1,99.79166666666667
2022-06-21,5.379166666666666,70.0,5.0625,0.0,27.041666666666668
2022-06-22,4.208333333333333,70.58333333333333,5.833333333333333,0.0,56.208333333333336
2022-06-23,4.029166666666667,70.70833333333333,8.120833333333334,0.0,7.666666666666667
2022-06-24,4.595833333333333,64.875,10.004166666666666,0.0,1.4583333333333333
2022-06-25,5.1875,57.458333333333336,6.554166666666666,0.0,0.0
2022-06-26,3.3666666666666667,77.25,9.808333333333334,0.0,5.875
2022-06-27,7.575,87.58333333333333,21.329166666666666,2.7,99.95833333333333
2022-06-28,10.4,93.0,35.645833333333336,49.7,100.0
2022-06-29,7.533333333333334,90.0,13.1875,12.1,71.04166666666667
2022-06-30,7.3125,82.16666666666667,20.3,5.0,83.91666666666667
2022-07-01,6.104166666666667,90.25,13.354166666666666,30.3,74.58333333333333
2022-07-02,5.891666666666667,89.54166666666667,29.170833333333334,13.1,86.33333333333333
2022-07-03,6.454166666666667,90.375,33.21666666666667,25.1,99.95833333333333
2022-07-04,6.1000000000000005,91.45833333333333,27.129166666666666,29.1,95.75
2022-07-05,6.958333333333333,88.79166666666667,23.5125,19.0,86.20833333333333
2022-07-06,6.195833333333333,88.45833333333333,25.079166666666666,12.6,79.83333333333333
2022-07-07,7.004166666666666,86.125,26.84583333333333,3.1,100.0
2022-07-08,9.491666666666667,70.33333333333333,35.36666666666667,8.1,89.0
2022-07-09,7.920833333333333,92.5,26.650000000000002,29.4,100.0
2022-07-10,7.183333333333334,89.04166666666667,25.400000000000002,10.4,90.5
2022-07-11,7.041666666666667,86.95833333333333,22.77916666666667,5.5,94.25
2022-07-12,5.7,90.375,19.974999999999998,26.1,86.625
2022-07-13,4.995833333333334,86.25,18.491666666666667,1.5000000000000002,43.208333333333336
2022-07-14,3.3958333333333335,87.16666666666667,6.3,0.1,64.04166666666667
2022-07-15,4.008333333333334,71.91666666666667,7.620833333333334,0.0,31.458333333333332
2022-07-16,4.7625,81.125,23.53333333333333,2.8,89.95833333333333
2022-07-17,6.008333333333333,88.79166666666667,25.525000000000002,12.2,74.79166666666667
2022-07-18,5.354166666666667,83.625,12.85,0.5,51.125
2022-07-19,6.8,78.83333333333333,31.5625,14.700000000000001,89.54166666666667
2022-07-20,8.233333333333333,90.54166666666667,19.254166666666666,31.099999999999998,74.33333333333333
2022-07-21,5.075,92.16666666666667,13.520833333333334,12.3,97.91666666666667
2022-07-22,7.320833333333333,92.79166666666667,15.2125,32.2,100.0
2022-07-23,9.9,90.91666666666667,19.329166666666666,28.700000000000003,92.875
2022-07-24,8.608333333333333,89.625,8.541666666666666,17.4,98.54166666666667
2022-07-25,8.116666666666667,86.91666666666667,6.0125,5.6,99.125
2022-07-26,9.733333333333333,71.33333333333333,10.829166666666666,0.0,66.29166666666667
2022-07-27,7.616666666666667,84.375,6.166666666666667,1.5999999999999999,54.041666666666664
2022-07-28,7.191666666666666,92.125,5.1499999999999995,0.7000000000000001,97.41666666666667
2022-07-29,7.4125000000000005,87.125,5.395833333333333,0.0,81.45833333333333
2022-07-30,7.558333333333334,85.70833333333333,15.366666666666667,0.6,97.08333333333333
2022-07-31,6.5125,91.125,4.75,0.0,99.95833333333333
2022-08-01,6.970833333333334,85.83333333333333,5.033333333333333,0.6000000000000001,86.75
2022-08-02,5.5375000000000005,84.58333333333333,4.4125,0.0,81.08333333333333
2022-08-03,6.2625,87.33333333333333,14.370833333333332,6.2,86.91666666666667
2022-08-04,5.758333333333333,91.66666666666667,4.741666666666666,2.4,100.0
2022-08-05,6.016666666666667,85.75,8.991666666666667,0.4,63.625
2022-08-06,7.195833333333333,76.29166666666667,4.920833333333333,0.0,96.0
2022-08-07,6.554166666666667,84.54166666666667,4.195833333333334,3.1,99.95833333333333
2022-08-08,5.3374999999999995,89.04166666666667,8.054166666666667,0.0,43.708333333333336
2022-08-09,5.533333333333334,89.625,3.9166666666666665,0.0,100.0
2022-08-10,6.358333333333333,84.41666666666667,9.875,0.0,80.5
2022-08-11,9.354166666666666,81.66666666666667,28.945833333333336,3.9000000000000004,100.0
2022-08-12,8.329166666666667,90.75,19.787499999999998,19.1,99.25
2022-08-13,8.7875,88.41666666666667,32.145833333333336,32.2,84.20833333333333
2022-08-14,6.470833333333334,86.125,21.933333333333334,17.3,82.41666666666667
2022-08-15,5.583333333333333,93.29166666666667,24.96666666666667,21.8,86.83333333333333
2022-08-16,6.583333333333333,89.33333333333333,12.345833333333333,7.8999999999999995,74.08333333333333
2022-08-17,5.420833333333333,86.5,13.75,8.9,63.458333333333336
2022-08-18,5.920833333333333,88.04166666666667,15.825000000000001,0.2,91.875
2022-08-19,8.833333333333334,84.83333333333333,6.941666666666666,0.0,100.0
2022-08-20,9.458333333333334,93.75,5.341666666666666,0.5,88.33333333333333
2022-08-21,7.841666666666666,92.58333333333333,11.137500000000001,0.0,93.75
2022-08-22,8.174999999999999,90.125,8.070833333333333,2.5,100.0
2022-08-23,7.979166666666667,88.33333333333333,17.320833333333333,19.8,85.875
2022-08-24,5.429166666666667,81.08333333333333,4.7,0.0,77.0
2022-08-25,7.458333333333333,85.125,9.595833333333333,1.6,93.08333333333333
2022-08-26,7.704166666666667,91.5,14.875,6.3,89.58333333333333
2022-08-27,5.691666666666666,79.875,9.129166666666666,0.5,48.625
2022-08-28,5.6000000000000005,81.04166666666667,10.1875,0.0,25.875
2022-08-29,6.283333333333334,95.45833333333333,7.516666666666667,0.0,100.0
2022-08-30,7.129166666666666,89.08333333333333,6.825,0.0,97.75
2022-08-31,8.379166666666666,89.95833333333333,6.0375000000000005,3.4,98.625
2022-09-01,8.1,89.75,7.341666666666666,0.9,83.79166666666667
2022-09-02,6.495833333333334,82.66666666666667,6.970833333333334,0.0,12.916666666666666
2022-09-03,5.9624999999999995,92.0,7.1875,0.0,59.5
2022-09-04,7.454166666666667,90.20833333333333,5.483333333333333,0.0,74.79166666666667
2022-09-05,8.241666666666667,86.25,8.0875,0.0,96.0
2022-09-06,10.6625,69.375,31.075,5.9,99.41666666666667
2022-09-07,7.575,86.91666666666667,21.391666666666666,12.0,85.0
2022-09-08,6.141666666666667,89.08333333333333,11.704166666666666,4.7,94.625
2022-09-09,7.091666666666666,91.58333333333333,5.6375,2.8000000000000003,99.95833333333333
2022-09-10,8.516666666666667,87.79166666666667,11.362499999999999,0.2,38.666666666666664
2022-09-11,8.487499999999999,89.45833333333333,7.670833333333333,3.2,94.91666666666667
2022-09-12,9.5375,87.91666666666667,5.145833333333333,0.2,97.125
2022-09-13,10.758333333333333,79.875,14.445833333333333,0.8,77.41666666666667
2022-09-14,10.987499999999999,78.375,32.8875,1.7000000000000002,100.0
2022-09-15,10.245833333333334,91.16666666666667,31.825,37.2,100.0
2022-09-16,6.608333333333333,78.95833333333333,14.508333333333333,12.5,99.58333333333333
2022-09-17,7.4624999999999995,64.0,18.504166666666666,1.2,71.875
2022-09-18,7.5375000000000005,80.83333333333333,11.566666666666668,3.1,77.54166666666667
2022-09-19,6.8500000000000005,85.79166666666667,10.075000000000001,4.9,48.25
2022-09-20,6.795833333333333,85.25,4.420833333333333,3.4000000000000004,52.375
2022-09-21,7.029166666666666,87.04166666666667,10.745833333333332,5.2,78.83333333333333
2022-09-22,8.745833333333334,93.125,25.675,29.7,100.0
2022-09-23,8.429166666666667,81.45833333333333,12.583333333333334,4.3,76.375
2022-09-24,7.304166666666667,79.625,5.595833333333334,0.0,53.875
2022-09-25,8.729166666666666,80.66666666666667,15.629166666666668,0.5,89.83333333333333
2022-09-26,9.625,86.54166666666667,16.55,12.6,88.75
2022-09-27,8.779166666666667,78.20833333333333,20.020833333333332,0.0,12.041666666666666
2022-09-28,8.875,89.625,17.445833333333333,0.0,52.875
2022-09-29,8.566666666666666,90.41666666666667,13.470833333333333,0.1,89.375
2022-09-30,9.245833333333334,92.75,6.3500000000000005,1.9,82.83333333333333
2022-10-01,9.295833333333333,87.125,15.75,0.0,73.33333333333333
2022-10-02,10.516666666666667,88.08333333333333,6.183333333333334,0.0,100.0
2022-10-03,11.470833333333333,81.375,15.275,1.5,99.95833333333333
2022-10-04,10.779166666666667,88.91666666666667,16.295833333333334,17.5,75.5
2022-10-05,9.4125,87.20833333333333,23.787499999999998,12.2,86.375
2022-10-06,9.758333333333333,85.54166666666667,18.354166666666668,11.4,99.95833333333333
2022-10-07,9.279166666666667,88.0,20.587500000000002,21.5,84.79166666666667
2022-10-08,7.533333333333332,77.45833333333333,13.975,2.2,42.0
2022-10-09,8.5375,70.66666666666667,16.3125,0.0,56.25
2022-10-10,8.695833333333333,72.58333333333333,17.704166666666666,0.0,53.416666666666664
2022-10-11,8.516666666666667,90.95833333333333,18.504166666666666,9.4,93.5
2022-10-12,8.466666666666667,81.45833333333333,15.5625,6.8,80.66666666666667
2022-10-13,7.304166666666667,74.08333333333333,9.670833333333333,0.2,85.875
2022-10-14,9.816666666666666,82.25,11.691666666666668,0.0,49.5
2022-10-15,9.466666666666667,86.95833333333333,16.520833333333332,0.0,64.375
2022-10-16,9.9625,89.0,15.570833333333333,0.0,83.95833333333333
2022-10-17,13.254166666666668,84.41666666666667,10.637500000000001,0.0,60.75
2022-10-18,11.9,88.66666666666667,8.2875,0.0,37.208333333333336
2022-10-19,11.375,86.875,7.1875,0.2,81.20833333333333
2022-10-20,10.345833333333333,82.83333333333333,16.941666666666666,17.0,98.29166666666667
2022-10-21,9.2875,71.83333333333333,15.804166666666667,0.0,11.541666666666666
2022-10-22,9.679166666666665,79.25,11.200000000000001,0.0,38.833333333333336
2022-10-23,10.1625,74.75,19.229166666666668,2.9,94.70833333333333
2022-10-24,12.887500000000001,79.04166666666667,23.90416666666667,2.5,99.75
2022-10-25,13.370833333333335,79.45833333333333,11.216666666666667,3.6,99.625
2022-10-26,12.033333333333333,81.95833333333333,12.083333333333334,5.5,57.5
2022-10-27,10.783333333333333,81.70833333333333,25.325,14.6,87.91666666666667
2022-10-28,10.208333333333334,85.625,12.612499999999999,8.7,100.0
2022-10-29,7.929166666666667,90.04166666666667,14.620833333333332,28.5,87.875
2022-10-30,8.104166666666666,72.875,18.016666666666666,3.9000000000000004,33.083333333333336
2022-10-31,9.354166666666666,74.875,20.666666666666668,0.0,33.708333333333336
2022-11-01,9.970833333333333,82.45833333333333,27.629166666666666,0.0,28.458333333333332
2022-11-02,11.091666666666667,90.25,14.804166666666667,0.0,55.041666666666664
2022-11-03,13.9625,91.33333333333333,7.579166666666667,0.0,51.541666666666664
2022-11-04,12.220833333333333,93.33333333333333,7.058333333333334,0.0,87.66666666666667
2022-11-05,13.754166666666668,85.04166666666667,12.9375,0.9,91.58333333333333
2022-11-06,12.645833333333334,85.29166666666667,7.1125,0.0,81.91666666666667
2022-11-07,12.779166666666667,85.41666666666667,6.970833333333334,0.0,80.5
2022-11-08,13.783333333333333,91.75,9.533333333333333,0.2,79.125
2022-11-09,12.433333333333332,93.66666666666667,6.979166666666667,9.9,93.91666666666667
2022-11-10,13.854166666666666,84.41666666666667,17.125,2.6,93.625
2022-11-11,13.441666666666668,92.20833333333333,10.041666666666666,14.2,99.66666666666667
2022-11-12,12.883333333333333,90.58333333333333,8.554166666666667,12.299999999999999,91.125
2022-11-13,13.441666666666668,83.625,19.945833333333333,6.0,83.66666666666667
2022-11-14,14.275,84.91666666666667,27.020833333333332,7.800000000000001,81.83333333333333
2022-11-15,14.758333333333333,88.04166666666667,22.320833333333336,12.1,97.875
2022-11-16,15.216666666666667,88.25,13.270833333333334,9.3,84.91666666666667
2022-11-17,14.120833333333332,91.45833333333333,6.3500000000000005,2.0,93.83333333333333
2022-11-18,13.370833333333332,88.66666666666667,7.904166666666666,7.6,80.125
2022-11-19,10.299999999999999,81.08333333333333,12.65,4.9,75.875
2022-11-20,10.791666666666666,66.20833333333333,20.825,0.0,9.541666666666666
2022-11-21,11.641666666666666,78.16666666666667,12.512500000000001,0.0,35.791666666666664
2022-11-22,13.495833333333332,87.66666666666667,5.816666666666666,0.4,91.66666666666667
2022-11-23,15.237499999999999,85.45833333333333,12.1625,3.3,100.0
2022-11-24,11.816666666666668,70.08333333333333,15.116666666666667,0.8,34.375
2022-11-25,12.658333333333333,75.45833333333333,11.741666666666667,0.0,0.08333333333333333
2022-11-26,12.924999999999999,84.875,23.6875,0.2,54.375
2022-11-27,13.612499999999999,80.08333333333333,19.20416666666667,0.0,15.875
2022-11-28,14.258333333333333,83.75,10.379166666666666,0.0,42.291666666666664
2022-11-29,12.616666666666667,80.33333333333333,16.929166666666667,3.5,95.5
2022-11-30,11.029166666666667,62.208333333333336,22.508333333333336,0.0,52.75
2022-12-01,11.795833333333334,70.0,11.570833333333333,0.0,51.875
2022-12-02,14.733333333333334,79.91666666666667,8.695833333333333,18.2,94.75
2022-12-03,14.833333333333334,81.625,11.0,8.4,58.625
2022-12-04,14.029166666666667,81.70833333333333,7.866666666666667,1.1,92.83333333333333
2022-12-05,14.104166666666666,85.66666666666667,15.391666666666666,4.6,73.95833333333333
2022-12-06,14.987499999999999,86.54166666666667,9.070833333333333,1.1,65.54166666666667
2022-12-07,15.966666666666667,82.625,26.858333333333334,20.3,79.33333333333333
2022-12-08,16.358333333333334,81.83333333333333,24.329166666666666,7.7,63.791666666666664
2022-12-09,15.120833333333332,85.29166666666667,8.541666666666666,3.6,77.91666666666667
2022-12-10,14.666666666666666,78.41666666666667,5.241666666666666,1.0,41.0
2022-12-11,13.658333333333333,81.0,9.270833333333334,9.4,76.66666666666667
2022-12-12,13.333333333333334,82.625,8.233333333333333,3.6,99.20833333333333
2022-12-13,14.904166666666667,84.33333333333333,4.566666666666666,1.4,94.375
2022-12-14,14.270833333333334,86.83333333333333,5.104166666666667,5.9,75.08333333333333
2022-12-15,13.154166666666667,76.625,18.733333333333334,0.2,79.875
2022-12-16,13.3375,81.0,18.474999999999998,0.0,39.791666666666664
2022-12-17,15.15,80.04166666666667,8.208333333333334,1.3,72.20833333333333
2022-12-18,13.866666666666667,70.875,16.408333333333335,0.0,94.375
2022-12-19,15.391666666666666,78.58333333333333,10.1625,0.2,79.75
2022-12-20,17.495833333333334,71.25,23.620833333333334,0.30000000000000004,72.95833333333333
2022-12-21,17.95,73.75,26.295833333333334,0.4,60.833333333333336
2022-12-22,14.708333333333334,76.66666666666667,20.129166666666666,19.2,68.58333333333333
2022-12-23,11.666666666666666,69.75,19.099999999999998,2.6,26.458333333333332
2022-12-24,13.1875,70.08333333333333,26.8,0.0,21.416666666666668
2022-12-25,14.395833333333334,90.45833333333333,18.295833333333334,0.0,71.75
2022-12-26,14.429166666666667,82.0,24.758333333333336,0.9,74.16666666666667
2022-12-27,12.3375,64.33333333333333,27.929166666666664,0.0,57.958333333333336
2022-12-28,12.4375,64.66666666666667,29.5625,0.0,54.75
2022-12-29,13.141666666666666,74.5,24.2375,0.0,85.41666666666667
2022-12-30,15.170833333333334,74.66666666666667,10.483333333333333,0.0,82.54166666666667
2022-12-31,15.166666666666666,79.08333333333333,8.195833333333333,0.0,67.58333333333333
2023-01-01,14.720833333333333,74.375,11.2125,7.2,76.91666666666667
2023-01-02,12.666666666666666,84.5,11.8375,3.8,88.95833333333333
2023-01-03,13.583333333333334,78.875,12.6875,1.5,90.45833333333333
2023-01-04,14.804166666666667,85.125,19.462500000000002,0.4,84.70833333333333
2023-01-05,15.299999999999999,89.5,12.145833333333334,0.1,63.375
2023-01-06,15.112499999999999,87.29166666666667,9.424999999999999,0.0,70.70833333333333
2023-01-07,16.008333333333333,88.54166666666667,8.108333333333333,0.0,98.25
2023-01-08,16.4875,91.29166666666667,10.179166666666667,0.5,65.45833333333333
2023-01-09,15.1625,88.79166666666667,14.899999999999999,12.6,83.0
2023-01-10,12.725,75.25,12.487499999999999,5.7,49.875
2023-01-11,11.887500000000001,79.16666666666667,9.512500000000001,1.9,66.125
2023-01-12,12.654166666666667,76.625,22.391666666666666,4.1,69.75
2023-01-13,13.766666666666666,76.29166666666667,17.670833333333334,2.0,94.375
2023-01-14,14.116666666666667,82.45833333333333,7.6375,1.5,80.20833333333333
2023-01-15,13.475,69.08333333333333,20.670833333333334,0.0,23.208333333333332
2023-01-16,13.674999999999999,71.58333333333333,21.900000000000002,0.0,67.04166666666667
2023-01-17,14.112499999999999,81.70833333333333,15.679166666666667,0.0,92.0
2023-01-18,14.320833333333333,86.5,13.958333333333334,0.0,70.5
2023-01-19,15.454166666666666,86.41666666666667,9.858333333333333,0.0,69.29166666666667
2023-01-20,16.05,80.91666666666667,7.8500000000000005,0.7000000000000001,93.0
2023-01-21,16.2,86.0,5.529166666666666,2.8,95.08333333333333
2023-01-22,17.158333333333335,87.91666666666667,6.420833333333333,1.9000000000000001,66.75
2023-01-23,18.466666666666665,78.33333333333333,17.020833333333332,20.1,60.125
2023-01-24,14.3125,75.58333333333333,12.595833333333333,7.800000000000001,60.0
2023-01-25,14.020833333333334,76.58333333333333,5.770833333333333,2.5,64.25
2023-01-26,14.762500000000001,78.58333333333333,8.0375,1.1,52.875
2023-01-27,13.950000000000001,75.91666666666667,9.341666666666667,0.1,27.291666666666668
2023-01-28,15.133333333333333,77.70833333333333,10.183333333333334,0.0,0.75
2023-01-29,16.2375,89.70833333333333,14.395833333333334,1.2000000000000002,78.125
2023-01-30,15.575000000000001,79.83333333333333,21.133333333333333,7.5,58.833333333333336
2023-01-31,14.137500000000001,71.75,27.52916666666667,0.0,35.5
2023-02-01,13.970833333333333,70.58333333333333,21.508333333333336,0.0,60.75
2023-02-02,15.466666666666667,71.95833333333333,17.708333333333332,0.0,11.958333333333334
2023-02-03,15.741666666666667,87.29166666666667,24.795833333333334,0.0,40.791666666666664
2023-02-04,15.091666666666667,93.04166666666667,18.029166666666665,0.0,87.5
2023-02-05,16.7625,88.33333333333333,17.329166666666666,2.5,92.375
2023-02-06,14.674999999999999,74.75,18.770833333333332,0.0,11.375
2023-02-07,15.5,78.16666666666667,15.200000000000001,0.0,3.9583333333333335
2023-02-08,16.662499999999998,86.08333333333333,8.695833333333333,0.0,42.791666666666664
2023-02-09,17.974999999999998,87.33333333333333,13.333333333333334,13.600000000000001,66.75
2023-02-10,17.95416666666667,77.75,8.316666666666666,2.1,64.25
2023-02-11,16.695833333333333,80.41666666666667,11.3375,6.4,77.125
2023-02-12,14.979166666666666,82.91666666666667,11.879166666666668,8.3,82.91666666666667
2023-02-13,12.825000000000001,83.375,15.591666666666667,11.0,89.54166666666667
2023-02-14,13.829166666666666,83.625,11.174999999999999,0.30000000000000004,90.08333333333333
2023-02-15,13.658333333333333,78.375,18.895833333333332,1.2,90.04166666666667
2023-02-16,11.975,60.875,29.304166666666664,0.0,88.54166666666667
2023-02-17,13.245833333333332,63.791666666666664,16.141666666666666,0.0,30.833333333333332
2023-02-18,13.733333333333334,79.375,18.208333333333332,0.0,70.5
2023-02-19,13.766666666666666,79.70833333333333,14.941666666666668,3.5,66.29166666666667
2023-02-20,13.133333333333333,75.54166666666667,23.925,0.0,20.208333333333332
2023-02-21,13.579166666666666,77.83333333333333,19.866666666666667,0.0,32.333333333333336
2023-02-22,15.366666666666667,83.25,5.875,1.4,62.375
2023-02-23,14.191666666666668,84.66666666666667,10.758333333333333,0.30000000000000004,41.25
2023-02-24,14.625,81.875,9.9625,16.7,63.541666666666664
2023-02-25,13.541666666666666,77.5,10.154166666666667,4.1,78.875
2023-02-26,13.058333333333335,76.91666666666667,5.683333333333334,0.0,85.83333333333333
2023-02-27,14.129166666666668,81.95833333333333,10.979166666666666,0.0,93.66666666666667
2023-02-28,16.370833333333334,85.41666666666667,5.8125,0.8,78.08333333333333
2023-03-01,14.691666666666668,84.5,6.05,1.5,94.375
2023-03-02,15.316666666666665,83.125,6.55,0.1,90.75
2023-03-03,14.200000000000001,78.33333333333333,15.1875,3.5,73.0
2023-03-04,14.654166666666667,64.54166666666667,8.720833333333333,0.0,65.625
2023-03-05,18.379166666666666,82.08333333333333,9.770833333333334,1.5,68.33333333333333
2023-03-06,15.804166666666667,88.33333333333333,27.349999999999998,27.7,90.95833333333333
2023-03-07,12.845833333333333,89.66666666666667,8.775,4.4,91.54166666666667
2023-03-08,13.841666666666667,79.95833333333333,7.779166666666668,9.4,100.0
2023-03-09,14.0875,90.875,12.320833333333333,13.0,99.75
2023-03-10,16.929166666666667,80.04166666666667,22.879166666666666,0.7,91.45833333333333
2023-03-11,17.858333333333334,75.25,38.525,10.6,92.20833333333333
2023-03-12,13.854166666666666,88.91666666666667,11.620833333333332,3.1,99.20833333333333
2023-03-13,14.525,75.20833333333333,5.345833333333334,0.0,77.75
2023-03-14,14.566666666666668,83.79166666666667,26.349999999999998,14.0,91.54166666666667
2023-03-15,11.991666666666667,78.70833333333333,16.7625,20.4,85.25
2023-03-16,12.491666666666667,73.33333333333333,10.5375,1.0,99.58333333333333
2023-03-17,11.020833333333334,73.33333333333333,21.45,0.0,99.625
2023-03-18,11.625,84.54166666666667,17.679166666666667,0.0,54.708333333333336
2023-03-19,11.270833333333334,78.20833333333333,24.708333333333332,0.0,91.875
2023-03-20,11.825000000000001,78.79166666666667,24.912499999999998,0.0,98.125
2023-03-21,10.637500000000001,87.58333333333333,14.920833333333334,0.0,79.125
2023-03-22,10.820833333333333,85.875,20.4375,0.1,60.791666666666664
2023-03-23,10.933333333333332,82.41666666666667,17.045833333333334,0.0,2.4583333333333335
2023-03-24,12.104166666666666,87.91666666666667,8.174999999999999,0.1,79.66666666666667
2023-03-25,11.450000000000001,76.25,21.650000000000002,0.5,39.666666666666664
2023-03-26,9.908333333333333,80.0,19.279166666666665,0.0,15.375
2023-03-27,10.5625,86.08333333333333,17.754166666666666,10.5,81.70833333333333
2023-03-28,10.954166666666666,82.625,16.275000000000002,7.5,88.33333333333333
2023-03-29,8.512500000000001,80.54166666666667,9.579166666666667,1.6,52.333333333333336
2023-03-30,10.049999999999999,81.70833333333333,14.491666666666667,9.5,88.25
2023-03-31,11.375,79.08333333333333,8.033333333333333,0.0,97.0
2023-04-01,12.987499999999999,84.58333333333333,16.650000000000002,7.1,92.20833333333333
2023-04-02,11.4,84.66666666666667,9.520833333333334,0.1,23.166666666666668
2023-04-03,10.554166666666667,83.41666666666667,4.5,0.0,24.375
2023-04-04,11.950000000000001,77.83333333333333,4.341666666666667,0.0,69.875
2023-04-05,13.670833333333334,90.125,22.366666666666664,22.900000000000002,100.0
2023-04-06,11.179166666666667,87.95833333333333,9.158333333333333,2.6,99.83333333333333
2023-04-07,10.220833333333333,88.54166666666667,8.891666666666667,0.0,85.0
2023-04-08,10.654166666666667,92.41666666666667,8.604166666666666,0.0,77.125
2023-04-09,12.529166666666667,93.41666666666667,8.525,16.9,98.125
2023-04-10,15.633333333333333,92.16666666666667,16.45,52.6,97.08333333333333
2023-04-11,14.35,96.0,9.529166666666667,9.3,95.29166666666667
2023-04-12,12.424999999999999,91.375,12.6,0.2,99.25
2023-04-13,12.0375,81.625,6.970833333333334,0.0,32.666666666666664
2023-04-14,10.508333333333333,85.75,15.695833333333333,0.0,62.166666666666664
2023-04-15,10.016666666666667,84.45833333333333,18.7375,0.0,21.291666666666668
2023-04-16,9.975,79.75,16.025000000000002,3.5,98.41666666666667
2023-04-17,8.666666666666666,82.91666666666667,9.025,7.0,98.83333333333333
2023-04-18,10.983333333333334,89.41666666666667,15.883333333333333,2.9000000000000004,100.0
2023-04-19,12.924999999999999,93.875,8.129166666666666,2.0,96.66666666666667
2023-04-20,11.325000000000001,97.16666666666667,14.058333333333332,1.0,100.0
2023-04-21,11.945833333333333,88.95833333333333,5.983333333333333,2.1,86.33333333333333
2023-04-22,10.262500000000001,92.41666666666667,7.675,0.2,25.916666666666668
2023-04-23,9.637500000000001,90.625,8.729166666666666,0.0,50.583333333333336
2023-04-24,10.512500000000001,84.79166666666667,13.866666666666667,0.0,75.83333333333333
2023-04-25,12.770833333333334,85.25,24.65416666666667,16.3,99.95833333333333
2023-04-26,11.383333333333333,91.83333333333333,12.341666666666667,0.4,100.0
2023-04-27,12.254166666666668,93.04166666666667,16.558333333333334,6.3,98.66666666666667
2023-04-28,14.237499999999999,88.25,42.0625,47.8,92.95833333333333
2023-04-29,10.258333333333333,86.29166666666667,20.866666666666667,10.6,88.125
2023-04-30,8.329166666666667,87.91666666666667,10.166666666666666,5.6000000000000005,65.04166666666667
2023-05-01,8.891666666666667,85.83333333333333,15.016666666666666,2.7,97.375
2023-05-02,9.4,83.29166666666667,13.041666666666666,1.2,67.95833333333333
2023-05-03,8.720833333333333,78.0,10.479166666666666,0.0,84.79166666666667
2023-05-04,10.25,87.04166666666667,4.345833333333333,0.7000000000000001,91.66666666666667
2023-05-05,10.279166666666667,93.45833333333333,10.720833333333333,0.0,67.75
2023-05-06,10.920833333333334,93.66666666666667,14.229166666666666,3.4,91.0
2023-05-07,9.625,86.125,15.137500000000001,0.9,67.91666666666667
2023-05-08,7.0,92.54166666666667,6.654166666666666,0.6,77.79166666666667
2023-05-09,9.554166666666667,91.75,4.9875,0.4,88.75
2023-05-10,11.7875,95.79166666666667,9.4,2.7,94.625
2023-05-11,13.908333333333333,91.70833333333333,16.9375,1.3,99.29166666666667
2023-05-12,13.795833333333334,95.70833333333333,16.795833333333334,9.6,100.0
2023-05-13,14.5625,90.375,18.916666666666668,0.30000000000000004,100.0
2023-05-14,12.5625,93.54166666666667,9.708333333333334,0.0,99.83333333333333
2023-05-15,13.320833333333333,81.95833333333333,34.40416666666667,6.7,99.41666666666667
2023-05-16,10.691666666666668,85.91666666666667,7.866666666666667,2.6,39.833333333333336
2023-05-17,10.329166666666667,88.375,21.558333333333334,9.5,78.875
2023-05-18,10.950000000000001,90.75,19.7,20.3,67.875
2023-05-19,7.2124999999999995,84.125,6.295833333333333,1.7,42.583333333333336
2023-05-20,7.1125,84.29166666666667,27.129166666666666,13.0,91.33333333333333
2023-05-21,10.158333333333333,86.70833333333333,21.549999999999997,38.8,91.625
2023-05-22,9.4125,84.04166666666667,20.650000000000002,3.9000000000000004,87.625
2023-05-23,10.145833333333334,79.79166666666667,36.05833333333333,11.9,68.375
2023-05-24,8.841666666666667,83.91666666666667,29.454166666666666,19.2,74.58333333333333
2023-05-25,8.995833333333334,88.91666666666667,27.295833333333334,22.3,94.54166666666667
2023-05-26,5.666666666666667,91.33333333333333,8.879166666666666,9.8,65.08333333333333
2023-05-27,4.383333333333334,81.95833333333333,11.691666666666665,0.0,50.166666666666664
2023-05-28,5.2625,81.125,7.175,0.0,70.54166666666667
2023-05-29,7.333333333333333,81.16666666666667,13.570833333333333,0.0,95.75
2023-05-30,11.008333333333333,79.75,29.212500000000002,16.2,98.66666666666667
2023-05-31,10.775,91.66666666666667,17.133333333333333,10.8,74.0
2023-06-01,10.320833333333333,86.45833333333333,23.108333333333334,8.6,94.79166666666667
2023-06-02,10.454166666666667,88.16666666666667,32.483333333333334,18.0,78.625
2023-06-03,9.620833333333334,86.91666666666667,23.958333333333332,31.2,72.54166666666667
2023-06-04,8.512500000000001,81.95833333333333,13.9625,0.8,56.916666666666664
2023-06-05,11.487499999999999,76.95833333333333,34.2875,34.6,100.0
2023-06-06,9.575000000000001,90.91666666666667,9.508333333333333,9.299999999999999,62.5
2023-06-07,9.262500000000001,83.20833333333333,25.583333333333332,3.0,96.58333333333333
2023-06-08,10.358333333333333,88.20833333333333,29.941666666666666,36.7,83.20833333333333
2023-06-09,6.291666666666667,87.95833333333333,21.7625,13.8,71.70833333333333
2023-06-10,5.216666666666667,89.33333333333333,5.741666666666667,3.6,64.33333333333333
2023-06-11,6.066666666666666,89.66666666666667,9.004166666666666,5.3,91.0
2023-06-12,6.758333333333333,80.0,18.383333333333333,0.8,61.5
2023-06-13,4.879166666666666,88.58333333333333,6.3,0.0,92.58333333333333
2023-06-14,8.883333333333333,84.25,17.287499999999998,3.1,100.0
2023-06-15,8.470833333333333,76.16666666666667,22.1875,0.9,87.16666666666667
2023-06-16,6.520833333333333,84.79166666666667,12.299999999999999,0.0,17.958333333333332
2023-06-17,4.279166666666667,85.0,6.0625,0.0,97.25
2023-06-18,6.125,86.29166666666667,12.083333333333334,0.0,77.20833333333333
2023-06-19,6.9750000000000005,77.5,7.3374999999999995,0.0,25.583333333333332
2023-06-20,8.887500000000001,74.375,12.808333333333332,1.5,95.25
2023-06-21,11.1,90.16666666666667,33.041666666666664,23.8,100.0
2023-06-22,11.275,94.45833333333333,22.71666666666667,27.0,99.91666666666667
2023-06-23,10.424999999999999,94.08333333333333,17.775,10.0,90.66666666666667
2023-06-24,9.729166666666666,88.33333333333333,13.620833333333332,2.9,63.666666666666664
2023-06-25,10.641666666666667,82.33333333333333,26.616666666666664,14.6,90.04166666666667
2023-06-26,8.575000000000001,90.29166666666667,20.716666666666665,16.4,94.70833333333333
2023-06-27,7.533333333333334,91.54166666666667,19.287499999999998,20.3,77.0
2023-06-28,6.354166666666667,90.58333333333333,8.120833333333334,0.0,75.29166666666667
2023-06-29,8.987499999999999,82.58333333333333,19.525000000000002,9.4,68.83333333333333
2023-06-30,10.079166666666667,83.75,20.054166666666667,17.6,96.16666666666667
2023-07-01,11.995833333333332,79.04166666666667,30.3125,12.3,99.20833333333333
2023-07-02,9.799999999999999,82.79166666666667,25.458333333333332,5.4,43.5
2023-07-03,9.883333333333333,88.08333333333333,29.683333333333334,31.900000000000002,95.66666666666667
2023-07-04,8.612499999999999,86.25,26.691666666666666,15.1,73.625
2023-07-05,7.141666666666667,90.33333333333333,17.933333333333334,19.7,72.70833333333333
2023-07-06,6.2875000000000005,90.625,10.983333333333334,5.2,63.041666666666664
2023-07-07,6.533333333333334,88.41666666666667,6.55,0.2,87.5
2023-07-08,8.058333333333334,85.58333333333333,24.991666666666664,15.299999999999999,86.66666666666667
2023-07-09,6.641666666666667,88.04166666666667,17.7,4.7,51.041666666666664
2023-07-10,5.520833333333333,88.875,9.170833333333333,0.1,16.625
2023-07-11,4.7,80.625,4.329166666666667,0.0,78.625
2023-07-12,5.008333333333334,83.29166666666667,9.641666666666667,0.0,57.583333333333336
2023-07-13,7.720833333333334,77.41666666666667,16.558333333333334,6.1000000000000005,99.41666666666667
2023-07-14,7.354166666666667,87.79166666666667,21.154166666666665,13.2,63.083333333333336
2023-07-15,6.25,92.54166666666667,9.445833333333333,11.9,55.583333333333336
2023-07-16,4.904166666666667,87.91666666666667,10.379166666666666,1.2,23.208333333333332
2023-07-17,2.558333333333333,70.79166666666667,5.0125,0.0,37.833333333333336
2023-07-18,4.579166666666667,71.58333333333333,15.5,11.8,99.625
2023-07-19,11.237499999999999,87.79166666666667,27.912499999999998,4.6000000000000005,99.16666666666667
2023-07-20,12.525,85.70833333333333,32.75,18.1,90.75
2023-07-21,10.112499999999999,87.83333333333333,24.070833333333336,11.5,85.70833333333333
2023-07-22,6.329166666666667,90.08333333333333,12.804166666666667,12.9,78.66666666666667
2023-07-23,3.1166666666666667,86.20833333333333,5.2124999999999995,0.2,68.08333333333333
2023-07-24,7.5249999999999995,71.45833333333333,27.116666666666664,6.7,93.29166666666667
2023-07-25,8.591666666666667,91.5,21.025000000000002,10.4,78.45833333333333
2023-07-26,8.0875,92.75,10.491666666666667,0.0,99.95833333333333
2023-07-27,9.308333333333334,87.83333333333333,21.29583333333333,2.1,99.95833333333333
2023-07-28,12.279166666666667,80.375,31.454166666666666,5.2,100.0
2023-07-29,12.341666666666667,90.83333333333333,19.795833333333334,9.6,99.79166666666667
2023-07-30,10.583333333333334,91.45833333333333,14.258333333333333,2.3000000000000003,79.33333333333333
2023-07-31,12.445833333333333,78.70833333333333,32.49166666666667,9.1,95.5
2023-08-01,8.725,80.25,17.454166666666666,5.2,82.54166666666667
2023-08-02,6.1000000000000005,79.625,9.191666666666666,7.5,60.666666666666664
2023-08-03,5.304166666666666,80.91666666666667,8.470833333333333,0.2,55.916666666666664
2023-08-04,5.729166666666667,84.33333333333333,9.954166666666667,0.0,52.958333333333336
2023-08-05,7.145833333333333,79.625,19.325,0.0,10.083333333333334
2023-08-06,6.229166666666667,81.29166666666667,6.7375,0.0,40.875
2023-08-07,6.4875,82.25,7.816666666666666,0.0,63.041666666666664
2023-08-08,10.358333333333333,74.33333333333333,27.15833333333333,8.4,88.70833333333333
2023-08-09,10.375,89.0,36.57083333333333,23.8,98.41666666666667
2023-08-10,8.245833333333334,89.0,23.816666666666666,33.0,77.875
2023-08-11,4.6499999999999995,89.41666666666667,7.820833333333333,4.4,70.75
2023-08-12,5.6625000000000005,85.83333333333333,21.795833333333334,6.8,99.95833333333333
2023-08-13,9.533333333333333,92.83333333333333,31.570833333333336,33.2,100.0
2023-08-14,11.0625,93.66666666666667,31.479166666666668,19.7,100.0
2023-08-15,10.375,88.58333333333333,13.112499999999999,0.6,85.83333333333333
2023-08-16,10.025,84.33333333333333,15.633333333333333,8.0,77.625
2023-08-17,6.291666666666667,91.29166666666667,9.887500000000001,17.7,84.79166666666667
2023-08-18,6.0375000000000005,82.91666666666667,17.483333333333334,2.0,74.0
2023-08-19,7.479166666666667,88.45833333333333,15.887500000000001,25.6,100.0
2023-08-20,9.35,91.75,22.40416666666667,14.6,97.66666666666667
2023-08-21,8.116666666666667,88.625,18.670833333333334,10.8,77.95833333333333
2023-08-22,6.791666666666667,88.25,11.954166666666666,9.8,86.0
2023-08-23,4.933333333333334,83.5,7.1000000000000005,12.8,47.833333333333336
2023-08-24,4.245833333333334,86.04166666666667,8.020833333333334,1.5,67.29166666666667
2023-08-25,4.995833333333334,83.79166666666667,9.9,1.4000000000000001,69.54166666666667
2023-08-26,5.520833333333333,70.70833333333333,10.758333333333333,0.0,1.2083333333333333
2023-08-27,9.0,67.25,28.166666666666668,3.5,80.5
2023-08-28,8.975,82.79166666666667,15.375,11.600000000000001,64.125
2023-08-29,7.608333333333333,82.54166666666667,27.141666666666666,10.2,91.04166666666667
2023-08-30,6.954166666666667,82.625,15.9625,14.1,65.79166666666667
2023-08-31,7.066666666666666,88.5,30.945833333333336,24.9,95.375
2023-09-01,7.366666666666667,82.95833333333333,16.758333333333333,11.6,51.125
2023-09-02,5.966666666666666,86.33333333333333,11.875,3.3000000000000003,54.291666666666664
2023-09-03,4.183333333333334,86.66666666666667,4.9625,3.8,77.91666666666667
2023-09-04,4.645833333333333,81.0,4.566666666666666,0.30000000000000004,85.79166666666667
2023-09-05,9.058333333333334,74.95833333333333,19.091666666666665,6.2,93.875
2023-09-06,9.491666666666667,85.125,29.900000000000002,4.5,84.95833333333333
2023-09-07,9.241666666666667,88.66666666666667,18.6875,12.5,81.375
2023-09-08,9.6,84.54166666666667,20.120833333333334,2.4000000000000004,74.75
2023-09-09,11.025,74.79166666666667,27.454166666666666,14.7,60.375
2023-09-10,9.454166666666667,83.29166666666667,20.829166666666666,7.699999999999999,85.25
2023-09-11,7.625,88.75,14.033333333333333,20.9,90.08333333333333
2023-09-12,8.325000000000001,89.04166666666667,15.129166666666668,5.2,82.29166666666667
2023-09-13,8.5,87.70833333333333,31.366666666666664,10.0,85.33333333333333
2023-09-14,10.8125,94.58333333333333,27.604166666666668,46.4,100.0
2023-09-15,10.883333333333333,81.375,22.758333333333336,12.3,84.29166666666667
2023-09-16,7.433333333333334,82.0,19.579166666666666,12.8,68.20833333333333
2023-09-17,5.383333333333333,86.45833333333333,9.1625,14.200000000000001,62.541666666666664
2023-09-18,4.670833333333333,88.29166666666667,5.533333333333334,3.4,60.375
2023-09-19,5.675,79.66666666666667,14.825000000000001,0.0,25.541666666666668
2023-09-20,7.4624999999999995,82.58333333333333,7.708333333333333,0.8,98.54166666666667
2023-09-21,8.525,87.04166666666667,5.7,2.9,98.25
2023-09-22,7.8875,92.0,8.35,13.4,94.83333333333333
2023-09-23,6.4624999999999995,83.95833333333333,9.104166666666666,1.0,90.45833333333333
2023-09-24,7.341666666666666,77.16666666666667,7.3374999999999995,0.0,59.583333333333336
2023-09-25,7.308333333333334,75.45833333333333,12.408333333333333,0.0,29.25
2023-09-26,7.825,74.20833333333333,12.720833333333333,1.6,92.5
2023-09-27,8.645833333333334,82.375,26.370833333333334,11.2,90.25
2023-09-28,8.216666666666667,84.16666666666667,13.841666666666667,2.7,49.083333333333336
2023-09-29,8.262500000000001,82.25,13.920833333333334,0.0,13.0
2023-09-30,9.725,81.70833333333333,6.008333333333333,0.0,82.66666666666667
2023-10-01,8.495833333333334,84.0,8.316666666666666,4.0,91.08333333333333
2023-10-02,8.4,87.04166666666667,8.095833333333333,2.3000000000000003,99.95833333333333
2023-10-03,8.941666666666666,78.70833333333333,5.55,0.2,54.416666666666664
2023-10-04,8.316666666666666,87.41666666666667,5.770833333333333,0.5,55.375
2023-10-05,9.179166666666667,84.79166666666667,12.333333333333334,1.4,80.0
2023-10-06,8.299999999999999,76.875,10.666666666666666,6.4,62.791666666666664
2023-10-07,7.829166666666667,79.79166666666667,12.470833333333333,1.5,91.66666666666667
2023-10-08,9.9625,83.33333333333333,16.808333333333334,2.4,94.0
2023-10-09,9.979166666666666,85.875,11.445833333333333,3.7,94.875
2023-10-10,8.366666666666667,72.95833333333333,20.349999999999998,6.4,45.5
2023-10-11,8.720833333333333,65.66666666666667,22.954166666666666,0.0,30.458333333333332
2023-10-12,8.908333333333333,73.66666666666667,22.266666666666666,0.6000000000000001,67.95833333333333
2023-10-13,9.591666666666667,75.16666666666667,18.270833333333332,0.4,57.75
2023-10-14,9.733333333333333,81.875,16.208333333333332,3.4,90.875
2023-10-15,9.779166666666667,77.08333333333333,11.416666666666666,4.5,81.125
2023-10-16,9.508333333333333,82.33333333333333,16.129166666666666,6.3,46.791666666666664
2023-10-17,9.566666666666666,81.91666666666667,19.974999999999998,0.0,45.625
2023-10-18,12.641666666666666,86.625,12.579166666666666,1.6,74.125
2023-10-19,12.095833333333333,83.29166666666667,9.220833333333333,0.2,86.79166666666667
2023-10-20,11.0375,84.58333333333333,15.816666666666668,0.4,86.95833333333333
2023-10-21,10.4125,74.70833333333333,22.179166666666664,0.0,65.41666666666667
2023-10-22,10.483333333333333,77.125,18.6375,0.0,50.583333333333336
2023-10-23,10.700000000000001,79.29166666666667,8.766666666666667,0.0,39.0
2023-10-24,10.754166666666668,77.16666666666667,16.958333333333332,0.1,48.958333333333336
2023-10-25,11.254166666666668,73.20833333333333,16.412499999999998,0.0,51.041666666666664
2023-10-26,10.995833333333332,84.58333333333333,11.629166666666668,7.3,91.0
2023-10-27,11.883333333333333,82.95833333333333,32.2875,9.7,92.54166666666667
2023-10-28,9.841666666666667,78.54166666666667,34.7875,16.8,85.95833333333333
2023-10-29,6.5874999999999995,79.54166666666667,19.858333333333334,20.2,86.33333333333333
2023-10-30,6.6875,85.0,15.095833333333333,12.6,79.20833333333333
2023-10-31,7.791666666666667,79.5,11.933333333333332,0.0,18.791666666666668
2023-11-01,11.137500000000001,71.91666666666667,8.9625,0.5,50.208333333333336
2023-11-02,10.679166666666667,68.5,11.091666666666667,0.4,38.375
2023-11-03,10.583333333333334,76.33333333333333,7.954166666666667,0.30000000000000004,85.04166666666667
2023-11-04,11.299999999999999,83.20833333333333,5.041666666666667,4.1,98.625
2023-11-05,11.65,92.375,18.25,28.3,99.25
2023-11-06,12.195833333333333,91.33333333333333,29.645833333333332,37.6,96.79166666666667
2023-11-07,11.445833333333333,80.54166666666667,17.416666666666668,3.0,82.0
2023-11-08,10.866666666666667,86.66666666666667,6.845833333333334,3.1,78.08333333333333
2023-11-09,10.320833333333333,80.04166666666667,17.258333333333333,0.1,28.166666666666668
2023-11-10,10.583333333333334,77.91666666666667,19.141666666666666,1.3,74.33333333333333
2023-11-11,8.141666666666667,82.41666666666667,21.25,28.2,75.54166666666667
2023-11-12,7.1499999999999995,76.875,6.683333333333334,4.3,50.0
2023-11-13,8.995833333333334,73.70833333333333,19.229166666666668,7.0,69.45833333333333
2023-11-14,6.933333333333334,78.625,9.654166666666667,2.6,73.25
2023-11-15,8.970833333333333,79.875,16.058333333333334,8.0,96.5
2023-11-16,10.545833333333333,91.29166666666667,27.745833333333334,22.7,100.0
2023-11-17,8.762500000000001,81.70833333333333,19.720833333333335,13.7,69.79166666666667
2023-11-18,9.25,86.91666666666667,19.558333333333334,10.3,97.70833333333333
2023-11-19,12.004166666666668,86.83333333333333,25.433333333333334,1.3,96.45833333333333
2023-11-20,11.166666666666666,81.25,20.141666666666666,9.1,68.04166666666667
2023-11-21,10.9625,78.66666666666667,11.520833333333334,2.7,68.16666666666667
2023-11-22,10.15,83.875,6.854166666666667,5.8999999999999995,81.5
2023-11-23,10.525,82.16666666666667,16.025000000000002,0.0,19.166666666666668
2023-11-24,10.7125,85.79166666666667,15.762500000000001,0.1,59.541666666666664
2023-11-25,10.737499999999999,83.04166666666667,14.637500000000001,0.0,64.375
2023-11-26,11.137500000000001,87.83333333333333,11.5375,0.0,88.33333333333333
2023-11-27,13.570833333333333,83.25,11.104166666666666,1.7000000000000002,93.375
2023-11-28,12.516666666666666,73.375,9.304166666666667,1.6,84.125
2023-11-29,12.791666666666666,78.79166666666667,16.650000000000002,1.2,99.875
2023-11-30,13.758333333333333,80.79166666666667,12.225,3.1,92.45833333333333
2023-12-01,11.183333333333332,74.375,14.579166666666666,5.6,92.91666666666667
2023-12-02,8.670833333333333,75.95833333333333,9.975,3.6,40.416666666666664
2023-12-03,9.520833333333334,71.20833333333333,18.104166666666668,0.6000000000000001,28.958333333333332
2023-12-04,11.391666666666667,78.0,25.616666666666664,0.0,16.416666666666668
2023-12-05,12.570833333333333,85.25,17.587500000000002,1.4000000000000001,56.708333333333336
2023-12-06,12.708333333333334,84.04166666666667,13.420833333333334,0.0,34.041666666666664
2023-12-07,12.516666666666666,86.41666666666667,13.266666666666666,0.0,44.791666666666664
2023-12-08,11.475,81.58333333333333,11.529166666666667,0.9,75.58333333333333
2023-12-09,11.262500000000001,79.45833333333333,5.979166666666667,0.4,64.83333333333333
2023-12-10,12.987499999999999,83.08333333333333,12.816666666666668,0.0,73.875
2023-12-11,13.191666666666668,86.66666666666667,11.108333333333334,9.6,95.41666666666667
2023-12-12,12.041666666666666,76.70833333333333,7.416666666666667,0.8,56.833333333333336
2023-12-13,12.616666666666667,68.75,14.166666666666666,0.0,73.16666666666667
2023-12-14,12.183333333333332,74.83333333333333,16.375,1.1,87.58333333333333
2023-12-15,14.141666666666666,68.95833333333333,34.90416666666667,0.0,99.29166666666667
2023-12-16,11.291666666666666,86.29166666666667,19.5125,24.3,99.79166666666667
2023-12-17,10.016666666666667,84.125,6.433333333333334,23.2,68.25
2023-12-18,11.354166666666666,77.45833333333333,18.037499999999998,0.0,2.3333333333333335
2023-12-19,16.1875,78.41666666666667,12.366666666666667,0.2,25.083333333333332
2023-12-20,16.604166666666668,79.70833333333333,13.158333333333333,3.5,29.375
2023-12-21,12.9625,86.25,9.741666666666667,1.1,69.45833333333333
2023-12-22,13.833333333333334,84.875,11.512500000000001,3.6,81.58333333333333
2023-12-23,12.862499999999999,73.75,23.5,0.0,47.375
2023-12-24,13.041666666666666,75.5,19.195833333333333,0.0,54.375
2023-12-25,13.608333333333334,83.54166666666667,23.429166666666664,0.6,42.166666666666664
2023-12-26,14.304166666666667,86.08333333333333,20.925,0.7000000000000001,55.416666666666664
2023-12-27,14.466666666666667,78.25,16.966666666666665,0.0,28.208333333333332
2023-12-28,14.816666666666668,81.58333333333333,13.450000000000001,1.1,93.0
2023-12-29,14.566666666666668,76.16666666666667,16.045833333333334,0.1,39.25
2023-12-30,14.737499999999999,77.54166666666667,18.0625,0.0,40.375
2023-12-31,15.970833333333333,80.5,9.891666666666667,0.0,73.91666666666667
2024-01-01,15.0,79.25,11.612499999999999,0.0,68.70833333333333
2024-01-02,15.654166666666667,81.125,15.095833333333333,0.1,64.04166666666667
2024-01-03,16.104166666666668,81.66666666666667,13.862499999999999,0.30000000000000004,60.208333333333336
2024-01-04,16.595833333333335,79.79166666666667,6.441666666666666,0.4,80.125
2024-01-05,16.691666666666666,90.33333333333333,8.954166666666667,19.0,91.95833333333333
2024-01-06,15.9,86.54166666666667,6.191666666666666,11.1,83.33333333333333
2024-01-07,14.637500000000001,85.70833333333333,8.9625,5.8999999999999995,74.33333333333333
2024-01-08,13.325000000000001,70.66666666666667,11.595833333333333,0.7,74.66666666666667
2024-01-09,12.525,74.125,12.4125,1.9000000000000001,65.70833333333333
2024-01-10,12.975,64.5,27.53333333333333,0.0,49.375
2024-01-11,14.291666666666666,74.70833333333333,19.458333333333332,0.0,53.208333333333336
2024-01-12,14.591666666666667,75.875,15.770833333333334,2.1999999999999997,74.0
2024-01-13,14.25,74.0,13.345833333333333,2.8000000000000003,83.16666666666667
2024-01-14,14.404166666666667,82.5,9.029166666666667,1.4000000000000001,79.16666666666667
2024-01-15,14.983333333333334,88.83333333333333,8.233333333333333,6.6,96.29166666666667
2024-01-16,14.875,75.54166666666667,15.791666666666666,0.4,51.291666666666664
2024-01-17,15.387500000000001,81.25,12.008333333333333,3.5,56.375
2024-01-18,14.020833333333334,72.33333333333333,14.174999999999999,1.2,49.875
2024-01-19,15.1,72.5,20.633333333333333,0.0,2.375
2024-01-20,14.1,71.08333333333333,32.02916666666666,0.0,39.791666666666664
2024-01-21,14.674999999999999,73.79166666666667,28.116666666666664,0.0,43.333333333333336
2024-01-22,15.525,82.41666666666667,18.945833333333333,0.0,22.291666666666668
2024-01-23,16.170833333333334,82.58333333333333,13.891666666666666,0.0,12.208333333333334
2024-01-24,16.483333333333334,80.41666666666667,7.5375000000000005,0.0,37.0
2024-01-25,18.787499999999998,81.83333333333333,8.516666666666667,0.0,42.916666666666664
2024-01-26,18.75,80.20833333333333,8.066666666666666,0.0,56.708333333333336
2024-01-27,17.216666666666665,78.45833333333333,14.375,2.6,55.25
2024-01-28,15.174999999999999,69.33333333333333,20.366666666666667,0.0,50.791666666666664
2024-01-29,15.5,62.125,16.445833333333333,0.0,40.541666666666664
2024-01-30,16.604166666666668,69.04166666666667,7.558333333333334,0.0,32.291666666666664
2024-01-31,18.741666666666667,75.04166666666667,7.220833333333334,0.30000000000000004,24.958333333333332
2024-02-01,19.808333333333334,78.0,11.604166666666666,0.0,68.25
2024-02-02,19.099999999999998,77.25,15.3375,10.8,46.125
2024-02-03,14.987499999999999,69.0,12.375,1.1,54.875
2024-02-04,16.625,65.41666666666667,11.216666666666667,0.0,15.208333333333334
2024-02-05,18.345833333333335,78.04166666666667,19.420833333333334,4.0,86.125
2024-02-06,17.483333333333334,84.91666666666667,19.575,8.2,87.625
2024-02-07,14.933333333333332,70.16666666666667,7.641666666666667,1.3,72.58333333333333
2024-02-08,14.758333333333333,64.41666666666667,24.616666666666664,0.0,94.79166666666667
2024-02-09,15.029166666666667,78.75,20.804166666666667,0.2,74.79166666666667
2024-02-10,16.733333333333334,78.95833333333333,11.158333333333333,0.3,51.0
2024-02-11,15.033333333333333,79.58333333333333,11.670833333333334,2.5,83.625
2024-02-12,13.491666666666667,63.25,22.758333333333336,0.0,37.916666666666664
2024-02-13,14.875,77.29166666666667,15.5375,0.0,40.208333333333336
2024-02-14,16.804166666666667,72.66666666666667,8.679166666666667,0.0,29.833333333333332
2024-02-15,16.320833333333333,77.70833333333333,7.391666666666667,0.0,51.166666666666664
2024-02-16,16.145833333333332,80.91666666666667,8.15,4.5,58.166666666666664
2024-02-17,14.504166666666668,77.04166666666667,13.279166666666667,2.2,24.791666666666668
2024-02-18,14.391666666666666,71.75,24.5625,0.0,23.375
2024-02-19,15.6625,80.125,22.304166666666664,0.0,14.166666666666666
2024-02-20,16.541666666666668,81.16666666666667,12.9625,0.4,84.83333333333333
2024-02-21,15.829166666666666,83.41666666666667,15.295833333333334,19.9,84.625
2024-02-22,13.629166666666668,84.54166666666667,11.179166666666667,2.1,68.16666666666667
2024-02-23,12.916666666666666,70.41666666666667,14.633333333333333,0.2,76.41666666666667
2024-02-24,13.866666666666667,74.66666666666667,16.891666666666666,0.0,76.25
2024-02-25,14.8125,76.29166666666667,11.395833333333334,0.0,32.916666666666664
2024-02-26,14.512500000000001,82.54166666666667,5.641666666666667,0.1,56.666666666666664
2024-02-27,14.566666666666668,91.125,13.1,9.7,93.54166666666667
2024-02-28,14.629166666666668,84.625,6.641666666666667,3.3,43.583333333333336
2024-02-29,13.883333333333333,78.83333333333333,19.891666666666666,0.0,55.416666666666664
2024-03-01,15.158333333333333,73.79166666666667,12.483333333333334,0.1,48.833333333333336
2024-03-02,12.916666666666666,72.08333333333333,14.345833333333333,0.1,31.25
2024-03-03,12.745833333333332,58.833333333333336,25.454166666666666,0.0,9.583333333333334
2024-03-04,13.112499999999999,73.70833333333333,17.754166666666666,0.0,19.375
2024-03-05,14.395833333333334,82.0,7.066666666666666,2.5,55.458333333333336
2024-03-06,12.829166666666666,76.45833333333333,11.1,2.3,46.125
2024-03-07,13.091666666666667,67.125,17.154166666666665,0.0,25.041666666666668
2024-03-08,13.983333333333334,73.0,24.204166666666666,10.9,87.20833333333333
2024-03-09,14.174999999999999,80.25,13.654166666666667,2.5,93.95833333333333
2024-03-10,14.799999999999999,80.83333333333333,9.700000000000001,0.7,87.16666666666667
2024-03-11,16.479166666666668,76.66666666666667,26.129166666666666,7.7,87.66666666666667
2024-03-12,15.012500000000001,77.95833333333333,17.529166666666665,17.1,68.95833333333333
2024-03-13,13.408333333333333,81.5,23.287499999999998,12.6,60.583333333333336
2024-03-14,12.004166666666668,80.70833333333333,8.991666666666667,1.0,53.625
2024-03-15,12.65,84.79166666666667,13.833333333333334,4.4,76.33333333333333
2024-03-16,11.5625,78.66666666666667,9.766666666666667,1.0,63.291666666666664
2024-03-17,11.154166666666667,80.66666666666667,6.791666666666667,0.30000000000000004,79.375
2024-03-18,12.395833333333334,83.70833333333333,7.5249999999999995,2.4,82.20833333333333
2024-03-19,12.958333333333334,88.08333333333333,28.666666666666668,47.9,99.29166666666667
2024-03-20,9.741666666666667,81.33333333333333,8.233333333333333,3.2,45.916666666666664
2024-03-21,8.5625,78.375,7.620833333333334,0.0,66.66666666666667
2024-03-22,14.570833333333333,84.79166666666667,23.854166666666668,22.3,99.875
2024-03-23,16.004166666666666,88.0,17.195833333333333,4.5,74.0
2024-03-24,14.125,90.04166666666667,7.391666666666667,0.1,57.875
2024-03-25,13.691666666666668,90.33333333333333,4.120833333333334,0.30000000000000004,99.25
2024-03-26,15.216666666666667,90.41666666666667,8.833333333333334,13.7,89.91666666666667
2024-03-27,12.245833333333332,90.70833333333333,9.204166666666667,0.1,54.583333333333336
2024-03-28,14.225,82.95833333333333,3.9625,1.9000000000000001,41.125
2024-03-29,13.237499999999999,78.375,12.158333333333333,5.4,65.25
2024-03-30,10.720833333333333,81.79166666666667,7.179166666666667,3.6,77.33333333333333
2024-03-31,9.995833333333334,73.75,10.637500000000001,0.0,51.458333333333336
2024-04-01,10.0875,76.5,6.0125,0.0,26.416666666666668
2024-04-02,12.2125,78.75,31.900000000000002,24.9,91.83333333333333
2024-04-03,10.733333333333334,83.79166666666667,18.5,1.5,87.58333333333333
2024-04-04,12.883333333333333,86.625,13.85,7.9,74.95833333333333
2024-04-05,11.304166666666667,87.5,4.333333333333333,0.0,72.125
2024-04-06,13.254166666666668,86.75,17.125,1.7,99.25
2024-04-07,14.35,93.875,23.675,18.3,99.79166666666667
2024-04-08,12.216666666666667,81.33333333333333,20.587500000000002,14.5,81.125
2024-04-09,9.3125,61.458333333333336,25.712500000000002,0.0,54.833333333333336
2024-04-10,10.145833333333334,80.625,16.1,0.0,26.166666666666668
2024-04-11,11.866666666666667,71.20833333333333,8.166666666666666,0.0,8.25
2024-04-12,10.225,88.875,8.254166666666666,0.0,39.125
2024-04-13,13.641666666666666,77.375,12.4,0.0,5.166666666666667
2024-04-14,13.058333333333332,76.75,5.4375,0.0,0.0
2024-04-15,13.654166666666667,83.83333333333333,17.162499999999998,0.0,51.166666666666664
2024-04-16,13.395833333333334,85.25,13.299999999999999,5.6000000000000005,82.54166666666667
2024-04-17,11.8375,85.125,6.8,0.4,72.25
2024-04-18,13.220833333333333,82.41666666666667,24.2625,11.6,92.70833333333333
2024-04-19,10.641666666666667,86.08333333333333,13.870833333333332,5.3,78.125
2024-04-20,9.549999999999999,88.79166666666667,5.979166666666667,2.0,90.08333333333333
2024-04-21,9.35,85.5,17.1125,0.0,98.625
2024-04-22,9.8125,95.25,6.129166666666666,15.1,94.79166666666667
2024-04-23,9.2125,82.45833333333333,10.029166666666667,0.5,65.33333333333333
2024-04-24,10.879166666666668,81.45833333333333,28.758333333333336,25.8,93.83333333333333
2024-04-25,11.025,87.70833333333333,24.849999999999998,11.6,65.0
2024-04-26,7.375,84.54166666666667,14.033333333333333,12.0,67.79166666666667
2024-04-27,8.241666666666667,82.91666666666667,14.691666666666668,2.3,72.79166666666667
2024-04-28,10.604166666666666,89.04166666666667,21.150000000000002,7.0,85.45833333333333
2024-04-29,9.3375,88.45833333333333,27.270833333333332,29.0,95.91666666666667
2024-04-30,6.558333333333334,85.375,13.545833333333334,11.6,71.95833333333333
2024-05-01,7.033333333333334,91.04166666666667,13.929166666666667,6.7,86.29166666666667
2024-05-02,6.8125,87.95833333333333,6.979166666666667,3.0,72.54166666666667
2024-05-03,7.925,90.625,27.579166666666666,20.400000000000002,95.20833333333333
2024-05-04,6.783333333333334,83.375,21.224999999999998,10.8,82.875
2024-05-05,5.958333333333333,87.29166666666667,22.629166666666666,10.3,82.75
2024-05-06,8.291666666666666,93.75,24.175,29.3,99.0
2024-05-07,6.866666666666667,88.04166666666667,12.741666666666667,7.300000000000001,57.541666666666664
2024-05-08,7.558333333333334,89.75,25.3125,6.9,97.08333333333333
2024-05-09,8.604166666666666,88.91666666666667,16.625,4.8,41.125
2024-05-10,7.991666666666667,89.91666666666667,7.033333333333334,10.0,72.45833333333333
2024-05-11,6.641666666666667,89.33333333333333,5.0,9.9,49.833333333333336
2024-05-12,6.1375,85.45833333333333,9.429166666666667,0.0,21.541666666666668
2024-05-13,5.695833333333333,80.83333333333333,7.574999999999999,0.0,11.041666666666666
2024-05-14,5.266666666666667,78.0,10.1625,0.0,2.4583333333333335
2024-05-15,4.8875,86.58333333333333,8.329166666666667,0.0,32.125
2024-05-16,7.458333333333333,84.5,10.058333333333334,0.0,38.125
2024-05-17,5.6625000000000005,84.83333333333333,5.554166666666667,0.0,10.958333333333334
2024-05-18,6.5874999999999995,89.25,11.15,0.0,43.583333333333336
2024-05-19,8.845833333333333,82.91666666666667,28.458333333333332,11.1,94.5
2024-05-20,8.325000000000001,90.29166666666667,24.641666666666666,14.3,87.08333333333333
2024-05-21,8.033333333333333,92.20833333333333,18.295833333333334,13.2,85.25
2024-05-22,7.770833333333333,91.08333333333333,9.645833333333334,1.4000000000000001,61.291666666666664
2024-05-23,5.8125,87.79166666666667,6.3125,0.0,51.583333333333336
2024-05-24,5.266666666666667,80.91666666666667,6.745833333333334,0.0,77.25
2024-05-25,7.633333333333333,68.16666666666667,4.933333333333334,0.0,96.0
2024-05-26,7.370833333333334,76.29166666666667,7.616666666666667,0.0,22.333333333333332
2024-05-27,9.754166666666666,80.70833333333333,12.741666666666667,0.0,97.91666666666667
2024-05-28,10.549999999999999,80.66666666666667,31.120833333333334,4.7,95.125
2024-05-29,8.416666666666666,88.0,13.095833333333333,0.7,74.45833333333333
2024-05-30,6.345833333333334,89.125,6.675,0.0,99.79166666666667
2024-05-31,8.8375,92.04166666666667,11.116666666666667,23.400000000000002,88.83333333333333
2024-06-01,6.175,90.70833333333333,17.633333333333333,8.9,60.416666666666664
2024-06-02,6.216666666666666,84.25,8.012500000000001,0.0,46.208333333333336
2024-06-03,6.941666666666666,76.0,12.200000000000001,6.9,98.875
2024-06-04,12.179166666666667,69.29166666666667,31.224999999999998,5.9,99.91666666666667
2024-06-05,12.4375,82.58333333333333,31.754166666666666,11.4,94.375
2024-06-06,11.924999999999999,88.5,26.391666666666666,13.6,85.58333333333333
2024-06-07,12.950000000000001,87.45833333333333,24.0,12.0,99.95833333333333
2024-06-08,11.887500000000001,91.08333333333333,21.270833333333332,27.0,99.875
2024-06-09,10.420833333333333,88.625,24.266666666666666,6.6,87.54166666666667
2024-06-10,11.308333333333332,81.20833333333333,35.7875,17.3,100.0
2024-06-11,12.258333333333333,76.08333333333333,25.7625,4.7,92.75
2024-06-12,12.112499999999999,84.83333333333333,30.733333333333334,19.8,100.0
2024-06-13,11.479166666666666,91.625,24.629166666666666,23.7,99.79166666666667
2024-06-14,9.154166666666667,86.45833333333333,5.125,5.300000000000001,87.875
2024-06-15,8.674999999999999,83.08333333333333,9.829166666666667,0.0,86.75
2024-06-16,9.362499999999999,82.5,26.287499999999998,2.4000000000000004,89.04166666666667
2024-06-17,9.241666666666667,86.58333333333333,27.77916666666667,15.5,92.375
2024-06-18,6.545833333333333,90.41666666666667,13.266666666666666,8.3,72.54166666666667
2024-06-19,5.245833333333333,85.95833333333333,14.845833333333333,1.7000000000000002,67.0
2024-06-20,7.241666666666666,80.66666666666667,30.954166666666666,23.5,100.0
2024-06-21,8.704166666666667,84.70833333333333,28.900000000000002,6.7,95.20833333333333
2024-06-22,6.654166666666666,91.83333333333333,20.604166666666668,18.2,88.66666666666667
2024-06-23,6.5125,87.54166666666667,20.983333333333334,6.7,86.875
2024-06-24,5.033333333333333,86.625,5.6375,0.0,10.916666666666666
2024-06-25,4.533333333333333,87.66666666666667,18.7,10.2,83.83333333333333
2024-06-26,9.9125,94.70833333333333,21.65416666666667,41.4,100.0
2024-06-27,7.3,92.33333333333333,9.7125,18.6,69.875
2024-06-28,5.1499999999999995,91.45833333333333,7.004166666666666,2.4,63.166666666666664
2024-06-29,6.404166666666666,86.5,12.841666666666667,0.2,88.25
2024-06-30,7.504166666666666,89.66666666666667,20.083333333333332,11.5,99.95833333333333
2024-07-01,7.579166666666667,92.83333333333333,12.745833333333332,15.399999999999999,96.83333333333333
2024-07-02,7.270833333333333,86.83333333333333,13.5625,5.1000000000000005,52.625
2024-07-03,5.366666666666667,84.91666666666667,17.116666666666667,4.3999999999999995,77.45833333333333
2024-07-04,3.045833333333333,88.04166666666667,8.158333333333333,2.1,54.833333333333336
2024-07-05,3.8208333333333333,88.95833333333333,5.7375,0.6,91.95833333333333
2024-07-06,5.125,84.75,9.995833333333334,4.9,82.20833333333333
2024-07-07,3.8333333333333335,90.83333333333333,6.675,0.0,49.666666666666664
2024-07-08,5.595833333333334,81.66666666666667,16.05,0.0,44.416666666666664
2024-07-09,4.175,78.5,10.120833333333334,0.0,5.625
2024-07-10,6.204166666666667,87.125,11.508333333333333,2.8,89.45833333333333
2024-07-11,5.308333333333334,88.04166666666667,9.079166666666667,0.0,21.25
2024-07-12,6.054166666666667,92.5,12.920833333333334,0.0,34.666666666666664
2024-07-13,6.445833333333333,86.08333333333333,10.475,0.0,45.791666666666664
2024-07-14,5.05,92.08333333333333,9.799999999999999,0.0,77.08333333333333
2024-07-15,6.416666666666667,88.75,16.841666666666665,11.5,92.16666666666667
2024-07-16,7.8,90.83333333333333,8.758333333333333,0.0,94.08333333333333
2024-07-17,8.654166666666667,85.45833333333333,20.029166666666665,16.3,92.91666666666667
2024-07-18,5.9125000000000005,87.625,12.191666666666668,11.4,63.958333333333336
2024-07-19,4.795833333333333,76.33333333333333,16.420833333333334,0.0,12.541666666666666
2024-07-20,5.641666666666667,81.875,12.979166666666666,0.0,45.166666666666664
2024-07-21,5.4624999999999995,89.20833333333333,9.295833333333333,0.0,22.083333333333332
2024-07-22,5.925,95.75,12.8125,0.0,97.375
2024-07-23,7.6499999999999995,88.45833333333333,19.920833333333334,0.0,97.20833333333333
2024-07-24,10.441666666666666,80.83333333333333,35.07083333333333,5.6,100.0
2024-07-25,7.4624999999999995,92.16666666666667,11.583333333333334,13.8,61.833333333333336
2024-07-26,5.95,86.33333333333333,19.991666666666667,13.4,58.333333333333336
2024-07-27,4.716666666666667,86.79166666666667,9.174999999999999,6.4,30.958333333333332
2024-07-28,4.545833333333333,76.70833333333333,11.370833333333332,0.5,36.291666666666664
2024-07-29,3.7375000000000003,80.45833333333333,5.570833333333333,0.0,86.375
2024-07-30,7.8500000000000005,66.41666666666667,16.416666666666668,0.1,99.91666666666667
2024-07-31,10.737499999999999,60.041666666666664,37.4375,15.299999999999999,100.0
2024-08-01,9.741666666666667,88.5,33.65833333333333,29.099999999999998,100.0
2024-08-02,9.116666666666667,89.08333333333333,27.34166666666667,25.2,92.45833333333333
2024-08-03,7.7875000000000005,89.45833333333333,20.316666666666666,10.3,91.79166666666667
2024-08-04,9.137500000000001,83.95833333333333,22.195833333333336,7.9,97.125
2024-08-05,8.9125,82.45833333333333,34.4,18.4,99.58333333333333
2024-08-06,6.129166666666666,85.33333333333333,12.795833333333334,0.6000000000000001,30.333333333333332
2024-08-07,5.170833333333333,86.625,5.595833333333334,0.0,11.041666666666666
2024-08-08,4.404166666666667,88.95833333333333,5.55,0.0,76.54166666666667
2024-08-09,7.666666666666667,85.25,22.474999999999998,16.9,100.0
2024-08-10,8.679166666666667,87.54166666666667,16.179166666666667,4.5,75.125
2024-08-11,7.879166666666666,85.45833333333333,8.791666666666666,0.8,95.16666666666667
2024-08-12,8.395833333333334,82.625,6.133333333333333,0.0,99.75
2024-08-13,10.583333333333334,85.79166666666667,19.445833333333333,9.9,100.0
2024-08-14,8.987499999999999,90.20833333333333,10.383333333333333,9.9,66.375
2024-08-15,7.5,87.20833333333333,9.979166666666666,7.6,50.791666666666664
2024-08-16,5.8374999999999995,88.91666666666667,8.704166666666667,6.2,49.458333333333336
2024-08-17,5.0874999999999995,89.91666666666667,4.979166666666667,3.0,57.333333333333336
2024-08-18,5.458333333333333,75.125,12.408333333333333,0.8,32.375
2024-08-19,7.595833333333334,59.833333333333336,11.658333333333333,0.0,26.5
2024-08-20,6.6875,75.29166666666667,6.4875,0.5,44.333333333333336
2024-08-21,4.841666666666667,88.0,5.970833333333334,6.8,72.79166666666667
2024-08-22,5.958333333333333,86.95833333333333,9.633333333333333,2.0,66.0
2024-08-23,5.5125,91.33333333333333,6.091666666666666,3.5,83.83333333333333
2024-08-24,6.1499999999999995,84.625,6.8374999999999995,0.0,90.66666666666667
2024-08-25,7.858333333333333,78.83333333333333,19.091666666666665,3.5,99.75
2024-08-26,7.516666666666667,89.0,10.104166666666666,6.5,72.66666666666667
2024-08-27,4.675,87.58333333333333,9.612499999999999,0.0,77.08333333333333
2024-08-28,7.866666666666667,82.66666666666667,22.72083333333333,0.0,15.125
2024-08-29,7.7875000000000005,87.125,17.7375,0.0,26.125
2024-08-30,8.870833333333334,87.16666666666667,8.137500000000001,0.0,75.33333333333333
2024-08-31,10.458333333333334,81.875,18.441666666666666,0.0,87.08333333333333
2024-09-01,8.825000000000001,88.5,36.012499999999996,21.5,97.29166666666667
2024-09-02,7.691666666666666,87.625,15.058333333333332,6.4,78.04166666666667
2024-09-03,7.708333333333333,88.41666666666667,20.008333333333333,16.2,79.66666666666667
2024-09-04,6.420833333333333,81.66666666666667,6.179166666666667,0.0,71.66666666666667
2024-09-05,7.8875,86.29166666666667,22.791666666666668,12.200000000000001,98.95833333333333
2024-09-06,8.700000000000001,88.58333333333333,9.629166666666666,3.1,94.75
2024-09-07,8.908333333333333,82.29166666666667,16.5625,1.4,78.375
2024-09-08,8.4625,85.29166666666667,17.900000000000002,3.1,67.625
2024-09-09,8.733333333333333,85.45833333333333,24.008333333333336,10.4,85.29166666666667
2024-09-10,7.25,80.08333333333333,10.408333333333333,8.9,95.66666666666667
2024-09-11,6.879166666666666,77.79166666666667,7.554166666666667,0.2,81.29166666666667
2024-09-12,7.154166666666666,84.91666666666667,9.754166666666666,1.7,94.54166666666667
2024-09-13,8.3125,88.75,8.429166666666667,13.2,80.33333333333333
2024-09-14,7.558333333333334,80.875,8.604166666666666,1.7000000000000002,80.79166666666667
2024-09-15,8.545833333333333,83.08333333333333,8.566666666666666,0.9,80.83333333333333
2024-09-16,6.6625000000000005,86.70833333333333,6.641666666666667,0.0,58.958333333333336
2024-09-17,7.458333333333333,82.625,12.3125,0.0,79.375
2024-09-18,10.441666666666666,76.125,9.570833333333333,5.8,91.70833333333333
2024-09-19,9.620833333333334,83.33333333333333,21.775000000000002,8.0,99.375
2024-09-20,8.429166666666667,83.125,35.69583333333333,12.2,99.5
2024-09-21,8.879166666666666,83.95833333333333,20.4375,20.2,63.75
2024-09-22,7.433333333333334,86.66666666666667,25.412499999999998,13.6,81.08333333333333
2024-09-23,5.9875,78.29166666666667,10.5375,1.6,43.291666666666664
2024-09-24,6.720833333333334,88.04166666666667,16.670833333333334,17.6,89.58333333333333
2024-09-25,6.241666666666667,79.95833333333333,8.595833333333333,0.9,57.958333333333336
2024-09-26,6.5249999999999995,79.83333333333333,5.370833333333334,0.0,66.625
2024-09-27,7.079166666666667,85.75,24.329166666666666,22.9,99.5
2024-09-28,10.9625,87.45833333333333,19.608333333333334,10.6,93.41666666666667
2024-09-29,10.975,92.58333333333333,24.1125,25.8,100.0
2024-09-30,7.550000000000001,77.20833333333333,11.716666666666667,12.3,92.70833333333333
2024-10-01,5.5375000000000005,78.875,7.720833333333334,3.8,60.291666666666664
2024-10-02,6.754166666666666,90.5,9.1625,2.9,91.5
2024-10-03,7.779166666666666,82.83333333333333,12.387500000000001,0.0,58.5
2024-10-04,8.733333333333333,79.95833333333333,16.258333333333333,0.30000000000000004,78.16666666666667
2024-10-05,8.799999999999999,82.5,14.045833333333334,0.0,3.7916666666666665
2024-10-06,9.387500000000001,88.0,9.395833333333334,0.1,35.416666666666664
2024-10-07,9.320833333333333,84.04166666666667,20.537499999999998,0.0,46.083333333333336
2024-10-08,9.945833333333333,89.125,13.950000000000001,0.0,50.541666666666664
2024-10-09,10.408333333333333,89.45833333333333,8.495833333333334,0.0,64.25
2024-10-10,8.975,93.66666666666667,9.916666666666666,13.799999999999999,87.75
2024-10-11,8.237499999999999,86.125,11.316666666666668,10.6,72.04166666666667
2024-10-12,9.520833333333334,83.875,12.4,1.8,92.04166666666667
2024-10-13,10.779166666666667,84.75,7.383333333333333,0.2,50.75
2024-10-14,10.495833333333334,83.375,10.758333333333333,0.2,67.125
2024-10-15,9.216666666666667,85.125,6.045833333333333,0.0,79.95833333333333
2024-10-16,10.9,81.83333333333333,18.129166666666666,7.500000000000001,54.0
2024-10-17,13.304166666666667,84.41666666666667,16.216666666666665,4.3,84.95833333333333
2024-10-18,10.941666666666668,91.08333333333333,9.966666666666667,0.0,87.29166666666667
2024-10-19,11.1625,90.41666666666667,5.279166666666667,0.39999999999999997,92.16666666666667
2024-10-20,11.458333333333334,87.08333333333333,15.858333333333334,6.9,82.20833333333333
2024-10-21,12.179166666666667,86.08333333333333,13.645833333333334,1.2000000000000002,81.91666666666667
2024-10-22,11.166666666666666,88.83333333333333,19.212500000000002,0.0,26.958333333333332
2024-10-23,12.654166666666667,87.125,8.987499999999999,0.5,81.04166666666667
2024-10-24,10.654166666666667,87.54166666666667,10.6875,15.0,96.70833333333333
2024-10-25,9.283333333333333,75.29166666666667,14.141666666666666,1.7,86.70833333333333
2024-10-26,10.391666666666667,73.95833333333333,17.283333333333335,0.4,62.333333333333336
2024-10-27,10.512500000000001,72.04166666666667,18.474999999999998,0.0,50.833333333333336
2024-10-28,11.575000000000001,75.20833333333333,19.466666666666665,0.0,16.708333333333332
2024-10-29,11.3125,84.58333333333333,23.191666666666666,0.0,88.58333333333333
2024-10-30,12.191666666666668,82.66666666666667,12.254166666666668,0.0,64.58333333333333
2024-10-31,12.020833333333334,88.29166666666667,5.625,0.0,63.166666666666664
2024-11-01,12.045833333333334,75.83333333333333,21.920833333333334,13.6,79.08333333333333
2024-11-02,10.779166666666667,70.83333333333333,18.89166666666667,2.0,74.25
2024-11-03,10.795833333333334,78.29166666666667,29.7,18.3,80.20833333333333
2024-11-04,11.095833333333333,79.29166666666667,28.133333333333336,6.0,92.66666666666667
2024-11-05,11.791666666666666,85.91666666666667,26.691666666666666,18.1,98.5
2024-11-06,10.329166666666667,76.875,8.9,0.6000000000000001,51.666666666666664
2024-11-07,11.391666666666666,78.25,6.4125000000000005,0.8,87.125
2024-11-08,12.5875,87.375,20.479166666666668,10.700000000000001,94.83333333333333
2024-11-09,12.716666666666667,83.5,11.645833333333334,21.4,76.41666666666667
2024-11-10,9.799999999999999,87.0,15.366666666666667,18.5,73.75
2024-11-11,9.716666666666667,80.83333333333333,9.141666666666667,1.2000000000000002,87.79166666666667
2024-11-12,11.866666666666667,78.79166666666667,6.829166666666667,0.2,98.58333333333333
2024-11-13,12.9375,83.41666666666667,3.5625,0.0,91.25
2024-11-14,14.762500000000001,85.75,14.645833333333334,8.0,98.625
2024-11-15,11.533333333333333,79.58333333333333,15.554166666666667,13.4,59.5
2024-11-16,9.966666666666667,74.66666666666667,11.245833333333332,0.8,17.75
2024-11-17,10.975,70.29166666666667,23.212500000000002,0.0,34.041666666666664
2024-11-18,11.495833333333332,75.33333333333333,14.595833333333333,0.0,34.583333333333336
2024-11-19,11.920833333333334,77.91666666666667,6.0375000000000005,0.0,78.20833333333333
2024-11-20,12.445833333333333,83.16666666666667,8.754166666666666,5.6,71.625
2024-11-21,12.995833333333332,80.0,4.445833333333334,0.6000000000000001,55.291666666666664
2024-11-22,13.058333333333332,77.375,12.429166666666667,1.1,77.33333333333333
2024-11-23,14.237499999999999,85.91666666666667,10.6,11.799999999999999,66.5
2024-11-24,13.525,82.625,12.762500000000001,5.8,64.79166666666667
2024-11-25,12.237499999999999,86.41666666666667,18.212500000000002,18.6,76.41666666666667
2024-11-26,10.845833333333333,86.91666666666667,11.475,31.2,71.08333333333333
2024-11-27,10.495833333333334,86.5,6.070833333333333,10.7,66.0
2024-11-28,11.329166666666666,82.20833333333333,4.9624999999999995,2.7,64.875
2024-11-29,12.158333333333333,78.25,16.295833333333334,0.0,21.583333333333332
2024-11-30,12.358333333333334,76.08333333333333,12.841666666666667,0.4,83.41666666666667
2024-12-01,11.433333333333332,73.04166666666667,10.566666666666666,3.9,81.45833333333333
2024-12-02,10.670833333333334,66.5,17.520833333333332,0.6000000000000001,71.54166666666667
2024-12-03,11.616666666666667,67.20833333333333,17.825,0.0,58.958333333333336
2024-12-04,12.420833333333334,82.66666666666667,7.383333333333333,2.7,92.625
2024-12-05,12.133333333333333,85.16666666666667,13.666666666666666,16.6,89.25
2024-12-06,10.683333333333332,75.125,5.954166666666667,5.5,33.5
2024-12-07,11.929166666666667,74.375,10.683333333333332,0.0,35.625
2024-12-08,11.770833333333334,73.41666666666667,11.804166666666667,0.7,92.375
2024-12-09,11.950000000000001,68.66666666666667,11.262500000000001,0.0,39.041666666666664
2024-12-10,12.191666666666668,74.66666666666667,7.5625,0.2,74.875
2024-12-11,12.845833333333333,79.625,6.483333333333333,0.0,40.666666666666664
2024-12-12,12.958333333333334,84.04166666666667,4.2749999999999995,5.3,62.458333333333336
2024-12-13,13.012500000000001,72.79166666666667,15.924999999999999,1.0,54.125
2024-12-14,13.512500000000001,69.58333333333333,22.400000000000002,0.0,6.708333333333333
2024-12-15,13.525,82.0,17.55,0.30000000000000004,78.33333333333333
2024-12-16,15.975,79.70833333333333,6.891666666666667,0.0,33.958333333333336
2024-12-17,14.166666666666666,85.5,7.325,3.8000000000000003,94.95833333333333
2024-12-18,13.545833333333334,69.79166666666667,12.741666666666667,2.9,83.58333333333333
2024-12-19,11.625,85.79166666666667,14.770833333333334,8.8,87.375
2024-12-20,12.233333333333334,71.75,7.175,1.8,67.20833333333333
2024-12-21,12.895833333333334,71.0,9.991666666666667,0.0,38.875
2024-12-22,13.9,78.75,3.966666666666667,0.4,96.54166666666667
2024-12-23,14.583333333333334,78.25,13.654166666666667,2.6,66.25
2024-12-24,13.450000000000001,77.0,17.841666666666665,0.0,21.958333333333332
2024-12-25,14.141666666666666,86.5,12.108333333333334,0.0,55.708333333333336
2024-12-26,14.904166666666667,81.58333333333333,14.645833333333334,0.0,68.41666666666667
2024-12-27,14.450000000000001,79.125,17.354166666666668,0.2,100.0
2024-12-28,15.516666666666666,75.33333333333333,10.054166666666667,0.0,35.75
2024-12-29,15.320833333333333,74.16666666666667,9.654166666666667,0.0,47.75
2024-12-30,13.170833333333334,81.54166666666667,12.841666666666667,7.2,76.20833333333333
2024-12-31,12.725,73.04166666666667,9.641666666666667,1.0,77.08333333333333
2025-01-01,13.566666666666668,78.41666666666667,14.541666666666666,3.8,67.875
2025-01-02,14.708333333333334,69.625,15.466666666666667,0.0,17.0
2025-01-03,16.541666666666668,83.625,12.1625,0.0,15.375
2025-01-04,15.8125,80.08333333333333,10.845833333333333,0.0,24.166666666666668
2025-01-05,15.483333333333334,78.75,13.408333333333333,0.0,48.0
2025-01-06,15.475,80.04166666666667,9.479166666666666,0.0,83.70833333333333
2025-01-07,16.208333333333332,79.75,9.116666666666667,0.0,36.583333333333336
2025-01-08,16.837500000000002,83.375,7.666666666666667,3.8,91.79166666666667
2025-01-09,14.220833333333333,63.458333333333336,18.466666666666665,0.1,40.666666666666664
2025-01-10,14.299999999999999,72.04166666666667,10.654166666666667,0.0,57.208333333333336
2025-01-11,15.641666666666666,67.25,6.1499999999999995,0.0,58.125
2025-01-12,15.762500000000001,82.20833333333333,8.674999999999999,1.9,89.375
2025-01-13,14.479166666666666,58.458333333333336,15.4625,0.0,92.79166666666667
2025-01-14,13.245833333333332,74.0,9.845833333333333,11.5,91.58333333333333
2025-01-15,15.887500000000001,78.66666666666667,15.424999999999999,2.1,84.79166666666667
2025-01-16,13.762500000000001,78.875,8.558333333333334,0.8,47.75
2025-01-17,13.904166666666667,71.41666666666667,12.566666666666668,0.1,36.666666666666664
2025-01-18,14.450000000000001,71.375,20.383333333333333,0.1,26.583333333333332
2025-01-19,14.420833333333334,78.625,13.762500000000001,0.0,90.79166666666667
2025-01-20,15.975,80.16666666666667,7.120833333333334,3.6999999999999997,80.16666666666667
2025-01-21,15.016666666666666,74.04166666666667,8.741666666666667,0.2,70.41666666666667
2025-01-22,15.358333333333334,74.83333333333333,7.195833333333333,4.1,40.416666666666664
2025-01-23,15.516666666666666,79.91666666666667,9.158333333333333,17.099999999999998,91.58333333333333
2025-01-24,14.7125,76.04166666666667,5.341666666666666,1.3,59.791666666666664
2025-01-25,15.245833333333332,76.70833333333333,8.316666666666666,0.0,17.791666666666668
2025-01-26,16.170833333333334,79.08333333333333,9.6,11.1,40.25
2025-01-27,13.375,76.66666666666667,6.195833333333333,0.6000000000000001,42.041666666666664
2025-01-28,14.441666666666668,71.5,9.216666666666667,0.0,35.708333333333336
2025-01-29,15.370833333333335,76.20833333333333,9.583333333333334,0.0,5.25
2025-01-30,16.608333333333334,76.95833333333333,5.75,0.0,35.75
2025-01-31,15.35,70.5,15.387500000000001,3.9,47.958333333333336
2025-02-01,15.137500000000001,64.25,11.429166666666667,0.0,5.875
2025-02-02,14.470833333333333,72.08333333333333,12.6,8.3,68.125
2025-02-03,12.966666666666667,75.625,5.6499999999999995,0.5,75.83333333333333
2025-02-04,14.262500000000001,76.45833333333333,6.508333333333333,0.0,18.333333333333332
2025-02-05,16.0625,75.66666666666667,13.375,2.4,65.0
2025-02-06,14.220833333333333,79.29166666666667,8.1875,2.5,64.375
2025-02-07,15.8125,71.375,5.108333333333333,0.0,46.541666666666664
2025-02-08,15.466666666666667,78.66666666666667,10.362499999999999,1.1,49.833333333333336
2025-02-09,16.441666666666666,71.25,5.204166666666667,0.1,48.458333333333336
2025-02-10,14.333333333333334,77.33333333333333,9.875,4.5,65.04166666666667
2025-02-11,12.870833333333332,75.125,13.9125,2.4000000000000004,53.125
2025-02-12,13.987499999999999,68.79166666666667,22.52916666666667,0.0,61.75
2025-02-13,13.970833333333333,78.58333333333333,13.6625,0.0,71.79166666666667
2025-02-14,13.979166666666666,80.70833333333333,10.683333333333332,0.4,73.16666666666667
2025-02-15,13.35,79.91666666666667,12.541666666666666,2.4,75.66666666666667
2025-02-16,13.595833333333333,74.75,7.7250000000000005,1.4,99.125
2025-02-17,13.333333333333334,67.375,17.9875,0.0,63.166666666666664
2025-02-18,14.299999999999999,81.04166666666667,19.604166666666668,0.0,67.91666666666667
2025-02-19,13.320833333333333,80.33333333333333,14.666666666666666,0.2,71.29166666666667
2025-02-20,14.658333333333333,73.45833333333333,7.325,0.1,72.875
2025-02-21,16.895833333333332,71.375,14.0875,0.0,90.125
2025-02-22,16.270833333333332,88.66666666666667,20.525000000000002,11.8,97.33333333333333
2025-02-23,16.941666666666666,85.83333333333333,7.691666666666666,6.7,76.20833333333333
2025-02-24,15.341666666666667,78.125,5.758333333333333,0.6000000000000001,70.875
2025-02-25,14.0875,80.45833333333333,4.708333333333333,0.0,65.375
2025-02-26,14.3125,85.08333333333333,8.791666666666666,0.0,67.54166666666667
2025-02-27,12.995833333333332,94.54166666666667,8.020833333333334,12.4,100.0
2025-02-28,14.204166666666666,85.83333333333333,5.8500000000000005,9.5,97.04166666666667
2025-03-01,14.295833333333334,71.70833333333333,10.270833333333334,0.0,49.75
2025-03-02,15.333333333333334,79.25,21.787499999999998,10.8,93.08333333333333
2025-03-03,15.191666666666668,73.83333333333333,9.741666666666667,1.4000000000000001,68.08333333333333
2025-03-04,15.366666666666667,82.70833333333333,20.454166666666666,11.200000000000001,87.16666666666667
2025-03-05,16.55,76.83333333333333,18.283333333333335,7.1,49.541666666666664
2025-03-06,15.645833333333334,93.29166666666667,16.579166666666666,38.5,100.0
2025-03-07,12.654166666666667,86.875,12.916666666666666,15.0,56.25
2025-03-08,11.1,76.83333333333333,9.924999999999999,0.30000000000000004,31.208333333333332
2025-03-09,12.920833333333334,72.125,8.266666666666667,0.0,38.75
2025-03-10,13.695833333333333,72.75,17.875,4.3,77.75
2025-03-11,11.708333333333334,67.5,18.10833333333333,0.0,39.041666666666664
2025-03-12,12.579166666666666,82.66666666666667,10.504166666666666,0.0,49.291666666666664
2025-03-13,12.945833333333333,79.5,21.1375,0.0,40.916666666666664
2025-03-14,11.775,76.41666666666667,18.079166666666666,0.0,66.16666666666667
2025-03-15,11.970833333333333,80.45833333333333,11.325000000000001,0.1,86.125
2025-03-16,11.783333333333333,79.58333333333333,5.029166666666667,0.0,68.33333333333333
2025-03-17,14.954166666666666,81.375,8.450000000000001,3.6,84.79166666666667
2025-03-18,12.520833333333334,82.0,9.200000000000001,0.2,46.0
2025-03-19,13.433333333333332,79.375,6.175,0.0,64.79166666666667
2025-03-20,17.366666666666667,88.25,8.225,3.6,92.29166666666667
2025-03-21,13.579166666666666,83.41666666666667,14.979166666666666,1.9000000000000001,48.375
2025-03-22,11.845833333333333,72.33333333333333,22.34166666666667,0.0,39.333333333333336
2025-03-23,13.112499999999999,72.08333333333333,11.041666666666666,0.0,7.416666666666667
2025-03-24,12.2125,84.83333333333333,10.983333333333334,0.0,9.541666666666666
2025-03-25,14.791666666666666,79.66666666666667,5.516666666666667,0.0,36.541666666666664
2025-03-26,15.604166666666666,76.91666666666667,18.991666666666667,0.30000000000000004,66.83333333333333
2025-03-27,14.441666666666668,90.16666666666667,10.725,12.6,96.08333333333333
2025-03-28,14.341666666666667,82.70833333333333,9.295833333333333,1.9000000000000001,77.75
2025-03-29,14.516666666666666,80.875,30.2625,5.1000000000000005,92.95833333333333
2025-03-30,11.004166666666668,80.83333333333333,10.279166666666667,4.7,89.20833333333333
2025-03-31,10.620833333333334,81.70833333333333,5.333333333333333,1.3,55.541666666666664
2025-04-01,11.720833333333333,79.33333333333333,8.458333333333334,0.1,54.541666666666664
2025-04-02,10.525,89.0,13.041666666666666,16.7,87.125
2025-04-03,9.225,74.33333333333333,8.545833333333333,0.0,9.166666666666666
2025-04-04,10.2875,76.29166666666667,5.3374999999999995,0.0,86.70833333333333
2025-04-05,10.170833333333333,76.04166666666667,4.245833333333334,0.0,50.25
2025-04-06,12.608333333333334,79.91666666666667,6.45,0.0,19.25
2025-04-07,14.258333333333333,84.41666666666667,7.7,0.0,77.625
2025-04-08,12.066666666666668,92.58333333333333,7.620833333333334,0.0,99.20833333333333
2025-04-09,13.258333333333333,84.91666666666667,12.141666666666666,9.3,100.0
2025-04-10,13.174999999999999,79.54166666666667,27.900000000000002,8.7,78.125
2025-04-11,11.4625,84.95833333333333,22.53333333333333,5.1000000000000005,72.33333333333333
2025-04-12,11.066666666666668,86.16666666666667,5.183333333333334,0.30000000000000004,98.66666666666667
2025-04-13,10.641666666666667,89.79166666666667,4.916666666666667,2.0,98.58333333333333
2025-04-14,12.095833333333333,86.79166666666667,18.229166666666668,9.6,76.79166666666667
2025-04-15,12.233333333333334,84.83333333333333,15.170833333333334,0.1,83.58333333333333
2025-04-16,11.979166666666666,86.66666666666667,14.554166666666667,11.3,76.83333333333333
2025-04-17,10.679166666666667,91.0,11.158333333333333,12.7,68.20833333333333
2025-04-18,10.137500000000001,87.16666666666667,11.529166666666667,1.0,64.91666666666667
2025-04-19,9.783333333333333,85.95833333333333,8.079166666666667,0.0,44.75
2025-04-20,9.595833333333333,91.125,16.349999999999998,14.700000000000001,96.625
2025-04-21,12.516666666666666,92.41666666666667,14.991666666666667,22.5,99.79166666666667
2025-04-22,14.670833333333334,93.91666666666667,16.029166666666665,32.6,89.5
2025-04-23,12.195833333333333,91.29166666666667,5.979166666666667,0.7999999999999999,64.75
2025-04-24,11.6625,92.04166666666667,19.9375,15.1,96.0
2025-04-25,8.883333333333333,85.20833333333333,13.754166666666668,9.6,79.58333333333333
2025-04-26,10.058333333333334,91.5,13.304166666666667,4.5,98.0
2025-04-27,11.045833333333334,88.70833333333333,5.270833333333333,0.7000000000000001,94.25
2025-04-28,9.233333333333333,87.45833333333333,4.433333333333334,0.0,57.0
2025-04-29,9.4375,82.91666666666667,3.1166666666666667,0.0,38.083333333333336
2025-04-30,11.341666666666667,80.70833333333333,20.5125,9.600000000000001,77.83333333333333
2025-05-01,10.700000000000001,87.70833333333333,24.516666666666666,10.8,75.25
2025-05-02,10.1875,94.16666666666667,20.808333333333334,10.0,99.5
2025-05-03,9.979166666666666,88.375,17.029166666666665,15.100000000000001,79.91666666666667
2025-05-04,8.766666666666667,83.70833333333333,10.729166666666666,0.4,70.54166666666667
2025-05-05,10.095833333333333,74.29166666666667,18.75,0.0,80.33333333333333
2025-05-06,10.25,82.75,19.241666666666667,21.5,74.875
2025-05-07,9.741666666666665,92.25,23.079166666666666,26.5,99.625
2025-05-08,10.658333333333333,92.33333333333333,18.920833333333334,26.7,89.79166666666667
2025-05-09,11.391666666666666,93.79166666666667,12.65,8.6,99.125
2025-05-10,12.866666666666667,91.29166666666667,12.020833333333334,0.7000000000000001,85.29166666666667
2025-05-11,10.508333333333333,93.25,6.991666666666667,0.0,86.20833333333333
2025-05-12,12.429166666666667,79.54166666666667,19.079166666666666,0.0,84.95833333333333
2025-05-13,12.191666666666668,90.41666666666667,17.308333333333334,26.1,97.25
2025-05-14,11.762500000000001,88.45833333333333,18.066666666666666,12.8,63.291666666666664
2025-05-15,12.145833333333334,89.95833333333333,21.108333333333334,5.6000000000000005,96.41666666666667
2025-05-16,11.904166666666667,93.91666666666667,34.0375,33.7,100.0
2025-05-17,9.137500000000001,79.58333333333333,21.150000000000002,25.8,66.125
2025-05-18,7.3500000000000005,91.70833333333333,13.174999999999999,9.1,85.54166666666667
2025-05-19,8.75,90.375,11.9625,9.8,91.04166666666667
2025-05-20,9.716666666666667,84.91666666666667,8.191666666666666,1.4000000000000001,67.79166666666667
2025-05-21,9.4125,83.0,15.35,11.1,77.33333333333333
2025-05-22,6.654166666666666,88.54166666666667,4.445833333333334,0.0,93.5
2025-05-23,8.541666666666666,90.20833333333333,11.475,3.3,85.08333333333333
2025-05-24,9.108333333333333,86.04166666666667,15.591666666666667,0.0,86.75
2025-05-25,10.833333333333334,81.875,27.041666666666668,8.9,91.16666666666667
2025-05-26,7.5375000000000005,91.375,6.816666666666666,20.0,72.29166666666667
2025-05-27,5.9875,90.33333333333333,5.379166666666666,2.0,92.625
2025-05-28,5.791666666666667,84.875,4.0125,0.0,91.375
2025-05-29,9.870833333333334,89.95833333333333,9.0,9.5,95.125
2025-05-30,7.454166666666667,88.45833333333333,4.745833333333334,5.4,61.958333333333336
2025-05-31,7.266666666666667,86.79166666666667,6.0375000000000005,0.1,92.79166666666667
2025-06-01,9.470833333333333,82.625,21.066666666666666,12.2,99.125
2025-06-02,10.950000000000001,96.08333333333333,22.900000000000002,13.4,99.91666666666667
2025-06-03,11.079166666666666,90.0,23.245833333333334,21.5,99.95833333333333
2025-06-04,8.049999999999999,89.08333333333333,3.9,0.9,74.16666666666667
2025-06-05,5.2,86.58333333333333,6.808333333333334,0.0,39.791666666666664
2025-06-06,6.866666666666667,87.5,9.941666666666666,0.0,4.291666666666667
2025-06-07,9.2125,79.79166666666667,13.075000000000001,0.1,54.5
2025-06-08,6.595833333333334,84.41666666666667,3.9416666666666664,0.0,71.625
2025-06-09,6.845833333333334,86.79166666666667,6.1125,0.0,90.20833333333333
2025-06-10,9.741666666666667,71.83333333333333,12.233333333333334,0.0,98.20833333333333
2025-06-11,10.366666666666667,78.125,18.558333333333334,7.2,88.45833333333333
2025-06-12,7.920833333333333,92.45833333333333,12.183333333333332,15.8,83.41666666666667
2025-06-13,6.841666666666666,89.125,18.087500000000002,8.6,62.333333333333336
2025-06-14,9.779166666666667,80.29166666666667,36.55416666666667,39.5,95.70833333333333
2025-06-15,8.6875,92.70833333333333,21.1375,25.099999999999998,88.41666666666667
2025-06-16,7.4125000000000005,90.375,7.925,6.6,90.0
2025-06-17,7.054166666666667,93.0,5.7875000000000005,6.1000000000000005,83.25
2025-06-18,8.120833333333334,82.25,18.6375,0.0,98.5
2025-06-19,9.670833333333333,80.54166666666667,23.962500000000002,10.2,99.875
2025-06-20,8.683333333333334,92.66666666666667,6.629166666666666,6.2,88.95833333333333
2025-06-21,8.775,93.70833333333333,19.462500000000002,21.7,90.79166666666667
2025-06-22,6.958333333333333,67.79166666666667,15.083333333333334,1.1,35.875
2025-06-23,5.945833333333333,79.83333333333333,14.529166666666667,1.0,94.04166666666667
2025-06-24,7.529166666666666,88.125,16.2,11.9,72.0
2025-06-25,4.9125000000000005,90.79166666666667,11.966666666666667,4.8,72.375
2025-06-26,6.6000000000000005,95.16666666666667,9.549999999999999,9.3,99.875
2025-06-27,5.370833333333334,90.79166666666667,4.995833333333334,1.7000000000000002,75.16666666666667
2025-06-28,3.658333333333333,71.0,5.791666666666667,0.0,9.083333333333334
2025-06-29,0.7041666666666666,51.75,3.1125000000000003,0.0,0.0
2025-06-30,0.4958333333333333,62.875,4.791666666666667,0.0,62.333333333333336
2025-07-01,4.716666666666667,68.79166666666667,8.220833333333333,0.0,95.16666666666667
2025-07-02,8.033333333333333,65.70833333333333,18.375,2.8000000000000003,98.5
2025-07-03,10.3875,72.5,17.979166666666668,1.7000000000000002,100.0
2025-07-04,8.416666666666666,94.58333333333333,9.9,1.4,92.33333333333333
2025-07-05,8.0375,80.79166666666667,6.120833333333334,0.0,92.25
2025-07-06,10.945833333333333,73.45833333333333,13.120833333333332,3.1,92.375
2025-07-07,12.075000000000001,83.375,17.099999999999998,0.1,99.83333333333333
2025-07-08,8.416666666666666,84.16666666666667,11.908333333333333,2.2,41.708333333333336
2025-07-09,6.666666666666667,83.0,10.8125,0.0,3.7916666666666665
2025-07-10,6.066666666666666,84.95833333333333,6.920833333333333,0.0,81.70833333333333
2025-07-11,9.625,79.79166666666667,15.595833333333333,0.0,83.16666666666667
2025-07-12,10.4625,81.16666666666667,15.658333333333333,0.1,74.58333333333333
2025-07-13,8.404166666666667,88.33333333333333,6.7250000000000005,0.0,84.20833333333333
2025-07-14,8.954166666666667,79.58333333333333,23.075,1.6,98.0
2025-07-15,7.770833333333333,89.58333333333333,11.975,4.4,66.70833333333333
2025-07-16,7.541666666666667,78.04166666666667,14.408333333333333,0.0,68.91666666666667
2025-07-17,9.950000000000001,68.91666666666667,17.537499999999998,0.0,98.625
2025-07-18,10.591666666666667,83.25,26.741666666666664,5.1,100.0
2025-07-19,9.770833333333334,84.83333333333333,4.4750000000000005,1.9000000000000001,92.875
2025-07-20,8.0,83.41666666666667,8.316666666666666,0.0,100.0
2025-07-21,7.3500000000000005,75.375,10.845833333333333,0.9,78.08333333333333
2025-07-22,4.325,76.125,8.791666666666666,0.0,4.333333333333333
2025-07-23,4.608333333333333,73.95833333333333,9.5375,1.1,99.75
2025-07-24,8.950000000000001,77.79166666666667,26.625,20.1,96.41666666666667
2025-07-25,8.604166666666666,75.125,11.141666666666666,11.3,98.41666666666667
2025-07-26,8.333333333333334,54.5,8.9625,0.3,99.5
2025-07-27,7.366666666666667,70.16666666666667,9.15,10.0,91.41666666666667
2025-07-28,10.554166666666667,87.625,28.270833333333332,28.5,100.0
2025-07-29,12.783333333333333,97.125,26.84166666666667,45.9,100.0
2025-07-30,12.308333333333332,90.91666666666667,28.349999999999998,27.0,97.5
2025-07-31,10.816666666666668,86.875,26.625,18.5,98.45833333333333
2025-08-01,11.120833333333332,82.08333333333333,21.733333333333334,12.4,98.45833333333333
2025-08-02,6.445833333333333,87.45833333333333,12.045833333333334,15.1,81.04166666666667
2025-08-03,5.020833333333333,81.91666666666667,14.7875,4.3,37.625
2025-08-04,4.304166666666666,81.29166666666667,5.4375,9.4,87.83333333333333
2025-08-05,10.1375,90.25,12.9125,22.5,95.08333333333333
2025-08-06,9.112499999999999,96.04166666666667,3.3833333333333333,3.8000000000000003,83.5
2025-08-07,8.366666666666667,89.79166666666667,12.7125,0.6000000000000001,56.875
2025-08-08,7.5625,87.79166666666667,5.4624999999999995,0.0,58.375
2025-08-09,8.304166666666667,77.33333333333333,11.516666666666666,0.0,89.29166666666667
2025-08-10,9.895833333333334,87.45833333333333,26.733333333333334,11.8,90.5
2025-08-11,11.654166666666667,97.04166666666667,25.833333333333332,42.0,99.83333333333333
2025-08-12,8.9625,91.45833333333333,6.358333333333333,10.0,72.625
2025-08-13,7.220833333333334,86.91666666666667,5.408333333333334,0.0,29.5
2025-08-14,9.266666666666667,73.66666666666667,5.108333333333333,0.0,22.541666666666668
2025-08-15,9.529166666666667,73.5,9.7125,0.0,39.958333333333336
2025-08-16,12.141666666666666,82.375,12.020833333333334,0.4,83.16666666666667
2025-08-17,10.262500000000001,86.33333333333333,6.608333333333333,0.0,96.41666666666667
2025-08-18,8.391666666666667,93.75,4.8999999999999995,0.1,78.16666666666667
2025-08-19,9.570833333333333,94.75,15.816666666666668,7.2,96.375
2025-08-20,9.508333333333333,83.70833333333333,14.5375,6.9,86.875
2025-08-21,5.7,91.125,14.504166666666668,22.4,99.83333333333333
2025-08-22,3.75,89.20833333333333,9.883333333333335,23.599999999999998,68.08333333333333
2025-08-23,6.370833333333334,90.66666666666667,21.97083333333333,5.2,95.83333333333333
2025-08-24,9.879166666666666,96.58333333333333,17.266666666666666,26.1,100.0
2025-08-25,11.358333333333334,87.45833333333333,8.641666666666667,1.8,95.70833333333333
2025-08-26,10.845833333333333,90.08333333333333,6.008333333333333,0.5,85.45833333333333
2025-08-27,8.65,94.125,5.825,0.1,99.91666666666667
2025-08-28,7.991666666666667,89.79166666666667,4.2749999999999995,0.0,93.83333333333333
2025-08-29,9.033333333333333,88.29166666666667,7.5874999999999995,0.0,48.833333333333336
2025-08-30,12.25,71.29166666666667,5.670833333333333,0.0,47.583333333333336
2025-08-31,11.945833333333333,66.83333333333333,7.633333333333333,1.5,84.66666666666667
