ds,temperatura,humedad,velocidad_viento,precipitacion,nubosidad
2020-01-01,13.529166666666667,94.33333333333333,9.354166666666666,0.0,68.91666666666667
2020-01-02,14.125,89.20833333333333,13.491666666666667,0.0,53.875
2020-01-03,14.320833333333333,89.29166666666667,13.4625,0.0,37.75
2020-01-04,14.645833333333334,92.54166666666667,12.795833333333334,0.0,39.166666666666664
2020-01-05,14.700000000000001,82.125,16.008333333333333,0.2,32.0
2020-01-06,14.629166666666668,83.29166666666667,21.566666666666666,0.0,20.708333333333332
2020-01-07,15.066666666666668,85.70833333333333,15.954166666666666,0.0,9.416666666666666
2020-01-08,15.387500000000001,85.91666666666667,11.983333333333334,0.0,13.166666666666666
2020-01-09,15.679166666666667,82.5,25.320833333333336,0.0,2.75
2020-01-10,15.775,81.16666666666667,23.90416666666667,0.0,0.4166666666666667
2020-01-11,15.424999999999999,85.0,18.020833333333332,0.0,0.7083333333333334
2020-01-12,15.012500000000001,91.75,9.733333333333333,0.0,52.5
2020-01-13,14.858333333333334,89.58333333333333,30.241666666666664,0.0,32.625
2020-01-14,14.929166666666667,89.5,23.354166666666668,0.0,57.5
2020-01-15,16.016666666666666,74.375,33.22083333333333,0.0,30.208333333333332
2020-01-16,14.429166666666667,81.58333333333333,9.245833333333334,0.0,13.041666666666666
2020-01-17,14.258333333333333,92.25,10.512500000000001,0.0,61.041666666666664
2020-01-18,14.441666666666668,95.20833333333333,3.7541666666666664,0.0,58.583333333333336
2020-01-19,14.775,95.125,8.341666666666667,0.0,64.95833333333333
2020-01-20,15.433333333333332,90.95833333333333,11.987499999999999,0.0,19.583333333333332
2020-01-21,14.429166666666667,89.70833333333333,8.2125,0.0,45.75
2020-01-22,15.391666666666666,93.75,10.345833333333333,0.0,45.541666666666664
2020-01-23,16.391666666666666,90.41666666666667,9.525,0.0,32.958333333333336
2020-01-24,16.745833333333334,91.375,12.966666666666667,0.0,56.75
2020-01-25,16.125,91.75,8.791666666666666,0.0,59.541666666666664
2020-01-26,16.925,88.33333333333333,12.033333333333333,0.0,15.75
2020-01-27,16.891666666666666,92.33333333333333,12.091666666666667,0.0,49.416666666666664
2020-01-28,16.529166666666665,89.08333333333333,11.266666666666666,0.0,71.54166666666667
2020-01-29,16.266666666666666,80.79166666666667,18.329166666666666,0.0,10.125
2020-01-30,16.537499999999998,82.58333333333333,12.85,0.0,11.708333333333334
2020-01-31,16.245833333333334,84.875,7.5375000000000005,0.0,1.0416666666666667
2020-02-01,16.591666666666665,90.79166666666667,16.354166666666668,0.0,45.666666666666664
2020-02-02,16.675,88.91666666666667,14.454166666666667,0.0,31.041666666666668
2020-02-03,17.179166666666667,76.20833333333333,25.691666666666666,0.0,2.0833333333333335
2020-02-04,16.983333333333334,83.58333333333333,26.816666666666666,0.0,5.375
2020-02-05,15.641666666666667,79.33333333333333,25.59583333333333,0.0,1.0
2020-02-06,14.916666666666666,80.83333333333333,25.59583333333333,0.0,0.2916666666666667
2020-02-07,15.366666666666667,80.66666666666667,19.891666666666666,0.0,0.0
2020-02-08,15.770833333333334,90.75,9.2125,0.0,13.916666666666666
2020-02-09,15.700000000000001,93.25,6.045833333333333,0.0,82.25
2020-02-10,16.224999999999998,91.5,10.441666666666666,0.0,59.5
2020-02-11,15.679166666666667,91.45833333333333,13.879166666666668,0.0,63.375
2020-02-12,16.108333333333334,86.5,24.266666666666666,0.0,67.29166666666667
2020-02-13,16.004166666666666,79.58333333333333,31.879166666666666,0.0,22.958333333333332
2020-02-14,16.720833333333335,71.5,28.270833333333332,0.0,0.0
2020-02-15,15.154166666666667,89.04166666666667,16.925,0.0,17.708333333333332
2020-02-16,14.9,89.625,12.670833333333334,0.0,30.416666666666668
2020-02-17,15.858333333333334,82.58333333333333,26.008333333333336,0.0,29.0
2020-02-18,16.495833333333334,70.75,22.616666666666664,0.0,0.2916666666666667
2020-02-19,14.041666666666666,91.0,9.737499999999999,0.0,6.5
2020-02-20,14.441666666666668,93.20833333333333,14.570833333333333,0.2,50.25
2020-02-21,14.483333333333334,94.75,10.612499999999999,0.2,67.33333333333333
2020-02-22,14.870833333333332,90.08333333333333,11.3125,0.0,38.666666666666664
2020-02-23,15.2125,89.79166666666667,9.820833333333333,0.0,18.666666666666668
2020-02-24,14.858333333333334,86.20833333333333,17.604166666666668,0.1,33.625
2020-02-25,15.450000000000001,83.29166666666667,18.995833333333334,0.0,0.875
2020-02-26,15.0,90.54166666666667,6.708333333333333,0.0,8.208333333333334
2020-02-27,14.725,93.83333333333333,7.120833333333334,0.0,48.458333333333336
2020-02-28,15.054166666666667,91.5,6.783333333333334,0.0,18.875
2020-02-29,15.158333333333333,94.375,8.366666666666667,0.0,79.375
2020-03-01,15.695833333333333,93.125,9.220833333333333,0.0,71.79166666666667
2020-03-02,15.012500000000001,90.70833333333333,9.3375,0.0,53.291666666666664
2020-03-03,14.987499999999999,91.79166666666667,13.370833333333332,0.0,53.875
2020-03-04,16.020833333333332,85.16666666666667,22.554166666666664,0.0,10.25
2020-03-05,16.820833333333333,83.125,15.233333333333334,0.0,25.25
2020-03-06,15.833333333333334,92.41666666666667,14.516666666666666,0.0,62.416666666666664
2020-03-07,16.125,89.5,19.341666666666665,0.0,29.208333333333332
2020-03-08,16.204166666666666,86.08333333333333,16.120833333333334,0.0,13.041666666666666
2020-03-09,16.212500000000002,87.20833333333333,13.1875,0.0,9.333333333333334
2020-03-10,16.245833333333334,87.16666666666667,14.15,0.0,23.083333333333332
2020-03-11,16.058333333333334,90.16666666666667,8.8875,0.0,70.625
2020-03-12,16.520833333333332,88.125,13.345833333333333,0.1,36.916666666666664
2020-03-13,16.595833333333335,88.41666666666667,22.570833333333336,0.0,21.25
2020-03-14,16.712500000000002,83.75,21.07916666666667,0.0,33.791666666666664
2020-03-15,15.495833333333332,86.08333333333333,14.316666666666668,0.0,0.75
2020-03-16,14.820833333333333,86.33333333333333,7.770833333333333,0.0,48.333333333333336
2020-03-17,15.200000000000001,85.41666666666667,14.674999999999999,0.0,29.291666666666668
2020-03-18,15.012500000000001,89.95833333333333,15.75,0.0,38.75
2020-03-19,14.733333333333334,88.75,14.270833333333334,0.0,31.416666666666668
2020-03-20,14.379166666666668,88.79166666666667,7.925,0.0,54.458333333333336
2020-03-21,15.170833333333334,80.375,10.458333333333334,0.2,52.0
2020-03-22,15.883333333333333,77.625,6.245833333333334,0.0,9.541666666666666
2020-03-23,16.162499999999998,82.375,10.575000000000001,0.0,0.041666666666666664
2020-03-24,16.662499999999998,86.25,14.491666666666667,0.0,18.291666666666668
2020-03-25,15.9625,93.79166666666667,16.974999999999998,0.0,59.791666666666664
2020-03-26,15.295833333333334,89.54166666666667,9.479166666666666,0.0,65.125
2020-03-27,15.845833333333333,83.79166666666667,11.545833333333334,0.2,40.125
2020-03-28,15.570833333333333,87.04166666666667,13.1625,0.1,41.208333333333336
2020-03-29,16.150000000000002,82.41666666666667,20.508333333333333,0.0,69.375
2020-03-30,16.2,79.875,16.75,0.0,56.75
2020-03-31,15.608333333333334,84.29166666666667,18.604166666666668,0.0,49.875
2020-04-01,15.975,74.625,28.77916666666667,0.0,33.083333333333336
2020-04-02,15.4125,75.0,15.666666666666666,0.0,0.75
2020-04-03,13.9625,91.54166666666667,11.504166666666668,0.0,75.08333333333333
2020-04-04,14.458333333333334,90.25,13.458333333333334,0.0,62.083333333333336
2020-04-05,14.120833333333332,82.66666666666667,18.479166666666668,0.0,27.75
2020-04-06,16.150000000000002,67.58333333333333,21.825,0.0,0.0
2020-04-07,14.066666666666668,84.66666666666667,6.029166666666666,0.0,0.0
2020-04-08,13.558333333333332,85.875,7.4375,0.0,46.958333333333336
2020-04-09,13.720833333333333,84.41666666666667,10.775,0.0,35.541666666666664
2020-04-10,13.458333333333334,85.45833333333333,14.5,0.0,44.916666666666664
2020-04-11,13.729166666666666,86.70833333333333,13.1625,0.0,87.0
2020-04-12,13.733333333333334,84.33333333333333,17.675,2.4,65.45833333333333
2020-04-13,14.316666666666668,73.83333333333333,20.166666666666668,0.0,6.083333333333333
2020-04-14,13.479166666666666,84.16666666666667,7.4125000000000005,0.0,32.666666666666664
2020-04-15,13.683333333333332,86.20833333333333,9.070833333333333,0.0,66.04166666666667
2020-04-16,13.279166666666667,89.66666666666667,11.091666666666667,0.0,27.083333333333332
2020-04-17,14.491666666666667,85.20833333333333,16.758333333333333,0.0,13.458333333333334
2020-04-18,15.2125,90.25,16.370833333333334,0.0,76.29166666666667
2020-04-19,15.933333333333332,86.125,23.604166666666668,0.0,27.791666666666668
2020-04-20,16.145833333333332,71.16666666666667,15.166666666666666,0.0,34.583333333333336
2020-04-21,14.216666666666667,91.25,6.895833333333333,0.0,95.41666666666667
2020-04-22,14.125,94.875,10.954166666666666,0.0,97.91666666666667
2020-04-23,14.520833333333334,93.29166666666667,19.6,0.4,99.45833333333333
2020-04-24,14.487499999999999,90.58333333333333,17.6375,0.2,74.08333333333333
2020-04-25,14.704166666666666,84.75,9.3125,0.0,21.916666666666668
2020-04-26,14.262500000000001,91.29166666666667,8.670833333333333,0.0,85.58333333333333
2020-04-27,14.979166666666666,78.91666666666667,8.658333333333333,0.0,28.375
2020-04-28,15.808333333333332,76.54166666666667,26.770833333333332,0.0,1.0833333333333333
2020-04-29,14.987499999999999,73.91666666666667,26.645833333333332,0.0,44.625
2020-04-30,14.5375,78.91666666666667,18.275000000000002,0.0,1.1666666666666667
2020-05-01,14.862499999999999,78.08333333333333,19.170833333333334,0.0,3.0833333333333335
2020-05-02,13.820833333333333,85.95833333333333,15.220833333333333,0.0,81.33333333333333
2020-05-03,14.791666666666666,84.20833333333333,20.383333333333333,0.1,60.833333333333336
2020-05-04,15.170833333333334,74.08333333333333,28.84583333333333,0.1,61.041666666666664
2020-05-05,15.558333333333332,72.91666666666667,30.929166666666664,0.0,14.666666666666666
2020-05-06,15.85,67.70833333333333,23.045833333333334,0.0,13.375
2020-05-07,13.329166666666666,91.0,10.983333333333334,0.0,39.625
2020-05-08,12.466666666666667,93.625,11.049999999999999,0.0,79.58333333333333
2020-05-09,13.6,85.95833333333333,12.804166666666667,0.0,5.166666666666667
2020-05-10,13.983333333333334,85.04166666666667,19.837500000000002,0.0,5.25
2020-05-11,13.241666666666667,82.33333333333333,24.816666666666666,0.0,17.916666666666668
2020-05-12,12.5,78.70833333333333,15.416666666666666,0.0,70.75
2020-05-13,13.2125,75.0,23.491666666666664,0.0,14.416666666666666
2020-05-14,14.4625,66.95833333333333,27.829166666666666,0.0,11.333333333333334
2020-05-15,16.366666666666667,65.08333333333333,31.379166666666666,0.0,20.25
2020-05-16,15.525,79.95833333333333,31.133333333333336,0.0,4.916666666666667
2020-05-17,12.616666666666667,94.25,11.941666666666668,0.0,74.0
2020-05-18,12.604166666666666,90.25,8.012500000000001,0.0,82.75
2020-05-19,12.9125,91.16666666666667,7.858333333333333,0.0,86.95833333333333
2020-05-20,12.958333333333334,89.95833333333333,12.845833333333333,2.4,80.45833333333333
2020-05-21,12.112499999999999,83.625,19.591666666666665,0.0,1.4583333333333333
2020-05-22,13.825000000000001,68.95833333333333,19.912499999999998,0.0,37.083333333333336
2020-05-23,14.391666666666666,62.125,24.008333333333336,0.0,13.75
2020-05-24,17.404166666666665,55.166666666666664,31.770833333333332,0.0,0.041666666666666664
2020-05-25,17.491666666666667,64.375,21.579166666666666,0.0,5.666666666666667
2020-05-26,12.5375,95.125,14.608333333333334,0.4,76.70833333333333
2020-05-27,12.866666666666667,88.5,8.633333333333333,0.0,69.0
2020-05-28,13.304166666666667,86.20833333333333,8.450000000000001,0.0,66.66666666666667
2020-05-29,12.887500000000001,90.625,9.491666666666667,0.5,94.79166666666667
2020-05-30,13.091666666666667,82.375,16.233333333333334,0.0,55.916666666666664
2020-05-31,12.445833333333333,83.25,7.833333333333333,0.0,13.458333333333334
2020-06-01,12.316666666666668,80.45833333333333,7.75,0.0,31.791666666666668
2020-06-02,12.066666666666668,82.625,13.512500000000001,0.1,70.95833333333333
2020-06-03,11.700000000000001,74.83333333333333,16.349999999999998,15.0,84.125
2020-06-04,12.041666666666666,76.25,12.433333333333332,0.0,4.458333333333333
2020-06-05,11.8125,81.08333333333333,11.924999999999999,0.0,0.041666666666666664
2020-06-06,11.304166666666667,83.45833333333333,7.283333333333332,0.0,55.75
2020-06-07,12.5375,77.29166666666667,5.2875000000000005,0.0,6.791666666666667
2020-06-08,13.174999999999999,77.25,14.383333333333333,0.0,44.666666666666664
2020-06-09,13.033333333333333,72.41666666666667,26.333333333333332,0.0,9.333333333333334
2020-06-10,12.170833333333334,69.91666666666667,17.212500000000002,0.0,16.875
2020-06-11,11.966666666666667,78.25,19.108333333333334,4.0,52.666666666666664
2020-06-12,12.2875,84.375,18.650000000000002,24.9,51.125
2020-06-13,14.095833333333333,64.79166666666667,22.454166666666666,0.0,7.625
2020-06-14,13.179166666666667,75.29166666666667,18.537499999999998,0.0,25.75
2020-06-15,13.525,85.66666666666667,30.120833333333334,2.0,84.29166666666667
2020-06-16,13.308333333333332,83.79166666666667,16.870833333333334,0.30000000000000004,98.45833333333333
2020-06-17,12.833333333333334,84.66666666666667,30.0125,37.5,91.5
2020-06-18,13.275,71.0,11.283333333333333,0.0,96.20833333333333
2020-06-19,13.370833333333332,83.375,17.870833333333334,18.2,95.25
2020-06-20,13.216666666666667,93.70833333333333,11.183333333333332,0.5,95.79166666666667
2020-06-21,13.458333333333334,82.70833333333333,12.145833333333334,0.0,67.58333333333333
2020-06-22,11.916666666666666,81.45833333333333,7.875,10.1,91.5
2020-06-23,12.283333333333333,84.625,12.112499999999999,5.4,76.625
2020-06-24,11.408333333333333,75.45833333333333,10.083333333333334,1.6,51.041666666666664
2020-06-25,12.679166666666667,65.75,19.295833333333334,0.0,32.583333333333336
2020-06-26,12.341666666666667,66.375,11.641666666666666,0.1,67.70833333333333
2020-06-27,13.737499999999999,73.375,8.908333333333333,0.0,85.125
2020-06-28,12.991666666666667,84.5,14.470833333333333,1.4,84.83333333333333
2020-06-29,13.1875,86.70833333333333,25.150000000000002,49.6,79.375
2020-06-30,13.083333333333334,78.45833333333333,13.987499999999999,0.0,62.958333333333336
2020-07-01,13.508333333333333,73.83333333333333,13.100000000000001,1.5,76.29166666666667
2020-07-02,12.658333333333333,85.16666666666667,23.354166666666668,0.0,39.583333333333336
2020-07-03,12.745833333333332,80.70833333333333,10.366666666666667,0.0,8.833333333333334
2020-07-04,12.570833333333333,84.95833333333333,13.479166666666666,23.3,81.04166666666667
2020-07-05,12.029166666666667,78.70833333333333,18.095833333333335,0.30000000000000004,52.458333333333336
2020-07-06,11.8125,76.25,18.425,0.0,86.25
2020-07-07,11.5625,79.79166666666667,14.116666666666667,0.2,44.708333333333336
2020-07-08,12.541666666666666,82.83333333333333,17.608333333333334,9.5,65.20833333333333
2020-07-09,12.4,76.70833333333333,25.09583333333333,0.0,56.958333333333336
2020-07-10,13.1875,79.66666666666667,20.779166666666665,0.0,79.70833333333333
2020-07-11,12.041666666666666,83.54166666666667,22.316666666666666,0.0,59.666666666666664
2020-07-12,13.65,69.29166666666667,27.175,0.0,87.25
2020-07-13,15.375,70.625,24.458333333333332,0.0,19.25
2020-07-14,16.3625,65.29166666666667,16.958333333333332,0.0,2.9583333333333335
2020-07-15,11.254166666666668,90.95833333333333,16.7,0.30000000000000004,75.125
2020-07-16,11.554166666666667,83.04166666666667,8.0625,0.0,83.66666666666667
2020-07-17,12.066666666666668,87.58333333333333,21.858333333333334,0.30000000000000004,88.75
2020-07-18,12.883333333333333,87.66666666666667,19.020833333333332,10.2,94.79166666666667
2020-07-19,12.7875,91.45833333333333,14.075000000000001,0.7000000000000001,65.29166666666667
2020-07-20,12.483333333333334,86.16666666666667,12.295833333333334,0.7,33.875
2020-07-21,12.179166666666667,83.20833333333333,13.429166666666667,10.2,66.20833333333333
2020-07-22,11.654166666666667,73.125,5.991666666666667,0.2,8.0
2020-07-23,11.245833333333332,74.125,9.5,0.0,42.0
2020-07-24,11.799999999999999,70.125,14.754166666666668,0.0,1.0416666666666667
2020-07-25,12.325000000000001,69.08333333333333,21.795833333333334,0.0,60.541666666666664
2020-07-26,12.979166666666666,67.16666666666667,24.254166666666666,0.0,82.0
2020-07-27,12.424999999999999,79.5,30.633333333333336,0.0,46.5
2020-07-28,11.616666666666667,72.16666666666667,24.633333333333336,0.0,0.0
2020-07-29,12.441666666666668,78.66666666666667,13.466666666666667,0.0,0.20833333333333334
2020-07-30,11.395833333333334,85.83333333333333,12.450000000000001,0.0,79.83333333333333
2020-07-31,13.441666666666668,77.75,11.799999999999999,0.0,59.333333333333336
2020-08-01,12.208333333333334,88.20833333333333,9.870833333333334,0.1,74.875
2020-08-02,13.112499999999999,80.54166666666667,14.033333333333333,0.0,22.541666666666668
2020-08-03,11.983333333333334,91.20833333333333,15.441666666666668,0.1,79.29166666666667
2020-08-04,12.520833333333334,86.91666666666667,16.020833333333332,0.0,57.958333333333336
2020-08-05,12.5875,89.16666666666667,18.733333333333334,0.30000000000000004,62.833333333333336
2020-08-06,11.3375,77.5,33.354166666666664,0.0,52.041666666666664
2020-08-07,12.254166666666668,74.58333333333333,25.691666666666666,0.0,33.833333333333336
2020-08-08,13.391666666666666,73.375,26.204166666666666,0.0,58.333333333333336
2020-08-09,12.379166666666668,84.0,22.175,0.0,52.833333333333336
2020-08-10,11.679166666666667,79.45833333333333,37.8375,0.0,44.75
2020-08-11,9.945833333333333,69.08333333333333,37.9125,0.0,5.0
2020-08-12,9.483333333333333,78.41666666666667,19.308333333333334,0.0,5.625
2020-08-13,10.545833333333333,77.75,22.133333333333336,0.0,7.666666666666667
2020-08-14,10.545833333333333,82.0,17.849999999999998,0.0,17.625
2020-08-15,10.270833333333334,74.54166666666667,33.0625,0.0,0.16666666666666666
2020-08-16,9.979166666666666,75.58333333333333,27.541666666666668,0.0,0.041666666666666664
2020-08-17,10.079166666666667,77.83333333333333,19.8875,0.0,0.4166666666666667
2020-08-18,9.958333333333334,85.875,13.545833333333333,0.0,44.583333333333336
2020-08-19,10.549999999999999,83.41666666666667,23.837500000000002,0.0,8.625
2020-08-20,11.570833333333333,79.25,13.345833333333333,0.0,0.041666666666666664
2020-08-21,10.141666666666667,90.58333333333333,5.8,0.0,13.083333333333334
2020-08-22,10.700000000000001,90.83333333333333,16.554166666666667,0.6000000000000001,58.916666666666664
2020-08-23,11.387500000000001,84.125,23.479166666666668,0.6000000000000001,40.541666666666664
2020-08-24,12.070833333333333,76.25,34.82083333333333,5.2,60.166666666666664
2020-08-25,11.445833333333333,86.41666666666667,26.0125,32.0,93.75
2020-08-26,11.200000000000001,85.875,13.045833333333334,7.9,43.416666666666664
2020-08-27,10.920833333333334,78.95833333333333,8.8875,0.0,14.125
2020-08-28,10.870833333333332,73.08333333333333,7.216666666666666,0.1,77.33333333333333
2020-08-29,11.625,79.29166666666667,19.658333333333335,0.9,12.666666666666666
2020-08-30,10.620833333333334,81.54166666666667,31.379166666666666,0.0,0.20833333333333334
2020-08-31,10.225,79.33333333333333,8.295833333333333,0.0,26.75
2020-09-01,10.7875,69.95833333333333,7.454166666666667,0.0,21.083333333333332
2020-09-02,10.9625,76.375,17.670833333333334,0.0,17.5
2020-09-03,11.174999999999999,83.75,23.291666666666668,0.0,32.958333333333336
2020-09-04,11.670833333333334,83.5,10.420833333333333,0.0,60.25
2020-09-05,11.612499999999999,81.0,15.029166666666667,1.3,33.708333333333336
2020-09-06,12.612499999999999,79.375,19.629166666666666,0.0,52.541666666666664
2020-09-07,11.383333333333333,85.83333333333333,16.616666666666667,0.0,42.583333333333336
2020-09-08,11.3125,80.875,8.108333333333333,0.0,92.625
2020-09-09,12.520833333333334,76.79166666666667,15.275,0.3,17.75
2020-09-10,12.841666666666667,85.41666666666667,26.933333333333334,0.0,2.2916666666666665
2020-09-11,12.004166666666668,85.58333333333333,36.670833333333334,0.0,2.6666666666666665
2020-09-12,11.395833333333334,79.29166666666667,36.00416666666667,0.0,8.458333333333334
2020-09-13,12.262500000000001,78.79166666666667,35.925000000000004,0.0,0.125
2020-09-14,11.737499999999999,78.33333333333333,17.483333333333334,0.0,4.416666666666667
2020-09-15,10.995833333333332,83.5,13.195833333333333,0.0,71.45833333333333
2020-09-16,11.7875,85.66666666666667,20.729166666666668,0.0,28.208333333333332
2020-09-17,13.345833333333333,86.29166666666667,30.245833333333334,0.0,17.458333333333332
2020-09-18,13.85,78.54166666666667,36.375,0.0,15.625
2020-09-19,12.295833333333334,81.29166666666667,16.870833333333334,0.0,5.0
2020-09-20,10.625,94.54166666666667,8.208333333333334,0.0,75.5
2020-09-21,11.220833333333333,91.375,13.954166666666666,0.0,74.79166666666667
2020-09-22,12.862499999999999,86.58333333333333,18.629166666666666,0.0,60.875
2020-09-23,13.85,79.54166666666667,20.779166666666665,0.0,93.04166666666667
2020-09-24,11.2125,92.0,7.195833333333333,0.0,95.58333333333333
2020-09-25,10.783333333333333,84.41666666666667,9.233333333333333,0.30000000000000004,66.625
2020-09-26,11.012500000000001,77.16666666666667,19.216666666666665,0.0,3.2916666666666665
2020-09-27,12.041666666666666,81.58333333333333,25.641666666666666,0.0,0.16666666666666666
2020-09-28,12.262500000000001,84.20833333333333,22.212500000000002,0.0,44.375
2020-09-29,11.137500000000001,79.95833333333333,9.354166666666666,0.1,40.791666666666664
2020-09-30,11.395833333333334,77.25,22.9875,0.0,32.375
2020-10-01,10.691666666666668,75.375,25.337500000000002,0.0,20.875
2020-10-02,10.741666666666667,80.95833333333333,15.433333333333332,0.0,19.0
2020-10-03,10.512500000000001,76.54166666666667,20.0625,0.0,3.7083333333333335
2020-10-04,10.9125,73.91666666666667,29.183333333333334,0.0,14.166666666666666
2020-10-05,11.116666666666667,80.83333333333333,18.150000000000002,0.0,19.375
2020-10-06,11.0375,83.45833333333333,21.979166666666668,0.0,29.791666666666668
2020-10-07,11.966666666666667,81.08333333333333,29.720833333333335,0.0,0.16666666666666666
2020-10-08,11.791666666666666,81.25,27.195833333333336,0.0,1.375
2020-10-09,13.0625,78.25,32.862500000000004,0.0,1.375
2020-10-10,13.174999999999999,80.20833333333333,32.516666666666666,0.0,0.5416666666666666
2020-10-11,13.174999999999999,72.58333333333333,25.233333333333334,0.0,3.625
2020-10-12,11.558333333333332,90.125,10.054166666666667,0.0,21.875
2020-10-13,10.5625,95.58333333333333,6.516666666666667,0.0,56.583333333333336
2020-10-14,11.475,92.54166666666667,10.370833333333334,0.0,58.875
2020-10-15,11.237499999999999,95.83333333333333,10.225,0.0,68.83333333333333
2020-10-16,11.870833333333332,92.375,12.941666666666668,0.4,51.458333333333336
2020-10-17,11.929166666666667,90.45833333333333,19.45,0.0,21.0
2020-10-18,12.066666666666668,86.66666666666667,24.837500000000002,0.0,6.25
2020-10-19,12.183333333333332,80.125,24.954166666666666,0.0,8.75
2020-10-20,12.966666666666667,80.83333333333333,27.620833333333334,0.0,0.625
2020-10-21,11.516666666666666,89.16666666666667,19.604166666666668,0.0,31.583333333333332
2020-10-22,11.379166666666668,89.25,18.554166666666667,0.0,24.5
2020-10-23,11.354166666666666,88.83333333333333,19.3625,0.0,50.583333333333336
2020-10-24,11.779166666666667,87.875,19.466666666666665,0.0,35.916666666666664
2020-10-25,11.9625,85.25,27.141666666666666,0.6000000000000001,34.041666666666664
2020-10-26,12.200000000000001,81.875,27.291666666666668,0.0,4.666666666666667
2020-10-27,11.458333333333334,86.79166666666667,18.025,0.0,53.291666666666664
2020-10-28,12.370833333333332,76.5,33.25833333333333,0.0,1.6666666666666667
2020-10-29,12.575000000000001,76.5,24.066666666666666,0.0,0.25
2020-10-30,10.720833333333333,93.33333333333333,5.533333333333334,0.0,24.041666666666668
2020-10-31,10.875,95.41666666666667,6.458333333333333,0.0,86.91666666666667
2020-11-01,11.424999999999999,88.375,14.504166666666668,0.0,57.375
2020-11-02,11.470833333333333,88.54166666666667,18.412499999999998,0.0,31.0
2020-11-03,12.145833333333334,90.5,23.1125,0.0,43.916666666666664
2020-11-04,12.120833333333332,86.625,21.308333333333334,0.0,75.91666666666667
2020-11-05,12.816666666666668,79.16666666666667,28.945833333333336,0.0,0.625
2020-11-06,12.316666666666668,87.875,16.795833333333334,0.0,9.208333333333334
2020-11-07,12.545833333333334,90.16666666666667,11.754166666666668,0.0,2.2083333333333335
2020-11-08,12.045833333333334,92.54166666666667,8.945833333333333,0.0,50.625
2020-11-09,12.883333333333333,89.5,23.708333333333332,0.0,33.0
2020-11-10,11.791666666666666,93.625,7.483333333333333,0.1,87.75
2020-11-11,12.4375,88.0,19.108333333333334,0.0,59.291666666666664
2020-11-12,12.049999999999999,90.70833333333333,12.266666666666666,0.4,89.45833333333333
2020-11-13,12.820833333333333,89.33333333333333,14.641666666666666,0.9,67.08333333333333
2020-11-14,13.070833333333333,85.41666666666667,26.920833333333334,0.0,24.041666666666668
2020-11-15,12.504166666666668,87.08333333333333,14.520833333333334,0.0,13.625
2020-11-16,12.1,90.16666666666667,13.479166666666666,0.1,47.75
2020-11-17,12.262500000000001,88.45833333333333,7.6000000000000005,0.1,79.04166666666667
2020-11-18,12.575000000000001,88.20833333333333,17.154166666666665,0.0,10.541666666666666
2020-11-19,12.520833333333334,85.95833333333333,10.016666666666667,0.0,85.04166666666667
2020-11-20,12.804166666666667,83.5,9.008333333333333,0.0,11.25
2020-11-21,13.791666666666666,79.375,21.616666666666664,0.0,0.6666666666666666
2020-11-22,13.799999999999999,87.0,19.820833333333333,0.0,17.208333333333332
2020-11-23,13.85,88.875,18.654166666666665,0.0,33.958333333333336
2020-11-24,14.279166666666667,81.54166666666667,26.575,0.0,0.375
2020-11-25,14.516666666666666,79.83333333333333,37.11666666666667,0.0,0.6666666666666666
2020-11-26,15.495833333333332,66.29166666666667,32.86666666666667,0.0,0.25
2020-11-27,12.700000000000001,89.0,14.5,0.0,6.0
2020-11-28,13.0375,87.66666666666667,26.166666666666668,0.0,4.5
2020-11-29,14.1625,81.70833333333333,28.758333333333336,0.0,1.25
2020-11-30,13.670833333333334,80.54166666666667,24.849999999999998,0.0,1.5833333333333333
2020-12-01,12.4375,91.70833333333333,15.25,0.0,46.541666666666664
2020-12-02,12.8375,84.70833333333333,28.566666666666666,0.0,8.625
2020-12-03,13.991666666666667,79.75,28.5625,0.0,1.0416666666666667
2020-12-04,12.158333333333333,89.16666666666667,11.304166666666667,0.0,1.0416666666666667
2020-12-05,12.112499999999999,90.29166666666667,7.8500000000000005,0.0,29.208333333333332
2020-12-06,12.479166666666666,91.66666666666667,14.766666666666666,0.0,39.583333333333336
2020-12-07,12.158333333333333,87.125,13.987499999999999,0.0,51.708333333333336
2020-12-08,13.3125,85.66666666666667,26.354166666666668,0.0,5.333333333333333
2020-12-09,13.570833333333333,86.33333333333333,20.975,0.0,5.0
2020-12-10,13.058333333333332,85.5,23.458333333333332,0.0,43.208333333333336
2020-12-11,13.916666666666666,81.16666666666667,32.045833333333334,0.0,1.0
2020-12-12,13.720833333333333,83.20833333333333,28.333333333333332,0.0,0.7083333333333334
2020-12-13,15.208333333333334,77.70833333333333,34.94166666666667,0.0,0.0
2020-12-14,14.762500000000001,71.58333333333333,34.49166666666667,0.0,0.25
2020-12-15,13.420833333333334,85.25,26.191666666666666,0.0,6.625
2020-12-16,12.275,89.91666666666667,11.129166666666668,0.0,2.3333333333333335
2020-12-17,12.1875,95.33333333333333,8.204166666666667,0.0,75.54166666666667
2020-12-18,12.9125,85.125,15.575000000000001,0.0,37.708333333333336
2020-12-19,13.395833333333334,87.91666666666667,30.495833333333334,0.0,3.4166666666666665
2020-12-20,13.9,82.70833333333333,26.212500000000002,0.0,1.2083333333333333
2020-12-21,13.387500000000001,90.16666666666667,12.595833333333333,0.0,8.625
2020-12-22,12.954166666666666,94.0,10.895833333333334,0.0,28.958333333333332
2020-12-23,13.116666666666667,92.83333333333333,14.5625,0.1,50.541666666666664
2020-12-24,13.6875,88.875,15.112499999999999,0.0,18.416666666666668
2020-12-25,13.512500000000001,92.58333333333333,11.225,0.0,22.0
2020-12-26,13.366666666666667,94.95833333333333,11.733333333333334,0.1,66.16666666666667
2020-12-27,14.0375,92.625,9.65,0.0,50.708333333333336
2020-12-28,14.25,91.66666666666667,12.5875,0.0,71.41666666666667
2020-12-29,14.608333333333334,89.83333333333333,25.3625,0.0,38.041666666666664
2020-12-30,16.05,78.5,32.90833333333333,0.0,1.9583333333333333
2020-12-31,15.795833333333334,76.70833333333333,18.133333333333333,0.0,43.375
2021-01-01,14.4375,89.54166666666667,14.295833333333334,0.0,38.333333333333336
2021-01-02,14.262500000000001,89.625,12.341666666666667,0.0,45.291666666666664
2021-01-03,15.0375,85.95833333333333,17.420833333333334,0.0,9.916666666666666
2021-01-04,15.104166666666666,87.125,17.758333333333333,0.0,15.166666666666666
2021-01-05,13.866666666666667,88.20833333333333,13.483333333333333,0.0,38.291666666666664
2021-01-06,14.225,87.91666666666667,16.066666666666666,0.0,42.958333333333336
2021-01-07,14.4625,90.08333333333333,14.770833333333334,0.0,16.416666666666668
2021-01-08,14.179166666666667,89.125,10.304166666666667,0.0,51.125
2021-01-09,14.433333333333332,83.29166666666667,22.45,0.0,29.75
2021-01-10,14.575000000000001,83.08333333333333,22.770833333333332,0.0,0.2916666666666667
2021-01-11,15.1,83.625,29.349999999999998,0.0,3.2916666666666665
2021-01-12,14.279166666666667,82.125,18.5,0.0,0.375
2021-01-13,14.179166666666667,82.0,19.804166666666667,0.0,1.0416666666666667
2021-01-14,13.762500000000001,86.79166666666667,25.27916666666667,0.0,7.083333333333333
2021-01-15,14.883333333333333,78.375,33.1875,0.0,0.4583333333333333
2021-01-16,14.200000000000001,82.20833333333333,23.25,0.0,0.875
2021-01-17,14.220833333333333,84.29166666666667,16.491666666666667,0.0,4.041666666666667
2021-01-18,13.170833333333334,94.66666666666667,9.895833333333334,0.0,42.708333333333336
2021-01-19,13.616666666666667,94.75,8.833333333333334,0.0,45.0
2021-01-20,14.004166666666668,94.70833333333333,6.320833333333333,0.0,42.75
2021-01-21,14.483333333333334,94.66666666666667,8.441666666666666,0.2,48.791666666666664
2021-01-22,14.245833333333332,92.70833333333333,10.033333333333333,0.0,52.833333333333336
2021-01-23,15.120833333333332,91.95833333333333,10.3375,0.0,32.958333333333336
2021-01-24,15.258333333333333,93.29166666666667,8.0375,0.0,19.875
2021-01-25,14.479166666666666,91.66666666666667,9.045833333333333,0.0,47.375
2021-01-26,14.720833333333333,86.375,15.3375,0.0,13.208333333333334
2021-01-27,15.158333333333333,82.25,25.145833333333332,0.0,5.291666666666667
2021-01-28,16.270833333333332,83.04166666666667,24.695833333333336,0.0,36.75
2021-01-29,16.370833333333334,90.95833333333333,17.57916666666667,3.5,61.166666666666664
2021-01-30,16.037499999999998,93.16666666666667,5.491666666666667,8.8,75.95833333333333
2021-01-31,16.5625,94.16666666666667,14.870833333333332,2.0,46.625
2021-02-01,15.316666666666668,92.0,22.258333333333336,0.0,42.333333333333336
2021-02-02,14.916666666666666,89.08333333333333,14.845833333333333,0.0,27.083333333333332
2021-02-03,15.366666666666667,88.75,17.404166666666665,0.0,15.375
2021-02-04,14.870833333333335,93.25,8.758333333333333,0.1,70.20833333333333
2021-02-05,15.220833333333333,91.5,7.129166666666666,0.0,66.25
2021-02-06,15.520833333333334,87.20833333333333,8.645833333333334,0.0,38.041666666666664
2021-02-07,15.5375,84.45833333333333,13.2125,0.0,31.916666666666668
2021-02-08,15.5875,83.125,12.512500000000001,0.0,5.291666666666667
2021-02-09,15.841666666666667,91.33333333333333,15.5375,0.0,42.5
2021-02-10,15.9125,92.29166666666667,7.108333333333333,0.0,89.08333333333333
2021-02-11,16.599999999999998,91.70833333333333,9.579166666666667,0.0,64.5
2021-02-12,16.445833333333333,90.58333333333333,12.475,0.0,57.416666666666664
2021-02-13,16.416666666666668,88.375,19.258333333333333,0.0,58.916666666666664
2021-02-14,15.708333333333334,85.0,18.279166666666665,0.0,37.75
2021-02-15,15.933333333333332,82.83333333333333,10.1,0.0,49.708333333333336
2021-02-16,15.5625,83.41666666666667,11.487499999999999,0.0,18.041666666666668
2021-02-17,15.200000000000001,82.54166666666667,18.916666666666668,0.0,1.0416666666666667
2021-02-18,14.954166666666666,83.375,19.6375,0.0,4.125
2021-02-19,15.158333333333333,88.70833333333333,17.929166666666667,0.0,0.9583333333333334
2021-02-20,14.254166666666668,94.04166666666667,9.658333333333333,0.0,24.458333333333332
2021-02-21,14.958333333333334,87.29166666666667,19.204166666666666,0.0,2.5416666666666665
2021-02-22,14.9625,86.04166666666667,25.27916666666667,0.0,4.375
2021-02-23,15.1875,81.75,20.004166666666666,0.0,2.9166666666666665
2021-02-24,14.320833333333333,92.875,7.795833333333333,0.0,50.708333333333336
2021-02-25,14.612499999999999,93.33333333333333,8.383333333333333,0.0,67.33333333333333
2021-02-26,14.654166666666667,91.25,17.108333333333334,0.0,40.333333333333336
2021-02-27,14.766666666666666,91.75,17.849999999999998,0.0,39.083333333333336
2021-02-28,15.395833333333334,87.45833333333333,14.079166666666666,0.0,8.0
2021-03-01,14.2875,94.16666666666667,12.570833333333333,0.0,68.45833333333333
2021-03-02,14.304166666666667,95.83333333333333,5.05,0.7,64.5
2021-03-03,15.154166666666667,93.5,12.995833333333332,0.0,25.833333333333332
2021-03-04,15.299999999999999,92.54166666666667,12.487499999999999,0.0,20.291666666666668
2021-03-05,15.416666666666666,92.91666666666667,11.216666666666667,0.2,46.583333333333336
2021-03-06,15.479166666666666,90.41666666666667,14.262500000000001,0.0,22.791666666666668
2021-03-07,15.862499999999999,89.04166666666667,21.5625,0.0,21.75
2021-03-08,16.412499999999998,89.95833333333333,10.995833333333332,0.0,20.916666666666668
2021-03-09,14.387500000000001,91.20833333333333,6.733333333333333,0.1,81.58333333333333
2021-03-10,15.516666666666666,88.125,15.25,0.0,81.58333333333333
2021-03-11,16.254166666666666,87.875,22.8875,0.0,29.541666666666668
2021-03-12,15.033333333333333,90.875,9.612499999999999,0.0,34.333333333333336
2021-03-13,15.375,88.83333333333333,7.654166666666666,0.0,79.91666666666667
2021-03-14,15.174999999999999,85.29166666666667,8.779166666666667,0.0,49.125
2021-03-15,15.225,82.04166666666667,7.2250000000000005,0.0,44.875
2021-03-16,15.674999999999999,81.33333333333333,15.8375,0.2,24.041666666666668
2021-03-17,15.120833333333332,86.04166666666667,11.491666666666667,2.9,20.25
2021-03-18,15.170833333333334,84.66666666666667,9.658333333333333,0.5,37.0
2021-03-19,15.079166666666666,77.08333333333333,7.141666666666667,0.0,7.791666666666667
2021-03-20,15.825000000000001,79.54166666666667,13.395833333333334,0.0,1.5416666666666667
2021-03-21,15.295833333333334,86.33333333333333,9.15,0.0,4.5
2021-03-22,16.099999999999998,82.16666666666667,21.474999999999998,0.0,0.9583333333333334
2021-03-23,15.1,91.29166666666667,15.879166666666668,0.0,27.25
2021-03-24,14.991666666666667,89.70833333333333,16.154166666666665,0.0,29.458333333333332
2021-03-25,14.204166666666666,83.04166666666667,22.079166666666666,0.0,5.25
2021-03-26,14.954166666666666,79.29166666666667,26.9875,0.0,0.20833333333333334
2021-03-27,15.116666666666667,79.16666666666667,13.379166666666668,0.0,0.16666666666666666
2021-03-28,13.308333333333332,93.75,9.554166666666667,0.0,46.625
2021-03-29,13.095833333333333,89.08333333333333,6.3625,0.0,47.625
2021-03-30,13.4125,89.625,11.620833333333332,0.0,11.916666666666666
2021-03-31,13.258333333333333,93.5,12.191666666666668,0.2,61.708333333333336
2021-04-01,13.779166666666667,89.375,12.254166666666668,0.0,72.41666666666667
2021-04-02,14.2125,88.83333333333333,20.895833333333332,0.0,61.291666666666664
2021-04-03,13.658333333333333,91.54166666666667,11.479166666666666,0.0,23.166666666666668
2021-04-04,13.2875,91.25,6.095833333333334,0.4,74.125
2021-04-05,14.266666666666666,88.875,7.7875000000000005,0.0,33.875
2021-04-06,15.0,86.54166666666667,11.191666666666668,0.0,7.833333333333333
2021-04-07,15.220833333333333,83.79166666666667,19.587500000000002,0.0,6.291666666666667
2021-04-08,14.5,87.70833333333333,19.104166666666668,0.0,13.958333333333334
2021-04-09,14.362499999999999,84.75,22.90833333333333,0.0,2.0
2021-04-10,13.75,83.33333333333333,27.4875,0.0,9.166666666666666
2021-04-11,15.079166666666666,68.45833333333333,24.245833333333334,0.0,0.0
2021-04-12,14.700000000000001,80.91666666666667,13.112499999999999,0.0,0.0
2021-04-13,13.887500000000001,90.875,8.191666666666666,0.0,25.208333333333332
2021-04-14,12.825000000000001,93.91666666666667,12.15,0.0,74.04166666666667
2021-04-15,13.804166666666667,90.41666666666667,13.270833333333334,0.0,30.916666666666668
2021-04-16,13.7125,92.04166666666667,11.933333333333332,0.0,53.791666666666664
2021-04-17,14.145833333333334,87.375,9.829166666666667,0.0,48.5
2021-04-18,13.904166666666667,84.54166666666667,12.316666666666668,0.0,16.458333333333332
2021-04-19,12.866666666666667,90.79166666666667,9.512500000000001,0.0,46.75
2021-04-20,14.258333333333333,87.20833333333333,26.9875,14.0,55.666666666666664
2021-04-21,14.745833333333332,88.79166666666667,27.745833333333334,1.1,53.833333333333336
2021-04-22,13.75,90.25,16.895833333333332,0.0,72.25
2021-04-23,13.791666666666666,86.66666666666667,14.325000000000001,0.0,53.625
2021-04-24,14.095833333333333,86.0,24.179166666666664,0.0,0.625
2021-04-25,13.875,87.04166666666667,12.995833333333332,0.0,3.7083333333333335
2021-04-26,13.9375,87.0,9.283333333333333,0.0,0.625
2021-04-27,12.458333333333334,92.25,8.933333333333334,0.0,64.79166666666667
2021-04-28,13.258333333333333,91.625,9.85,0.0,31.916666666666668
2021-04-29,13.3125,89.875,11.720833333333333,0.9,76.0
2021-04-30,13.370833333333332,90.66666666666667,8.891666666666667,0.0,39.458333333333336
2021-05-01,13.979166666666666,84.45833333333333,7.433333333333334,0.0,85.54166666666667
2021-05-02,14.1,86.04166666666667,11.208333333333334,0.1,88.16666666666667
2021-05-03,14.504166666666668,79.875,11.233333333333334,0.0,41.916666666666664
2021-05-04,14.816666666666668,79.41666666666667,5.8374999999999995,0.0,38.791666666666664
2021-05-05,15.558333333333332,81.58333333333333,17.495833333333334,0.0,1.0833333333333333
2021-05-06,16.1375,78.04166666666667,15.979166666666666,0.0,24.5
2021-05-07,14.783333333333333,92.95833333333333,19.133333333333333,2.2,87.0
2021-05-08,14.604166666666666,86.83333333333333,11.454166666666666,0.0,70.20833333333333
2021-05-09,14.358333333333334,85.45833333333333,24.59583333333333,0.0,14.875
2021-05-10,13.304166666666667,85.33333333333333,14.225,0.0,20.666666666666668
2021-05-11,13.566666666666668,85.875,13.8125,0.0,2.2916666666666665
2021-05-12,13.762500000000001,85.125,10.325,0.0,21.625
2021-05-13,13.424999999999999,86.25,11.458333333333334,0.0,39.666666666666664
2021-05-14,13.704166666666666,88.91666666666667,14.645833333333334,0.0,53.5
2021-05-15,14.345833333333333,82.5,12.65,0.0,86.75
2021-05-16,15.041666666666666,75.125,16.833333333333332,0.0,86.95833333333333
2021-05-17,13.625,87.41666666666667,11.4,0.0,83.08333333333333
2021-05-18,13.629166666666668,88.45833333333333,19.4,1.4000000000000001,90.375
2021-05-19,14.266666666666666,85.25,16.8625,3.0,63.416666666666664
2021-05-20,13.733333333333334,82.58333333333333,8.708333333333334,2.4,67.375
2021-05-21,12.5375,80.875,13.916666666666666,2.7,30.458333333333332
2021-05-22,13.383333333333333,73.875,26.829166666666666,0.0,0.08333333333333333
2021-05-23,14.020833333333334,68.0,27.1875,0.0,29.208333333333332
2021-05-24,14.116666666666667,75.79166666666667,28.2375,0.0,5.583333333333333
2021-05-25,14.545833333333334,74.29166666666667,26.741666666666664,0.0,3.3333333333333335
2021-05-26,14.458333333333334,74.95833333333333,22.6125,0.0,0.875
2021-05-27,13.445833333333333,87.41666666666667,17.595833333333335,0.0,36.208333333333336
2021-05-28,13.366666666666667,89.29166666666667,15.5,0.0,18.375
2021-05-29,12.975,82.66666666666667,22.96666666666667,0.0,37.916666666666664
2021-05-30,13.679166666666667,74.70833333333333,27.950000000000003,0.0,32.291666666666664
2021-05-31,15.170833333333334,70.04166666666667,29.191666666666666,0.0,14.25
2021-06-01,14.308333333333332,89.5,24.933333333333334,0.0,70.875
2021-06-02,14.766666666666666,86.125,26.616666666666664,0.0,58.458333333333336
2021-06-03,14.924999999999999,81.875,30.320833333333336,0.0,73.5
2021-06-04,12.829166666666666,94.20833333333333,15.791666666666666,0.0,88.5
2021-06-05,12.379166666666668,85.625,24.0625,0.0,44.333333333333336
2021-06-06,11.529166666666667,75.45833333333333,14.195833333333333,0.0,79.75
2021-06-07,12.5,77.70833333333333,13.033333333333333,0.0,30.791666666666668
2021-06-08,12.879166666666668,79.45833333333333,11.445833333333333,0.0,20.291666666666668
2021-06-09,12.691666666666668,84.95833333333333,8.8125,0.0,75.625
2021-06-10,13.691666666666668,82.20833333333333,25.770833333333332,0.0,34.666666666666664
2021-06-11,14.6875,68.25,27.40416666666667,0.0,26.416666666666668
2021-06-12,13.366666666666667,78.04166666666667,11.924999999999999,0.0,9.125
2021-06-13,12.033333333333333,91.125,12.0375,0.0,82.95833333333333
2021-06-14,11.458333333333334,93.75,8.5625,0.0,85.83333333333333
2021-06-15,12.070833333333333,88.33333333333333,18.325,0.1,74.375
2021-06-16,13.366666666666667,78.20833333333333,8.016666666666667,0.4,43.541666666666664
2021-06-17,12.241666666666667,87.29166666666667,6.604166666666667,0.0,18.416666666666668
2021-06-18,12.070833333333333,85.66666666666667,5.370833333333334,0.0,21.791666666666668
2021-06-19,12.65,82.125,13.200000000000001,0.0,34.958333333333336
2021-06-20,12.166666666666666,80.83333333333333,9.6,0.6000000000000001,53.375
2021-06-21,13.183333333333332,69.625,10.295833333333333,0.0,34.5
2021-06-22,12.808333333333332,83.41666666666667,17.633333333333333,0.0,91.83333333333333
2021-06-23,12.879166666666668,81.375,29.2625,31.0,92.58333333333333
2021-06-24,13.1625,77.33333333333333,10.941666666666668,0.0,45.916666666666664
2021-06-25,12.095833333333333,81.95833333333333,15.941666666666668,10.2,75.33333333333333
2021-06-26,10.666666666666666,72.95833333333333,27.483333333333334,0.0,1.2083333333333333
2021-06-27,10.808333333333332,70.58333333333333,23.654166666666665,0.0,0.0
2021-06-28,12.612499999999999,72.29166666666667,11.366666666666667,0.0,0.16666666666666666
2021-06-29,13.020833333333334,79.25,8.4125,0.0,71.20833333333333
2021-06-30,11.508333333333333,87.0,11.833333333333334,0.0,76.04166666666667
2021-07-01,12.137500000000001,80.70833333333333,13.674999999999999,0.0,9.041666666666666
2021-07-02,12.229166666666666,76.58333333333333,30.3875,0.0,0.75
2021-07-03,11.433333333333332,71.33333333333333,18.333333333333332,0.0,73.83333333333333
2021-07-04,11.254166666666668,84.20833333333333,10.154166666666667,0.0,2.5833333333333335
2021-07-05,9.941666666666666,91.91666666666667,4.666666666666667,0.0,75.33333333333333
2021-07-06,11.241666666666667,86.29166666666667,16.1,8.4,60.708333333333336
2021-07-07,12.341666666666667,77.375,19.429166666666667,0.0,19.958333333333332
2021-07-08,11.704166666666666,80.75,10.612499999999999,0.0,12.708333333333334
2021-07-09,11.6625,87.04166666666667,15.083333333333334,0.0,41.25
2021-07-10,12.4625,76.29166666666667,31.733333333333334,0.0,12.708333333333334
2021-07-11,10.541666666666666,78.08333333333333,13.845833333333333,0.0,74.75
2021-07-12,10.950000000000001,88.58333333333333,11.629166666666668,0.0,86.125
2021-07-13,11.200000000000001,83.54166666666667,9.883333333333333,0.0,27.541666666666668
2021-07-14,10.458333333333334,81.83333333333333,17.541666666666668,0.0,3.0833333333333335
2021-07-15,10.720833333333333,77.95833333333333,26.120833333333334,0.0,2.5
2021-07-16,11.483333333333334,77.375,25.09583333333333,0.0,2.5416666666666665
2021-07-17,12.641666666666666,64.33333333333333,29.108333333333334,0.0,0.0
2021-07-18,13.404166666666667,68.16666666666667,13.866666666666667,0.0,0.08333333333333333
2021-07-19,11.516666666666666,82.25,13.700000000000001,0.0,6.458333333333333
2021-07-20,12.566666666666668,76.125,12.654166666666667,0.0,25.166666666666668
2021-07-21,10.741666666666667,91.0,14.125,0.0,90.875
2021-07-22,10.666666666666666,89.875,9.591666666666667,0.0,97.95833333333333
2021-07-23,10.262500000000001,90.875,10.612499999999999,0.0,95.75
2021-07-24,11.141666666666666,86.75,22.150000000000002,4.5,88.04166666666667
2021-07-25,11.1875,87.125,15.716666666666667,6.8,65.875
2021-07-26,11.745833333333332,85.41666666666667,18.075,1.4000000000000001,34.375
2021-07-27,10.479166666666666,77.83333333333333,29.333333333333332,0.0,0.16666666666666666
2021-07-28,11.225,79.70833333333333,10.8375,0.0,0.0
2021-07-29,9.395833333333334,89.95833333333333,10.170833333333333,0.0,30.583333333333332
2021-07-30,10.145833333333334,90.08333333333333,13.2875,0.0,48.458333333333336
2021-07-31,11.233333333333334,84.83333333333333,14.379166666666665,0.0,13.041666666666666
2021-08-01,13.395833333333334,76.41666666666667,15.370833333333332,0.0,0.041666666666666664
2021-08-02,12.2875,82.375,9.35,0.0,12.375
2021-08-03,9.9875,94.20833333333333,10.25,0.0,69.75
2021-08-04,10.566666666666666,91.54166666666667,12.833333333333334,0.30000000000000004,62.041666666666664
2021-08-05,11.129166666666668,89.75,10.266666666666667,0.0,75.75
2021-08-06,11.1,87.375,9.125,0.0,86.91666666666667
2021-08-07,11.325000000000001,84.75,9.233333333333333,0.1,56.25
2021-08-08,11.133333333333333,83.125,15.716666666666667,0.1,35.083333333333336
2021-08-09,10.762500000000001,78.33333333333333,19.9375,0.0,6.416666666666667
2021-08-10,11.208333333333334,82.95833333333333,19.8,0.0,0.375
2021-08-11,10.079166666666667,83.75,7.979166666666667,0.0,11.916666666666666
2021-08-12,9.395833333333334,80.83333333333333,6.733333333333333,0.0,51.375
2021-08-13,10.025,81.79166666666667,15.0,0.0,21.625
2021-08-14,9.333333333333334,86.25,9.779166666666667,0.0,68.20833333333333
2021-08-15,10.5625,82.20833333333333,13.716666666666667,0.30000000000000004,97.91666666666667
2021-08-16,11.816666666666668,85.125,18.712500000000002,0.30000000000000004,88.70833333333333
2021-08-17,12.558333333333332,89.875,14.987499999999999,0.30000000000000004,83.79166666666667
2021-08-18,12.625,96.45833333333333,13.833333333333334,26.8,98.29166666666667
2021-08-19,12.125,91.29166666666667,9.7,1.2,43.25
2021-08-20,12.3125,78.33333333333333,14.029166666666667,0.0,64.33333333333333
2021-08-21,12.1875,89.66666666666667,16.495833333333334,3.9,61.333333333333336
2021-08-22,11.924999999999999,81.83333333333333,21.858333333333334,0.0,51.25
2021-08-23,11.0,78.08333333333333,9.379166666666666,0.0,49.5
2021-08-24,11.225,76.625,17.4875,0.0,11.125
2021-08-25,10.541666666666666,75.375,16.229166666666668,0.0,3.0416666666666665
2021-08-26,11.279166666666667,77.25,23.433333333333334,0.0,19.333333333333332
2021-08-27,11.170833333333334,79.70833333333333,15.629166666666668,0.0,96.04166666666667
2021-08-28,12.616666666666667,79.79166666666667,20.033333333333335,0.1,59.833333333333336
2021-08-29,12.008333333333333,88.0,9.4375,0.30000000000000004,42.0
2021-08-30,11.545833333333334,85.70833333333333,6.8125,0.0,37.25
2021-08-31,11.716666666666667,81.625,11.129166666666668,0.0,12.083333333333334
2021-09-01,12.245833333333332,83.29166666666667,18.604166666666668,0.0,22.166666666666668
2021-09-02,11.8375,87.91666666666667,12.037500000000001,0.0,50.416666666666664
2021-09-03,11.237499999999999,80.70833333333333,10.954166666666666,0.0,59.25
2021-09-04,11.754166666666668,74.58333333333333,13.366666666666667,0.0,10.583333333333334
2021-09-05,12.237499999999999,83.08333333333333,15.541666666666666,0.0,33.833333333333336
2021-09-06,11.908333333333333,81.58333333333333,16.166666666666668,0.2,40.375
2021-09-07,10.9,81.41666666666667,11.4375,0.5,16.416666666666668
2021-09-08,11.929166666666667,77.58333333333333,26.337500000000002,0.0,0.3333333333333333
2021-09-09,12.179166666666667,78.125,17.925,0.0,11.791666666666666
2021-09-10,10.695833333333333,90.25,8.770833333333334,0.0,76.95833333333333
2021-09-11,11.950000000000001,86.5,34.90416666666667,13.9,95.5
2021-09-12,11.804166666666667,88.375,24.504166666666666,7.7,58.958333333333336
2021-09-13,11.533333333333333,78.125,15.379166666666668,1.0,32.25
2021-09-14,11.825000000000001,72.33333333333333,29.7,0.0,0.041666666666666664
2021-09-15,11.3125,82.16666666666667,17.520833333333332,0.0,7.541666666666667
2021-09-16,12.1,83.79166666666667,18.395833333333332,0.0,2.6666666666666665
2021-09-17,11.5625,89.16666666666667,18.841666666666665,0.0,32.666666666666664
2021-09-18,11.695833333333333,86.41666666666667,22.304166666666664,0.0,7.666666666666667
2021-09-19,11.391666666666666,82.875,26.666666666666668,0.0,3.875
2021-09-20,12.070833333333333,79.25,27.329166666666666,0.0,13.708333333333334
2021-09-21,11.583333333333334,89.70833333333333,14.2875,0.8,51.041666666666664
2021-09-22,11.633333333333333,79.66666666666667,12.766666666666666,0.0,37.916666666666664
2021-09-23,13.170833333333334,78.83333333333333,25.962500000000002,0.0,12.791666666666666
2021-09-24,12.154166666666667,91.91666666666667,14.916666666666666,0.2,56.458333333333336
2021-09-25,12.116666666666667,88.79166666666667,17.091666666666665,0.8,63.625
2021-09-26,12.145833333333334,82.375,28.15833333333333,0.0,0.375
2021-09-27,12.995833333333332,77.875,22.695833333333336,0.0,5.666666666666667
2021-09-28,12.966666666666667,77.58333333333333,13.983333333333334,0.0,0.041666666666666664
2021-09-29,11.595833333333333,78.41666666666667,13.358333333333334,0.0,55.75
2021-09-30,12.016666666666666,80.5,20.845833333333335,0.0,11.625
2021-10-01,11.8125,78.875,25.295833333333334,0.0,3.5416666666666665
2021-10-02,11.729166666666666,80.58333333333333,28.650000000000002,0.0,25.75
2021-10-03,10.924999999999999,72.41666666666667,32.09166666666667,0.0,0.08333333333333333
2021-10-04,11.308333333333332,82.25,21.066666666666666,0.0,2.0833333333333335
2021-10-05,10.520833333333334,87.91666666666667,13.545833333333334,0.0,22.208333333333332
2021-10-06,12.004166666666668,78.20833333333333,15.933333333333335,0.0,0.0
2021-10-07,11.012500000000001,85.58333333333333,14.079166666666666,0.1,44.5
2021-10-08,11.75,84.5,14.008333333333333,0.1,24.166666666666668
2021-10-09,11.595833333333333,82.125,9.645833333333334,0.0,24.125
2021-10-10,12.341666666666667,80.45833333333333,18.6875,0.0,13.375
2021-10-11,10.904166666666667,94.375,7.375,0.1,70.29166666666667
2021-10-12,12.2875,91.54166666666667,11.320833333333333,1.6,67.29166666666667
2021-10-13,12.2875,85.5,13.966666666666667,0.0,25.375
2021-10-14,12.112499999999999,76.125,27.912499999999998,0.9,32.291666666666664
2021-10-15,11.445833333333333,75.66666666666667,33.916666666666664,0.0,0.5416666666666666
2021-10-16,11.883333333333333,78.875,29.71666666666667,0.0,1.375
2021-10-17,12.450000000000001,80.29166666666667,28.224999999999998,0.0,13.541666666666666
2021-10-18,13.325000000000001,79.66666666666667,21.404166666666665,0.0,0.041666666666666664
2021-10-19,11.370833333333332,95.0,14.554166666666667,0.5,85.29166666666667
2021-10-20,12.129166666666668,90.25,12.295833333333334,0.6000000000000001,50.916666666666664
2021-10-21,12.133333333333333,87.16666666666667,19.158333333333335,0.0,12.5
2021-10-22,11.916666666666666,85.16666666666667,24.745833333333334,0.0,54.875
2021-10-23,11.704166666666666,80.79166666666667,29.34166666666667,0.0,3.125
2021-10-24,13.408333333333333,76.33333333333333,35.31666666666667,0.0,0.0
2021-10-25,14.15,78.375,33.425000000000004,0.0,5.083333333333333
2021-10-26,11.512500000000001,92.04166666666667,16.670833333333334,0.0,60.375
2021-10-27,11.141666666666666,93.16666666666667,11.625,0.0,51.541666666666664
2021-10-28,13.270833333333334,81.70833333333333,21.604166666666668,0.0,14.041666666666666
2021-10-29,12.241666666666667,88.75,16.770833333333332,0.0,13.708333333333334
2021-10-30,12.908333333333333,86.29166666666667,16.616666666666667,0.0,11.875
2021-10-31,11.85,86.875,8.516666666666667,0.0,90.29166666666667
2021-11-01,11.883333333333333,89.58333333333333,10.929166666666667,0.0,65.16666666666667
2021-11-02,12.225,88.125,20.087500000000002,0.0,27.541666666666668
2021-11-03,12.483333333333334,85.875,19.791666666666668,0.0,84.70833333333333
2021-11-04,12.450000000000001,79.41666666666667,34.86666666666667,0.0,17.875
2021-11-05,11.933333333333332,82.83333333333333,15.720833333333333,0.0,3.2083333333333335
2021-11-06,11.641666666666666,85.08333333333333,13.679166666666667,0.0,35.625
2021-11-07,12.049999999999999,89.16666666666667,25.912499999999998,0.0,47.291666666666664
2021-11-08,12.879166666666668,88.20833333333333,20.991666666666667,0.0,15.458333333333334
2021-11-09,12.0875,91.5,10.950000000000001,0.0,80.45833333333333
2021-11-10,12.141666666666666,87.20833333333333,18.4375,0.0,42.0
2021-11-11,12.0375,88.29166666666667,19.325,0.0,44.791666666666664
2021-11-12,12.6,89.04166666666667,23.379166666666666,0.0,25.375
2021-11-13,12.5375,83.29166666666667,33.541666666666664,0.0,18.125
2021-11-14,12.666666666666666,80.66666666666667,34.541666666666664,0.0,2.3333333333333335
2021-11-15,12.483333333333334,84.375,31.662499999999998,0.0,22.166666666666668
2021-11-16,12.1875,79.66666666666667,21.462500000000002,0.0,0.0
2021-11-17,10.979166666666666,95.375,6.870833333333334,0.0,41.291666666666664
2021-11-18,12.095833333333333,91.875,18.579166666666666,0.0,57.75
2021-11-19,11.958333333333334,93.20833333333333,7.054166666666666,0.0,81.08333333333333
2021-11-20,12.362499999999999,91.04166666666667,15.1625,0.0,55.875
2021-11-21,11.566666666666668,96.41666666666667,10.729166666666666,0.0,65.375
2021-11-22,11.375,96.70833333333333,8.145833333333334,0.0,70.08333333333333
2021-11-23,12.362499999999999,96.0,17.1125,0.4,71.20833333333333
2021-11-24,12.566666666666668,93.91666666666667,14.091666666666667,0.0,23.583333333333332
2021-11-25,13.495833333333332,88.29166666666667,21.520833333333332,0.0,26.125
2021-11-26,13.283333333333333,92.66666666666667,15.075000000000001,0.2,73.625
2021-11-27,13.345833333333333,84.45833333333333,28.266666666666666,0.0,19.083333333333332
2021-11-28,14.379166666666668,78.33333333333333,31.474999999999998,0.0,3.1666666666666665
2021-11-29,13.112499999999999,89.58333333333333,14.641666666666666,0.0,15.833333333333334
2021-11-30,13.241666666666667,85.41666666666667,18.291666666666668,0.0,58.041666666666664
2021-12-01,13.341666666666667,81.54166666666667,21.458333333333332,0.0,18.041666666666668
2021-12-02,13.095833333333333,89.45833333333333,13.708333333333334,0.0,10.375
2021-12-03,13.666666666666666,86.95833333333333,19.8875,0.0,30.333333333333332
2021-12-04,14.429166666666667,81.66666666666667,18.983333333333334,0.0,3.7916666666666665
2021-12-05,13.674999999999999,88.875,12.012500000000001,0.0,51.458333333333336
2021-12-06,13.883333333333333,88.66666666666667,15.987499999999999,0.4,58.375
2021-12-07,14.354166666666666,84.33333333333333,11.387500000000001,0.0,42.375
2021-12-08,14.391666666666666,87.66666666666667,17.9375,0.0,19.166666666666668
2021-12-09,13.929166666666667,87.91666666666667,12.4125,0.0,48.958333333333336
2021-12-10,14.5,85.83333333333333,15.758333333333333,0.5,50.333333333333336
2021-12-11,14.679166666666667,89.5,16.258333333333333,0.2,43.958333333333336
2021-12-12,14.616666666666667,79.95833333333333,26.016666666666666,0.0,22.5
2021-12-13,14.2125,83.25,17.079166666666666,0.0,6.333333333333333
2021-12-14,14.375,83.83333333333333,23.358333333333334,0.0,5.083333333333333
2021-12-15,14.191666666666668,87.70833333333333,15.5875,0.0,4.75
2021-12-16,14.299999999999999,81.66666666666667,13.404166666666667,0.0,28.208333333333332
2021-12-17,14.875,80.75,26.379166666666666,0.0,6.333333333333333
2021-12-18,14.887500000000001,87.79166666666667,22.583333333333332,0.0,33.458333333333336
2021-12-19,14.533333333333333,91.91666666666667,15.799999999999999,0.0,47.333333333333336
2021-12-20,13.995833333333332,93.375,13.35,0.0,53.833333333333336
2021-12-21,13.887500000000001,92.625,10.141666666666667,0.0,53.666666666666664
2021-12-22,14.354166666666666,89.29166666666667,11.545833333333334,0.1,69.125
2021-12-23,15.004166666666668,87.58333333333333,13.383333333333333,0.4,56.125
2021-12-24,15.070833333333333,87.45833333333333,19.779166666666665,0.0,15.541666666666666
2021-12-25,14.775,93.58333333333333,11.700000000000001,0.0,79.0
2021-12-26,14.508333333333333,92.66666666666667,7.066666666666666,0.0,87.16666666666667
2021-12-27,14.966666666666667,88.66666666666667,10.325000000000001,0.0,58.791666666666664
2021-12-28,15.416666666666666,88.70833333333333,10.116666666666667,0.0,38.833333333333336
2021-12-29,15.691666666666668,87.83333333333333,10.654166666666667,0.7000000000000001,53.041666666666664
2021-12-30,16.179166666666667,85.75,27.204166666666666,0.0,1.875
2021-12-31,15.745833333333332,81.41666666666667,30.079166666666666,0.0,2.75
2022-01-01,15.241666666666667,85.04166666666667,26.004166666666666,0.0,4.208333333333333
2022-01-02,15.520833333333334,87.875,23.675,0.0,10.083333333333334
2022-01-03,15.862499999999999,90.125,26.40833333333333,0.0,38.166666666666664
2022-01-04,15.4375,89.16666666666667,29.53333333333333,0.0,20.375
2022-01-05,14.591666666666667,90.33333333333333,17.712500000000002,0.0,16.625
2022-01-06,14.420833333333334,88.25,20.908333333333335,0.0,29.625
2022-01-07,14.058333333333332,94.125,14.1875,0.0,29.958333333333332
2022-01-08,13.654166666666667,96.29166666666667,12.658333333333333,0.4,73.29166666666667
2022-01-09,14.083333333333334,95.66666666666667,7.841666666666666,0.0,92.91666666666667
2022-01-10,14.454166666666666,94.08333333333333,9.825000000000001,0.0,81.41666666666667
2022-01-11,14.883333333333333,94.875,13.604166666666666,0.0,69.75
2022-01-12,15.445833333333333,89.91666666666667,18.291666666666668,0.0,58.416666666666664
2022-01-13,15.579166666666666,87.08333333333333,22.016666666666666,0.0,52.541666666666664
2022-01-14,16.1875,87.70833333333333,27.329166666666666,0.0,52.5
2022-01-15,15.845833333333333,93.625,15.979166666666666,0.0,71.875
2022-01-16,15.275,82.25,19.287499999999998,0.0,78.08333333333333
2022-01-17,15.158333333333333,77.41666666666667,28.6875,0.0,29.916666666666668
2022-01-18,14.841666666666667,71.58333333333333,25.8625,0.0,0.0
2022-01-19,13.987499999999999,83.54166666666667,21.820833333333336,0.0,2.5416666666666665
2022-01-20,13.725,80.54166666666667,29.125,0.0,0.08333333333333333
2022-01-21,13.720833333333333,85.54166666666667,18.45,0.0,0.25
2022-01-22,14.566666666666668,85.625,21.425,0.0,3.9583333333333335
2022-01-23,14.674999999999999,86.08333333333333,28.0625,0.0,9.083333333333334
2022-01-24,14.204166666666666,88.375,20.583333333333332,0.0,2.25
2022-01-25,13.854166666666666,90.75,19.045833333333334,0.0,35.041666666666664
2022-01-26,14.066666666666668,89.25,21.47083333333333,0.0,41.333333333333336
2022-01-27,13.904166666666667,93.66666666666667,10.75,0.0,66.79166666666667
2022-01-28,14.591666666666667,86.41666666666667,19.941666666666666,0.0,46.083333333333336
2022-01-29,14.0625,90.16666666666667,15.8125,0.0,14.041666666666666
2022-01-30,14.241666666666667,89.83333333333333,21.983333333333334,0.0,33.291666666666664
2022-01-31,14.0875,94.375,10.65,0.0,8.5
2022-02-01,14.708333333333334,90.29166666666667,7.5,0.0,42.375
2022-02-02,15.737499999999999,85.91666666666667,12.1625,0.0,3.9166666666666665
2022-02-03,15.475,88.91666666666667,13.579166666666667,0.0,19.583333333333332
2022-02-04,15.5875,89.0,14.995833333333332,0.0,5.833333333333333
2022-02-05,15.916666666666666,87.375,21.029166666666665,0.0,12.833333333333334
2022-02-06,15.108333333333334,93.0,8.708333333333334,0.0,23.5
2022-02-07,15.066666666666668,92.95833333333333,8.5875,0.0,57.166666666666664
2022-02-08,14.941666666666668,93.29166666666667,12.825000000000001,0.0,42.208333333333336
2022-02-09,15.295833333333334,93.125,8.033333333333333,0.1,87.41666666666667
2022-02-10,15.291666666666666,86.75,5.545833333333333,0.0,71.0
2022-02-11,16.104166666666668,81.16666666666667,13.595833333333333,0.0,33.666666666666664
2022-02-12,16.150000000000002,82.5,10.954166666666666,0.0,43.208333333333336
2022-02-13,16.8,88.66666666666667,12.220833333333333,0.0,25.916666666666668
2022-02-14,16.833333333333332,85.41666666666667,13.504166666666668,0.0,16.75
2022-02-15,16.341666666666665,84.91666666666667,15.741666666666667,0.0,32.25
2022-02-16,16.241666666666667,86.5,22.370833333333334,0.0,9.791666666666666
2022-02-17,16.2625,90.41666666666667,13.004166666666668,0.0,19.125
2022-02-18,15.579166666666666,88.875,16.0,0.0,18.416666666666668
2022-02-19,15.820833333333333,85.25,26.025000000000002,0.0,13.958333333333334
2022-02-20,15.608333333333334,88.08333333333333,25.8875,0.0,21.541666666666668
2022-02-21,14.691666666666668,84.95833333333333,8.958333333333334,0.0,35.333333333333336
2022-02-22,15.816666666666668,83.625,7.616666666666667,0.0,49.875
2022-02-23,15.929166666666667,87.45833333333333,12.983333333333334,0.6,39.166666666666664
2022-02-24,17.095833333333335,84.04166666666667,19.845833333333335,0.0,1.4583333333333333
2022-02-25,16.491666666666667,86.33333333333333,21.8625,0.0,0.875
2022-02-26,16.679166666666667,81.70833333333333,26.97083333333333,0.0,0.041666666666666664
2022-02-27,16.116666666666667,82.45833333333333,33.11666666666667,0.0,0.5833333333333334
2022-02-28,15.695833333333333,76.70833333333333,36.291666666666664,0.0,0.0
2022-03-01,15.450000000000001,75.08333333333333,28.045833333333334,0.0,0.0
2022-03-02,13.783333333333333,93.375,5.566666666666666,0.0,41.0
2022-03-03,14.595833333333333,94.16666666666667,10.174999999999999,0.0,49.0
2022-03-04,13.983333333333334,92.08333333333333,16.804166666666667,0.0,64.91666666666667
2022-03-05,14.316666666666668,80.08333333333333,24.4875,0.0,41.208333333333336
2022-03-06,13.883333333333333,83.91666666666667,24.708333333333332,0.0,9.541666666666666
2022-03-07,15.333333333333334,78.375,29.474999999999998,0.0,0.2916666666666667
2022-03-08,13.924999999999999,87.375,20.150000000000002,0.0,24.625
2022-03-09,14.770833333333334,82.58333333333333,24.47083333333333,0.0,0.0
2022-03-10,14.666666666666666,79.41666666666667,23.179166666666664,0.0,0.041666666666666664
2022-03-11,13.237499999999999,92.75,6.0249999999999995,0.0,17.666666666666668
2022-03-12,13.616666666666667,95.625,3.8791666666666664,0.0,57.375
2022-03-13,12.920833333333334,96.0,10.0,0.0,71.95833333333333
2022-03-14,13.1875,95.95833333333333,5.820833333333333,0.0,90.16666666666667
2022-03-15,14.0875,94.95833333333333,9.0375,0.0,66.20833333333333
2022-03-16,14.570833333333333,91.58333333333333,9.1625,0.0,38.166666666666664
2022-03-17,14.512500000000001,88.0,19.841666666666665,0.0,41.416666666666664
2022-03-18,15.4375,76.875,21.370833333333334,0.0,9.416666666666666
2022-03-19,15.054166666666667,78.25,11.125,0.0,79.83333333333333
2022-03-20,14.154166666666667,85.70833333333333,12.612499999999999,0.0,8.208333333333334
2022-03-21,15.029166666666667,79.29166666666667,25.21666666666667,0.0,2.0
2022-03-22,14.479166666666666,86.5,18.545833333333334,0.0,11.666666666666666
2022-03-23,14.441666666666668,80.33333333333333,27.270833333333332,0.0,18.125
2022-03-24,15.079166666666666,66.58333333333333,32.85,0.0,0.0
2022-03-25,14.237499999999999,83.16666666666667,10.625,0.0,6.0
2022-03-26,13.645833333333334,90.33333333333333,12.295833333333334,0.1,58.208333333333336
2022-03-27,13.679166666666667,83.79166666666667,22.77916666666667,0.0,71.04166666666667
2022-03-28,13.270833333333334,87.29166666666667,21.204166666666666,0.0,23.458333333333332
2022-03-29,14.595833333333333,75.08333333333333,33.516666666666666,0.0,0.0
2022-03-30,14.079166666666666,62.833333333333336,37.074999999999996,0.0,6.208333333333333
2022-03-31,13.920833333333334,72.54166666666667,25.616666666666664,0.0,0.041666666666666664
2022-04-01,12.029166666666667,91.625,11.408333333333333,0.0,18.416666666666668
2022-04-02,11.387500000000001,94.91666666666667,9.370833333333334,0.1,89.625
2022-04-03,13.145833333333334,86.875,24.099999999999998,0.0,45.166666666666664
2022-04-04,12.870833333333332,79.16666666666667,16.433333333333334,0.0,0.0
2022-04-05,11.979166666666666,91.58333333333333,8.358333333333333,0.0,14.875
2022-04-06,12.079166666666666,94.29166666666667,11.508333333333333,0.0,61.666666666666664
2022-04-07,12.775,91.41666666666667,18.704166666666666,0.0,49.666666666666664
2022-04-08,11.945833333333333,96.70833333333333,17.079166666666666,0.0,88.125
2022-04-09,12.683333333333332,89.04166666666667,21.183333333333334,0.0,49.583333333333336
2022-04-10,12.833333333333334,88.33333333333333,17.183333333333334,0.1,28.416666666666668
2022-04-11,12.383333333333333,83.70833333333333,25.099999999999998,0.0,2.0833333333333335
2022-04-12,13.1625,76.125,23.879166666666666,0.0,44.541666666666664
2022-04-13,13.8375,70.125,16.3,0.0,0.0
2022-04-14,12.070833333333333,89.08333333333333,10.445833333333333,0.0,61.375
2022-04-15,12.533333333333333,89.25,11.220833333333333,0.0,62.833333333333336
2022-04-16,12.0875,90.08333333333333,13.5625,0.0,14.291666666666666
2022-04-17,11.466666666666667,89.95833333333333,11.304166666666667,0.0,56.083333333333336
2022-04-18,11.9625,88.41666666666667,14.520833333333334,0.0,28.125
2022-04-19,12.112499999999999,92.66666666666667,10.120833333333334,0.0,80.875
2022-04-20,13.6,87.375,23.675,0.0,38.625
2022-04-21,12.804166666666667,80.125,23.579166666666666,0.0,65.58333333333333
2022-04-22,13.658333333333333,82.125,14.737499999999999,0.3,68.16666666666667
2022-04-23,13.529166666666667,87.66666666666667,19.175,0.0,24.166666666666668
2022-04-24,13.058333333333332,92.08333333333333,13.054166666666667,0.0,83.16666666666667
2022-04-25,13.129166666666668,93.33333333333333,11.9,0.0,81.29166666666667
2022-04-26,13.029166666666667,93.5,23.925,23.1,93.5
2022-04-27,13.158333333333333,80.08333333333333,14.1625,0.2,38.958333333333336
2022-04-28,13.791666666666666,75.5,29.65416666666667,0.0,0.041666666666666664
2022-04-29,12.991666666666667,78.625,21.1875,0.0,1.6666666666666667
2022-04-30,12.625,82.5,19.0,0.0,4.208333333333333
2022-05-01,12.529166666666667,81.45833333333333,21.9875,0.0,11.083333333333334
2022-05-02,12.895833333333334,81.70833333333333,22.650000000000002,0.0,6.791666666666667
2022-05-03,14.549999999999999,74.875,21.054166666666667,0.0,16.0
2022-05-04,12.4375,89.91666666666667,13.995833333333332,0.0,94.66666666666667
2022-05-05,12.304166666666667,89.33333333333333,11.7125,0.0,63.166666666666664
2022-05-06,12.879166666666668,90.41666666666667,12.424999999999999,0.0,19.166666666666668
2022-05-07,11.366666666666667,93.08333333333333,8.908333333333333,0.0,84.33333333333333
2022-05-08,12.091666666666667,85.33333333333333,12.354166666666666,0.0,74.95833333333333
2022-05-09,13.408333333333333,84.75,22.974999999999998,0.0,33.875
2022-05-10,13.008333333333333,89.95833333333333,19.270833333333332,0.0,69.66666666666667
2022-05-11,11.504166666666668,95.41666666666667,7.7,0.0,91.45833333333333
2022-05-12,12.070833333333333,88.125,8.354166666666666,0.0,100.0
2022-05-13,13.1625,84.0,19.59583333333333,0.0,19.875
2022-05-14,12.529166666666667,86.33333333333333,11.445833333333333,0.0,44.208333333333336
2022-05-15,11.637500000000001,89.875,7.925,0.0,45.375
2022-05-16,11.416666666666666,90.45833333333333,9.4375,0.0,69.04166666666667
2022-05-17,10.424999999999999,91.0,6.795833333333333,0.0,55.791666666666664
2022-05-18,10.795833333333334,89.91666666666667,8.754166666666666,0.0,73.04166666666667
2022-05-19,13.083333333333334,83.95833333333333,18.2375,0.1,64.625
2022-05-20,14.174999999999999,83.20833333333333,15.304166666666667,4.5,66.16666666666667
2022-05-21,13.504166666666668,83.45833333333333,27.979166666666668,0.0,36.208333333333336
2022-05-22,13.395833333333334,78.54166666666667,15.366666666666667,0.0,98.33333333333333
2022-05-23,13.804166666666667,80.29166666666667,5.008333333333334,0.0,100.0
2022-05-24,13.716666666666667,88.04166666666667,13.041666666666666,0.0,97.83333333333333
2022-05-25,13.458333333333334,88.29166666666667,25.245833333333334,0.0,61.0
2022-05-26,11.620833333333332,79.58333333333333,20.995833333333334,0.0,56.041666666666664
2022-05-27,11.529166666666667,77.58333333333333,14.6625,0.0,97.58333333333333
2022-05-28,10.975,78.58333333333333,16.608333333333334,0.0,93.75
2022-05-29,9.958333333333334,78.16666666666667,19.5125,0.0,35.791666666666664
2022-05-30,9.966666666666667,72.91666666666667,20.879166666666666,0.0,2.3333333333333335
2022-05-31,9.608333333333333,71.45833333333333,17.608333333333334,0.0,0.041666666666666664
2022-06-01,9.583333333333334,71.20833333333333,8.608333333333333,0.0,26.291666666666668
2022-06-02,11.133333333333333,75.125,14.204166666666666,0.0,68.79166666666667
2022-06-03,12.145833333333334,76.70833333333333,19.304166666666667,15.8,100.0
2022-06-04,13.383333333333333,78.54166666666667,15.3375,2.2,99.91666666666667
2022-06-05,13.045833333333334,79.58333333333333,11.120833333333332,4.3,51.291666666666664
2022-06-06,12.879166666666668,86.04166666666667,16.099999999999998,0.0,8.833333333333334
2022-06-07,12.266666666666666,88.83333333333333,20.733333333333334,0.0,49.375
2022-06-08,12.191666666666668,89.20833333333333,12.470833333333333,0.0,86.33333333333333
2022-06-09,12.375,86.29166666666667,21.95,0.0,48.166666666666664
2022-06-10,12.674999999999999,83.33333333333333,11.966666666666667,0.0,63.708333333333336
2022-06-11,10.620833333333334,93.0,13.1,0.0,93.125
2022-06-12,10.612499999999999,86.16666666666667,6.783333333333334,0.0,84.45833333333333
2022-06-13,11.112499999999999,77.91666666666667,7.108333333333333,0.0,100.0
2022-06-14,12.0,79.08333333333333,11.116666666666667,0.1,47.0
2022-06-15,12.870833333333332,82.70833333333333,11.299999999999999,0.0,7.958333333333333
2022-06-16,11.5,88.5,12.625,0.0,27.666666666666668
2022-06-17,12.3375,77.58333333333333,24.554166666666664,0.0,46.5
2022-06-18,11.8125,77.20833333333333,25.129166666666666,0.0,59.125
2022-06-19,11.791666666666666,79.5,8.320833333333333,0.0,100.0
2022-06-20,11.870833333333332,83.79166666666667,8.595833333333333,0.1,99.54166666666667
2022-06-21,12.725,79.08333333333333,18.533333333333335,0.2,99.25
2022-06-22,13.0375,76.08333333333333,22.900000000000002,16.1,97.58333333333333
2022-06-23,12.825000000000001,83.875,42.76666666666667,99.6,94.79166666666667
2022-06-24,13.125,84.95833333333333,8.908333333333333,5.9,98.16666666666667
2022-06-25,12.583333333333334,83.41666666666667,7.529166666666666,0.0,81.66666666666667
2022-06-26,11.833333333333334,85.125,10.112499999999999,0.0,79.08333333333333
2022-06-27,12.25,81.33333333333333,16.983333333333334,5.3999999999999995,42.25
2022-06-28,13.362499999999999,75.33333333333333,16.0625,0.0,41.833333333333336
2022-06-29,13.520833333333334,77.125,19.020833333333332,0.0,68.08333333333333
2022-06-30,12.716666666666667,86.5,14.454166666666666,0.0,24.666666666666668
2022-07-01,11.9125,83.66666666666667,18.287499999999998,14.200000000000001,77.83333333333333
2022-07-02,11.545833333333334,76.41666666666667,12.616666666666667,0.0,26.958333333333332
2022-07-03,12.470833333333333,61.958333333333336,14.5,0.0,91.625
2022-07-04,12.520833333333334,73.54166666666667,16.766666666666666,0.0,0.125
2022-07-05,11.604166666666666,76.29166666666667,16.129166666666666,0.0,0.08333333333333333
2022-07-06,11.033333333333333,79.875,12.945833333333333,2.9000000000000004,45.208333333333336
2022-07-07,12.004166666666668,73.875,21.65833333333333,0.0,0.08333333333333333
2022-07-08,11.508333333333333,83.54166666666667,13.604166666666666,0.6,57.5
2022-07-09,12.270833333333334,82.54166666666667,41.050000000000004,53.6,86.95833333333333
2022-07-10,11.2875,84.25,19.900000000000002,82.0,100.0
2022-07-11,11.233333333333334,76.66666666666667,10.3875,3.6,44.208333333333336
2022-07-12,11.958333333333334,72.20833333333333,22.679166666666664,0.0,0.0
2022-07-13,11.683333333333332,80.83333333333333,23.229166666666668,5.0,57.708333333333336
2022-07-14,10.354166666666666,82.66666666666667,26.183333333333334,62.6,90.58333333333333
2022-07-15,9.375,81.70833333333333,22.620833333333334,34.0,100.0
2022-07-16,9.933333333333334,74.20833333333333,13.716666666666667,0.7999999999999999,33.833333333333336
2022-07-17,11.795833333333334,61.5,18.279166666666665,0.0,56.791666666666664
2022-07-18,12.670833333333334,71.0,21.900000000000002,0.0,24.833333333333332
2022-07-19,12.308333333333332,78.08333333333333,21.308333333333334,0.0,4.958333333333333
2022-07-20,11.141666666666666,82.45833333333333,16.129166666666666,0.0,11.208333333333334
2022-07-21,11.120833333333332,84.25,15.304166666666667,0.0,13.333333333333334
2022-07-22,12.075000000000001,82.20833333333333,13.625,0.0,5.125
2022-07-23,11.808333333333332,87.29166666666667,9.112499999999999,0.0,60.25
2022-07-24,11.770833333333334,89.95833333333333,11.200000000000001,0.2,97.33333333333333
2022-07-25,12.0875,85.25,22.391666666666666,0.0,89.04166666666667
2022-07-26,12.354166666666666,82.5,11.216666666666667,0.1,54.875
2022-07-27,11.933333333333332,87.20833333333333,11.658333333333333,0.0,63.791666666666664
2022-07-28,12.504166666666668,76.70833333333333,22.5125,0.0,2.5
2022-07-29,11.658333333333333,86.125,11.1,0.0,62.5
2022-07-30,11.491666666666667,89.58333333333333,14.137500000000001,1.3,80.16666666666667
2022-07-31,11.416666666666666,87.58333333333333,12.174999999999999,0.0,38.25
2022-08-01,11.470833333333333,81.20833333333333,20.099999999999998,0.0,60.833333333333336
2022-08-02,11.391666666666666,80.83333333333333,18.420833333333334,0.0,0.5416666666666666
2022-08-03,9.845833333333333,86.41666666666667,11.262500000000001,0.0,37.0
2022-08-04,11.429166666666667,78.95833333333333,27.0625,0.0,1.7083333333333333
2022-08-05,11.579166666666666,79.75,20.974999999999998,0.0,24.0
2022-08-06,11.541666666666666,88.0,19.491666666666667,48.7,98.79166666666667
2022-08-07,10.458333333333334,83.33333333333333,14.35,33.5,43.375
2022-08-08,11.558333333333332,78.91666666666667,25.525000000000002,0.0,0.4166666666666667
2022-08-09,12.441666666666668,77.70833333333333,14.966666666666667,0.0,48.25
2022-08-10,10.879166666666668,89.95833333333333,12.604166666666666,0.0,75.5
2022-08-11,10.466666666666667,86.375,9.762500000000001,0.0,76.66666666666667
2022-08-12,11.120833333333332,79.83333333333333,11.195833333333333,0.30000000000000004,37.916666666666664
2022-08-13,11.579166666666666,81.08333333333333,11.354166666666666,0.0,24.833333333333332
2022-08-14,11.004166666666668,89.95833333333333,13.866666666666667,5.5,69.95833333333333
2022-08-15,11.145833333333334,74.08333333333333,13.179166666666667,1.3,53.166666666666664
2022-08-16,11.799999999999999,70.0,13.429166666666667,2.2,53.541666666666664
2022-08-17,11.079166666666666,82.33333333333333,29.558333333333334,3.4,37.208333333333336
2022-08-18,11.320833333333333,68.79166666666667,32.4625,0.0,0.0
2022-08-19,12.454166666666666,74.75,20.179166666666667,0.0,38.041666666666664
2022-08-20,12.029166666666667,86.79166666666667,16.912499999999998,0.0,51.25
2022-08-21,10.754166666666668,91.375,8.929166666666667,0.0,96.83333333333333
2022-08-22,11.387500000000001,84.0,10.200000000000001,0.2,72.70833333333333
2022-08-23,11.545833333333334,85.75,16.162499999999998,0.0,71.0
2022-08-24,11.612499999999999,89.33333333333333,18.158333333333335,0.0,83.91666666666667
2022-08-25,12.108333333333334,83.95833333333333,20.758333333333333,0.0,8.375
2022-08-26,11.075000000000001,86.95833333333333,11.004166666666668,0.0,91.0
2022-08-27,11.9,82.04166666666667,25.2625,0.2,11.375
2022-08-28,13.316666666666668,78.125,15.883333333333333,0.0,1.0
2022-08-29,10.633333333333335,91.83333333333333,20.083333333333332,0.5,83.25
2022-08-30,10.945833333333333,89.58333333333333,8.104166666666666,0.2,79.5
2022-08-31,11.233333333333334,77.08333333333333,9.366666666666667,0.0,86.33333333333333
2022-09-01,11.345833333333333,83.04166666666667,23.400000000000002,0.0,57.208333333333336
2022-09-02,11.804166666666667,81.625,19.858333333333334,0.0,0.0
2022-09-03,11.083333333333334,91.375,10.354166666666666,0.0,40.75
2022-09-04,11.429166666666667,92.91666666666667,8.066666666666666,0.0,10.791666666666666
2022-09-05,9.654166666666667,98.29166666666667,7.591666666666666,0.0,85.0
2022-09-06,9.408333333333333,93.5,10.575000000000001,0.0,100.0
2022-09-07,10.916666666666666,85.54166666666667,15.362499999999999,6.699999999999999,86.70833333333333
2022-09-08,10.35,79.45833333333333,19.908333333333335,8.0,50.958333333333336
2022-09-09,10.799999999999999,79.41666666666667,25.358333333333334,0.0,0.0
2022-09-10,10.816666666666668,88.95833333333333,9.883333333333335,0.0,61.375
2022-09-11,11.633333333333333,76.54166666666667,11.266666666666666,0.0,65.45833333333333
2022-09-12,10.883333333333333,80.875,15.816666666666668,0.0,29.125
2022-09-13,11.520833333333334,80.125,15.299999999999999,0.0,43.791666666666664
2022-09-14,12.258333333333333,83.625,21.516666666666666,0.0,6.333333333333333
2022-09-15,11.612499999999999,89.5,17.266666666666666,0.0,86.08333333333333
2022-09-16,11.441666666666668,85.20833333333333,7.933333333333334,0.2,100.0
2022-09-17,11.4375,87.91666666666667,14.891666666666666,0.4,78.91666666666667
2022-09-18,10.591666666666667,79.20833333333333,27.84583333333333,2.7,45.291666666666664
2022-09-19,10.333333333333334,78.41666666666667,29.95,0.0,59.791666666666664
2022-09-20,10.7125,76.91666666666667,19.841666666666665,0.0,40.291666666666664
2022-09-21,10.475,73.625,26.162499999999998,0.0,0.08333333333333333
2022-09-22,12.75,70.0,31.641666666666666,0.0,12.333333333333334
2022-09-23,12.233333333333334,86.375,27.504166666666666,0.0,86.29166666666667
2022-09-24,11.225,87.54166666666667,14.983333333333334,0.0,87.58333333333333
2022-09-25,11.416666666666666,84.125,18.212500000000002,0.0,51.625
2022-09-26,11.083333333333334,82.41666666666667,21.55,0.0,97.70833333333333
2022-09-27,11.75,84.95833333333333,18.633333333333333,0.1,27.083333333333332
2022-09-28,10.808333333333332,90.70833333333333,6.154166666666666,0.0,44.666666666666664
2022-09-29,11.116666666666667,90.29166666666667,7.833333333333333,0.0,43.166666666666664
2022-09-30,12.241666666666667,90.08333333333333,22.0625,0.0,87.75
2022-10-01,11.316666666666668,94.5,10.379166666666666,0.0,77.625
2022-10-02,11.020833333333334,92.70833333333333,13.416666666666666,0.0,78.75
2022-10-03,11.0375,85.54166666666667,8.795833333333333,0.6000000000000001,72.41666666666667
2022-10-04,11.366666666666667,83.29166666666667,6.1000000000000005,0.0,47.916666666666664
2022-10-05,12.166666666666666,89.33333333333333,15.904166666666667,0.5,60.208333333333336
2022-10-06,12.433333333333332,83.875,29.15833333333333,0.0,68.5
2022-10-07,13.020833333333334,85.75,26.78333333333333,0.0,34.791666666666664
2022-10-08,12.262500000000001,80.79166666666667,30.4375,0.0,15.291666666666666
2022-10-09,12.691666666666668,73.20833333333333,24.229166666666668,0.0,0.0
2022-10-10,11.362499999999999,84.45833333333333,13.966666666666667,0.0,33.166666666666664
2022-10-11,11.262500000000001,84.33333333333333,21.9375,0.0,15.75
2022-10-12,11.950000000000001,84.41666666666667,34.17916666666667,0.0,2.4583333333333335
2022-10-13,12.104166666666666,74.70833333333333,35.81666666666667,0.0,1.7916666666666667
2022-10-14,12.895833333333334,72.91666666666667,35.75416666666667,0.0,0.041666666666666664
2022-10-15,11.387500000000001,91.375,11.004166666666668,0.0,29.0
2022-10-16,11.208333333333334,89.79166666666667,20.141666666666666,0.0,35.041666666666664
2022-10-17,10.941666666666668,86.625,12.612499999999999,0.0,67.70833333333333
2022-10-18,11.416666666666666,87.91666666666667,7.466666666666666,0.0,21.875
2022-10-19,11.674999999999999,87.29166666666667,12.770833333333334,0.0,13.208333333333334
2022-10-20,13.112499999999999,81.29166666666667,29.058333333333334,0.0,2.5833333333333335
2022-10-21,12.625,84.83333333333333,27.429166666666664,0.0,11.125
2022-10-22,11.766666666666666,88.66666666666667,12.549999999999999,0.0,27.125
2022-10-23,11.370833333333332,81.29166666666667,19.316666666666666,0.0,36.916666666666664
2022-10-24,11.883333333333333,81.45833333333333,22.34166666666667,0.0,41.666666666666664
2022-10-25,12.179166666666667,91.45833333333333,9.154166666666667,0.0,63.5
2022-10-26,13.329166666666666,84.70833333333333,22.879166666666666,0.0,10.25
2022-10-27,12.616666666666667,89.25,19.879166666666666,0.0,26.75
2022-10-28,12.708333333333334,87.04166666666667,23.75,0.0,60.333333333333336
2022-10-29,13.341666666666667,88.5,25.808333333333334,0.0,26.833333333333332
2022-10-30,12.4125,76.625,36.97083333333333,0.0,23.458333333333332
2022-10-31,13.387500000000001,68.45833333333333,19.433333333333334,0.0,0.0
2022-11-01,12.704166666666666,76.625,12.645833333333334,0.0,0.0
2022-11-02,11.829166666666666,86.54166666666667,8.525,0.0,12.041666666666666
2022-11-03,11.9375,84.75,5.0125,0.0,83.70833333333333
2022-11-04,12.091666666666667,85.79166666666667,4.3625,0.0,78.70833333333333
2022-11-05,12.433333333333332,84.83333333333333,16.2625,0.0,35.375
2022-11-06,12.629166666666668,85.5,22.291666666666668,0.0,87.95833333333333
2022-11-07,12.795833333333334,87.33333333333333,20.283333333333335,0.0,78.58333333333333
2022-11-08,13.191666666666668,88.75,7.829166666666667,0.0,99.70833333333333
2022-11-09,13.491666666666667,87.70833333333333,14.983333333333334,0.8,74.91666666666667
2022-11-10,13.658333333333333,87.04166666666667,8.887500000000001,0.1,89.66666666666667
2022-11-11,13.379166666666668,90.79166666666667,17.258333333333333,1.0,92.33333333333333
2022-11-12,13.691666666666668,89.04166666666667,14.233333333333334,4.0,71.54166666666667
2022-11-13,14.154166666666667,83.25,17.979166666666668,0.0,14.208333333333334
2022-11-14,14.7875,80.33333333333333,26.995833333333334,0.0,3.5416666666666665
2022-11-15,15.616666666666667,82.04166666666667,19.6125,0.0,57.291666666666664
2022-11-16,14.450000000000001,89.33333333333333,18.05,0.0,35.791666666666664
2022-11-17,13.883333333333333,92.375,17.704166666666666,0.0,71.54166666666667
2022-11-18,14.733333333333334,88.83333333333333,31.40416666666667,0.0,40.916666666666664
2022-11-19,14.049999999999999,88.25,29.825,0.0,33.458333333333336
2022-11-20,14.487499999999999,75.66666666666667,30.354166666666668,0.0,10.208333333333334
2022-11-21,14.875,75.58333333333333,22.958333333333332,0.0,5.291666666666667
2022-11-22,13.1625,91.20833333333333,12.091666666666667,0.0,35.125
2022-11-23,12.700000000000001,93.83333333333333,10.5,0.0,66.875
2022-11-24,12.854166666666666,94.54166666666667,9.945833333333333,0.0,60.083333333333336
2022-11-25,12.583333333333334,97.33333333333333,9.258333333333333,0.0,92.375
2022-11-26,12.299999999999999,97.20833333333333,8.754166666666666,0.0,90.16666666666667
2022-11-27,12.424999999999999,95.29166666666667,7.383333333333333,0.0,60.833333333333336
2022-11-28,12.345833333333333,94.45833333333333,5.95,0.0,45.916666666666664
2022-11-29,11.841666666666667,94.58333333333333,12.045833333333334,0.0,81.54166666666667
2022-11-30,11.608333333333334,90.95833333333333,23.420833333333334,0.0,63.583333333333336
2022-12-01,12.233333333333334,86.66666666666667,17.383333333333333,0.0,29.0
2022-12-02,12.891666666666666,89.95833333333333,10.758333333333333,0.0,28.875
2022-12-03,14.045833333333334,89.70833333333333,19.370833333333334,0.0,48.916666666666664
2022-12-04,15.450000000000001,81.75,19.533333333333335,0.0,0.5416666666666666
2022-12-05,14.229166666666666,89.33333333333333,12.583333333333334,0.0,12.375
2022-12-06,15.941666666666668,80.25,22.004166666666666,0.0,0.75
2022-12-07,14.862499999999999,88.375,24.479166666666668,0.0,47.625
2022-12-08,15.766666666666666,90.125,27.116666666666664,0.0,52.708333333333336
2022-12-09,15.891666666666666,93.70833333333333,25.545833333333334,0.0,88.91666666666667
2022-12-10,15.720833333333333,83.625,30.991666666666664,0.0,38.583333333333336
2022-12-11,17.0125,68.41666666666667,37.137499999999996,0.0,44.75
2022-12-12,15.4625,75.79166666666667,26.229166666666668,0.0,0.041666666666666664
2022-12-13,14.65,84.875,15.979166666666666,0.0,15.916666666666666
2022-12-14,14.216666666666667,86.5,22.462500000000002,0.0,22.458333333333332
2022-12-15,16.75,73.125,31.6375,0.0,0.25
2022-12-16,13.954166666666666,91.79166666666667,12.470833333333333,0.0,28.541666666666668
2022-12-17,13.516666666666666,89.83333333333333,15.345833333333333,0.0,54.666666666666664
2022-12-18,13.833333333333334,90.54166666666667,15.195833333333333,0.0,36.583333333333336
2022-12-19,14.241666666666667,84.75,16.6375,0.0,8.208333333333334
2022-12-20,15.504166666666668,81.66666666666667,17.095833333333335,0.0,0.041666666666666664
2022-12-21,15.645833333333334,88.0,19.0125,0.0,16.125
2022-12-22,16.1125,84.125,23.104166666666668,0.0,12.291666666666666
2022-12-23,15.229166666666666,80.95833333333333,32.09583333333333,0.0,0.7083333333333334
2022-12-24,14.916666666666666,80.79166666666667,16.433333333333334,0.0,5.083333333333333
2022-12-25,14.65,88.79166666666667,16.5125,0.0,48.333333333333336
2022-12-26,15.641666666666666,83.20833333333333,12.0375,0.0,43.708333333333336
2022-12-27,16.095833333333335,84.58333333333333,17.458333333333332,0.0,1.7916666666666667
2022-12-28,15.633333333333333,84.33333333333333,15.633333333333333,0.0,4.833333333333333
2022-12-29,15.129166666666668,90.20833333333333,11.733333333333334,0.0,39.5
2022-12-30,15.420833333333334,93.08333333333333,12.775,0.2,52.0
2022-12-31,15.612499999999999,92.0,11.670833333333334,4.5,58.208333333333336
2023-01-01,15.929166666666667,86.79166666666667,24.03333333333333,0.0,0.4166666666666667
2023-01-02,15.174999999999999,88.20833333333333,26.34583333333333,0.0,9.125
2023-01-03,15.370833333333335,83.33333333333333,24.162499999999998,0.0,0.6666666666666666
2023-01-04,15.145833333333334,93.125,16.5,0.0,50.916666666666664
2023-01-05,15.433333333333332,95.33333333333333,13.695833333333333,0.0,48.291666666666664
2023-01-06,15.549999999999999,93.41666666666667,8.170833333333333,0.0,40.208333333333336
2023-01-07,16.383333333333333,90.16666666666667,14.387500000000001,0.0,22.125
2023-01-08,15.9,89.29166666666667,15.766666666666666,0.0,49.125
2023-01-09,15.512500000000001,87.54166666666667,11.7125,0.0,58.625
2023-01-10,16.391666666666666,88.04166666666667,19.233333333333334,0.1,51.708333333333336
2023-01-11,16.391666666666666,80.25,24.34166666666667,0.0,65.375
2023-01-12,15.35,82.70833333333333,20.5,0.0,25.458333333333332
2023-01-13,14.975,85.54166666666667,16.845833333333335,0.0,12.041666666666666
2023-01-14,14.520833333333334,86.375,22.900000000000002,0.0,38.375
2023-01-15,14.654166666666667,87.5,14.879166666666668,0.0,4.625
2023-01-16,14.554166666666667,85.04166666666667,15.441666666666668,0.0,9.625
2023-01-17,14.450000000000001,84.5,16.537499999999998,0.0,25.375
2023-01-18,14.616666666666667,86.20833333333333,13.933333333333332,0.0,22.916666666666668
2023-01-19,15.066666666666668,87.75,9.4375,0.2,38.583333333333336
2023-01-20,15.266666666666666,86.25,18.670833333333334,0.0,1.0
2023-01-21,14.970833333333333,88.45833333333333,16.849999999999998,0.0,18.791666666666668
2023-01-22,15.016666666666666,90.95833333333333,11.954166666666666,0.0,10.916666666666666
2023-01-23,15.8125,90.54166666666667,12.5625,0.0,24.375
2023-01-24,16.508333333333333,84.75,27.154166666666665,0.0,6.791666666666667
2023-01-25,15.595833333333333,83.0,25.0,0.0,2.25
2023-01-26,14.987499999999999,82.45833333333333,24.241666666666664,0.0,11.083333333333334
2023-01-27,15.200000000000001,85.20833333333333,22.004166666666666,0.0,0.5416666666666666
2023-01-28,15.3125,83.375,18.212500000000002,0.0,1.2916666666666667
2023-01-29,14.454166666666666,92.54166666666667,15.0,0.0,56.0
2023-01-30,14.4625,94.20833333333333,11.987499999999999,0.0,71.33333333333333
2023-01-31,14.566666666666668,92.75,15.866666666666667,0.0,49.5
2023-02-01,14.779166666666667,85.79166666666667,21.087500000000002,0.0,3.5416666666666665
2023-02-02,15.891666666666666,81.375,12.608333333333334,0.0,1.5
2023-02-03,15.420833333333334,89.91666666666667,16.758333333333333,0.0,48.791666666666664
2023-02-04,15.754166666666668,90.45833333333333,10.183333333333334,0.0,17.0
2023-02-05,16.604166666666668,90.54166666666667,14.225,0.0,19.291666666666668
2023-02-06,16.162499999999998,89.54166666666667,16.845833333333335,0.0,21.083333333333332
2023-02-07,15.799999999999999,91.29166666666667,11.483333333333334,0.0,36.416666666666664
2023-02-08,16.337500000000002,92.125,14.445833333333333,0.0,56.833333333333336
2023-02-09,16.608333333333334,86.375,15.7875,0.0,19.791666666666668
2023-02-10,16.95,86.625,19.591666666666665,0.0,24.666666666666668
2023-02-11,17.091666666666665,82.375,20.941666666666666,0.0,12.416666666666666
2023-02-12,17.083333333333332,85.33333333333333,24.037499999999998,0.0,8.375
2023-02-13,17.1125,81.20833333333333,31.491666666666664,0.0,3.0
2023-02-14,16.837500000000002,77.20833333333333,31.983333333333334,0.0,0.125
2023-02-15,15.970833333333333,85.25,14.833333333333334,0.0,0.75
2023-02-16,14.766666666666666,86.95833333333333,12.633333333333333,0.0,17.666666666666668
2023-02-17,14.804166666666667,84.25,8.8375,0.0,1.3333333333333333
2023-02-18,14.775,87.95833333333333,4.375,0.0,17.083333333333332
2023-02-19,15.700000000000001,88.0,14.904166666666667,0.0,39.5
2023-02-20,16.204166666666666,80.54166666666667,15.145833333333334,0.0,28.375
2023-02-21,14.970833333333333,91.0,8.112499999999999,0.0,18.666666666666668
2023-02-22,15.433333333333332,90.25,7.966666666666666,0.0,32.666666666666664
2023-02-23,14.5875,90.08333333333333,8.075,0.0,18.166666666666668
2023-02-24,15.133333333333333,87.125,6.320833333333333,0.0,35.541666666666664
2023-02-25,15.9,86.5,20.833333333333332,0.0,19.291666666666668
2023-02-26,16.516666666666666,79.04166666666667,20.495833333333334,0.0,5.291666666666667
2023-02-27,15.433333333333332,90.66666666666667,8.720833333333333,0.0,6.916666666666667
2023-02-28,15.341666666666667,86.08333333333333,16.008333333333333,0.0,9.458333333333334
2023-03-01,15.833333333333334,85.875,21.145833333333332,0.0,2.5833333333333335
2023-03-02,14.862499999999999,91.91666666666667,9.608333333333333,0.0,26.791666666666668
2023-03-03,15.262500000000001,88.375,10.579166666666667,0.0,37.833333333333336
2023-03-04,16.141666666666666,86.29166666666667,16.570833333333333,0.0,17.333333333333332
2023-03-05,15.691666666666668,90.83333333333333,14.554166666666667,0.0,31.5
2023-03-06,15.908333333333333,92.0,11.591666666666667,0.1,43.625
2023-03-07,14.666666666666666,93.45833333333333,12.258333333333333,0.0,85.0
2023-03-08,16.204166666666666,86.41666666666667,14.65,0.0,26.75
2023-03-09,16.029166666666665,90.25,17.875,0.0,42.916666666666664
2023-03-10,15.4125,86.41666666666667,14.666666666666666,0.0,27.041666666666668
2023-03-11,15.6625,86.41666666666667,7.116666666666667,0.0,35.291666666666664
2023-03-12,16.458333333333332,87.04166666666667,12.045833333333334,0.0,0.8333333333333334
2023-03-13,16.558333333333334,90.45833333333333,16.3,0.0,25.833333333333332
2023-03-14,16.354166666666668,86.58333333333333,16.1125,0.0,8.041666666666666
2023-03-15,17.212500000000002,73.20833333333333,17.704166666666666,0.0,1.4583333333333333
2023-03-16,17.120833333333334,84.875,14.416666666666666,0.0,3.9166666666666665
2023-03-17,16.629166666666666,91.41666666666667,16.3125,0.0,37.916666666666664
2023-03-18,17.291666666666668,86.20833333333333,23.495833333333334,0.0,2.9166666666666665
2023-03-19,17.266666666666666,89.79166666666667,15.170833333333334,0.0,23.541666666666668
2023-03-20,16.229166666666668,89.75,8.362499999999999,0.0,22.708333333333332
2023-03-21,16.004166666666666,91.70833333333333,12.645833333333334,0.0,28.833333333333332
2023-03-22,16.245833333333334,88.33333333333333,12.054166666666667,0.0,22.166666666666668
2023-03-23,16.691666666666666,81.29166666666667,14.954166666666666,0.0,16.333333333333332
2023-03-24,17.383333333333333,75.29166666666667,17.591666666666665,0.0,2.0416666666666665
2023-03-25,17.070833333333333,77.79166666666667,11.533333333333333,0.0,0.041666666666666664
2023-03-26,15.116666666666667,89.95833333333333,8.395833333333334,0.0,42.583333333333336
2023-03-27,14.975,86.08333333333333,13.941666666666668,0.0,21.583333333333332
2023-03-28,14.8375,87.41666666666667,19.375,0.0,29.75
2023-03-29,15.920833333333334,84.54166666666667,30.34166666666667,0.0,55.25
2023-03-30,16.075,71.45833333333333,29.691666666666666,0.0,0.9583333333333334
2023-03-31,16.966666666666665,66.0,18.270833333333332,0.0,0.0
2023-04-01,15.566666666666668,73.5,12.274999999999999,0.0,53.541666666666664
2023-04-02,15.566666666666668,79.20833333333333,17.3625,0.0,23.0
2023-04-03,16.241666666666667,77.54166666666667,26.287499999999998,0.0,76.625
2023-04-04,13.570833333333333,91.54166666666667,8.575000000000001,0.0,56.25
2023-04-05,13.4375,88.16666666666667,13.737499999999999,0.0,81.91666666666667
2023-04-06,15.4625,80.66666666666667,23.9375,0.0,25.666666666666668
2023-04-07,15.670833333333334,81.45833333333333,15.558333333333332,0.0,42.0
2023-04-08,13.320833333333333,94.70833333333333,8.195833333333333,0.0,42.791666666666664
2023-04-09,13.758333333333333,86.625,10.304166666666665,0.0,30.25
2023-04-10,14.7875,87.125,12.891666666666666,0.0,68.58333333333333
2023-04-11,15.333333333333334,93.54166666666667,18.416666666666668,0.0,77.91666666666667
2023-04-12,13.995833333333332,92.625,14.6875,0.0,99.33333333333333
2023-04-13,14.391666666666666,88.875,15.283333333333333,0.1,39.458333333333336
2023-04-14,14.083333333333334,89.875,13.8125,0.0,28.125
2023-04-15,14.091666666666667,89.45833333333333,18.075,0.0,31.458333333333332
2023-04-16,13.408333333333333,90.04166666666667,15.049999999999999,0.0,20.666666666666668
2023-04-17,12.991666666666667,86.16666666666667,27.662499999999998,0.0,28.791666666666668
2023-04-18,13.7125,73.29166666666667,26.075,0.0,11.041666666666666
2023-04-19,15.820833333333333,61.375,28.358333333333334,0.0,26.958333333333332
2023-04-20,12.758333333333333,93.41666666666667,7.620833333333334,0.0,60.458333333333336
2023-04-21,13.887500000000001,87.0,14.9,0.0,51.208333333333336
2023-04-22,13.091666666666667,95.0,12.145833333333334,0.0,74.125
2023-04-23,12.545833333333334,95.75,11.387500000000001,0.0,62.5
2023-04-24,12.795833333333334,93.125,18.504166666666666,0.0,67.75
2023-04-25,12.558333333333332,91.95833333333333,16.375,0.0,81.125
2023-04-26,12.433333333333332,95.83333333333333,8.204166666666667,0.0,96.45833333333333
2023-04-27,13.054166666666667,94.70833333333333,10.816666666666668,0.7000000000000001,70.45833333333333
2023-04-28,13.620833333333332,87.79166666666667,20.533333333333335,4.6,79.83333333333333
2023-04-29,14.095833333333333,91.0,18.504166666666666,26.0,98.70833333333333
2023-04-30,14.049999999999999,84.79166666666667,17.395833333333332,1.8,47.333333333333336
2023-05-01,12.729166666666666,80.95833333333333,31.037499999999998,0.0,0.0
2023-05-02,12.454166666666666,78.66666666666667,23.316666666666666,0.0,0.125
2023-05-03,11.791666666666666,84.66666666666667,14.191666666666668,0.0,1.375
2023-05-04,10.991666666666667,88.54166666666667,15.304166666666667,0.0,39.291666666666664
2023-05-05,11.7875,88.125,8.9,0.0,65.79166666666667
2023-05-06,12.108333333333334,88.33333333333333,10.291666666666666,0.1,45.666666666666664
2023-05-07,12.720833333333333,87.04166666666667,14.483333333333334,0.0,16.875
2023-05-08,12.504166666666668,88.45833333333333,11.795833333333334,0.0,23.166666666666668
2023-05-09,14.325000000000001,81.75,14.870833333333332,0.0,28.541666666666668
2023-05-10,14.779166666666667,79.04166666666667,14.408333333333333,0.0,80.0
2023-05-11,16.016666666666666,69.83333333333333,26.96666666666667,0.0,84.0
2023-05-12,18.066666666666666,61.375,30.40416666666667,0.0,55.583333333333336
2023-05-13,13.895833333333334,89.79166666666667,9.6625,0.0,74.20833333333333
2023-05-14,12.745833333333332,95.54166666666667,15.299999999999999,0.5,90.04166666666667
2023-05-15,14.483333333333334,90.20833333333333,12.5625,0.0,48.75
2023-05-16,13.858333333333334,90.5,5.470833333333334,0.0,34.458333333333336
2023-05-17,14.279166666666667,89.16666666666667,10.879166666666668,0.4,42.333333333333336
2023-05-18,13.975,85.29166666666667,19.495833333333334,0.0,47.0
2023-05-19,13.620833333333332,84.25,21.445833333333336,0.0,25.333333333333332
2023-05-20,12.483333333333334,82.70833333333333,11.966666666666667,0.0,24.125
2023-05-21,12.595833333333333,87.375,17.870833333333334,4.8,91.375
2023-05-22,13.883333333333333,83.54166666666667,15.391666666666666,35.7,97.45833333333333
2023-05-23,14.054166666666667,87.54166666666667,8.408333333333333,0.0,71.83333333333333
2023-05-24,14.383333333333333,87.66666666666667,12.070833333333333,0.0,97.625
2023-05-25,14.291666666666666,81.29166666666667,15.829166666666666,0.2,84.70833333333333
2023-05-26,14.262500000000001,77.08333333333333,18.154166666666665,0.0,41.666666666666664
2023-05-27,12.612499999999999,83.16666666666667,22.641666666666666,0.3,27.958333333333332
2023-05-28,11.875,85.25,13.987499999999999,0.0,99.875
2023-05-29,13.0625,82.58333333333333,17.241666666666667,0.0,57.625
2023-05-30,13.104166666666666,85.70833333333333,11.2125,0.0,100.0
2023-05-31,14.970833333333333,73.375,20.162499999999998,0.0,48.083333333333336
2023-06-01,13.4125,90.16666666666667,8.866666666666667,0.0,73.45833333333333
2023-06-02,13.641666666666666,87.29166666666667,9.737499999999999,0.6000000000000001,79.5
2023-06-03,14.241666666666667,91.45833333333333,14.225,0.30000000000000004,99.875
2023-06-04,14.237499999999999,79.625,22.412499999999998,0.0,88.29166666666667
2023-06-05,14.054166666666667,78.0,18.929166666666667,0.0,87.875
2023-06-06,14.674999999999999,74.95833333333333,22.1875,0.0,88.79166666666667
2023-06-07,13.887500000000001,87.16666666666667,9.483333333333333,0.1,84.29166666666667
2023-06-08,13.466666666666667,92.20833333333333,15.5375,0.9,84.58333333333333
2023-06-09,13.345833333333333,85.29166666666667,19.495833333333334,15.0,89.625
2023-06-10,11.741666666666667,72.375,32.65,0.0,8.625
2023-06-11,9.3375,76.58333333333333,27.775000000000002,0.0,0.7083333333333334
2023-06-12,8.870833333333334,80.875,18.291666666666668,0.0,3.5833333333333335
2023-06-13,8.795833333333333,90.54166666666667,13.083333333333334,0.0,48.375
2023-06-14,11.970833333333333,67.45833333333333,16.45,0.0,40.25
2023-06-15,13.841666666666667,70.16666666666667,25.59166666666667,0.0,15.208333333333334
2023-06-16,14.241666666666667,74.70833333333333,26.045833333333334,0.0,41.166666666666664
2023-06-17,11.954166666666666,89.5,8.583333333333334,0.0,72.875
2023-06-18,11.9125,88.75,17.537499999999998,0.4,89.66666666666667
2023-06-19,13.258333333333333,80.5,11.275,0.1,44.0
2023-06-20,12.7125,88.45833333333333,7.454166666666667,0.0,98.20833333333333
2023-06-21,12.591666666666667,91.04166666666667,7.591666666666666,1.0,95.25
2023-06-22,13.641666666666666,89.25,15.6,64.5,100.0
2023-06-23,14.095833333333333,97.20833333333333,12.291666666666666,4.8,99.95833333333333
2023-06-24,14.204166666666666,93.95833333333333,5.6875,2.1,82.95833333333333
2023-06-25,13.025,96.41666666666667,6.995833333333334,0.0,96.5
2023-06-26,13.470833333333333,94.95833333333333,12.762500000000001,0.9,88.20833333333333
2023-06-27,13.174999999999999,75.375,17.341666666666665,0.0,69.5
2023-06-28,11.908333333333333,78.41666666666667,12.6875,0.2,62.875
2023-06-29,13.058333333333332,76.08333333333333,15.791666666666666,0.0,64.375
2023-06-30,15.354166666666666,64.875,19.216666666666665,0.0,0.25
2023-07-01,13.049999999999999,77.79166666666667,8.291666666666666,0.4,98.375
2023-07-02,12.879166666666668,90.04166666666667,10.1625,0.1,99.25
2023-07-03,13.304166666666667,82.125,11.804166666666667,0.0,72.04166666666667
2023-07-04,11.566666666666668,88.70833333333333,7.920833333333333,0.0,36.333333333333336
2023-07-05,12.458333333333334,82.5,11.145833333333334,0.0,6.708333333333333
2023-07-06,12.029166666666667,86.625,15.487499999999999,0.0,60.083333333333336
2023-07-07,11.7125,88.875,15.083333333333334,1.2,76.125
2023-07-08,12.533333333333333,80.25,12.841666666666667,1.4000000000000001,61.958333333333336
2023-07-09,12.908333333333333,86.08333333333333,16.954166666666666,0.2,49.333333333333336
2023-07-10,11.520833333333334,90.875,14.4625,0.6000000000000001,64.125
2023-07-11,12.870833333333332,86.16666666666667,24.045833333333334,27.5,84.25
2023-07-12,12.741666666666667,85.79166666666667,16.416666666666668,22.3,83.125
2023-07-13,12.700000000000001,78.91666666666667,19.7625,0.0,51.416666666666664
2023-07-14,12.454166666666666,74.95833333333333,21.9375,0.0,99.66666666666667
2023-07-15,11.729166666666666,74.54166666666667,21.96666666666667,0.0,74.375
2023-07-16,11.570833333333333,81.83333333333333,14.15,0.0,54.916666666666664
2023-07-17,10.470833333333333,88.70833333333333,8.416666666666666,0.0,77.25
2023-07-18,13.4,80.625,10.491666666666667,0.0,95.04166666666667
2023-07-19,13.354166666666666,76.125,12.049999999999999,0.0,99.75
2023-07-20,12.595833333333333,88.125,10.2875,0.1,89.16666666666667
2023-07-21,13.370833333333332,89.625,24.075,38.8,100.0
2023-07-22,13.270833333333334,89.08333333333333,12.375,7.7,68.04166666666667
2023-07-23,12.370833333333332,75.41666666666667,19.675,0.0,89.75
2023-07-24,12.4625,69.95833333333333,17.666666666666668,0.0,24.083333333333332
2023-07-25,13.129166666666668,79.16666666666667,13.725,0.0,67.66666666666667
2023-07-26,12.020833333333334,86.29166666666667,21.675,0.0,62.0
2023-07-27,12.404166666666667,80.45833333333333,19.883333333333333,0.0,44.333333333333336
2023-07-28,13.833333333333334,79.08333333333333,14.475,0.0,87.625
2023-07-29,13.9375,80.125,18.508333333333333,0.0,89.875
2023-07-30,13.4625,92.83333333333333,9.4375,0.0,92.95833333333333
2023-07-31,12.558333333333332,95.0,13.266666666666666,0.4,90.41666666666667
2023-08-01,14.204166666666666,83.75,22.954166666666666,0.0,11.875
2023-08-02,15.0375,77.66666666666667,27.983333333333334,0.0,17.208333333333332
2023-08-03,12.845833333333333,86.66666666666667,10.258333333333333,0.0,51.208333333333336
2023-08-04,12.575000000000001,89.54166666666667,10.995833333333332,0.0,85.20833333333333
2023-08-05,12.733333333333334,88.16666666666667,17.650000000000002,0.8,99.70833333333333
2023-08-06,13.525,86.33333333333333,12.483333333333334,5.1,42.333333333333336
2023-08-07,12.424999999999999,86.95833333333333,8.770833333333334,0.0,87.16666666666667
2023-08-08,12.341666666666667,88.41666666666667,9.858333333333333,0.0,66.54166666666667
2023-08-09,12.424999999999999,90.625,13.5,0.8999999999999999,88.5
2023-08-10,13.0375,87.33333333333333,21.8,39.5,85.375
2023-08-11,12.883333333333333,78.0,30.9875,0.0,65.83333333333333
2023-08-12,14.333333333333334,65.91666666666667,30.391666666666666,0.0,53.583333333333336
2023-08-13,17.099999999999998,66.70833333333333,23.795833333333334,0.0,37.916666666666664
2023-08-14,13.791666666666666,85.58333333333333,15.145833333333334,0.0,62.625
2023-08-15,13.041666666666666,90.375,14.291666666666666,0.0,99.95833333333333
2023-08-16,13.237499999999999,90.58333333333333,11.333333333333334,1.0,83.75
2023-08-17,13.045833333333334,89.04166666666667,13.0,2.2,60.291666666666664
2023-08-18,12.420833333333334,74.95833333333333,18.025000000000002,0.0,64.66666666666667
2023-08-19,12.674999999999999,84.70833333333333,12.591666666666667,13.4,99.91666666666667
2023-08-20,13.579166666666667,88.125,12.0625,0.1,99.875
2023-08-21,13.408333333333333,93.41666666666667,19.595833333333335,0.9,84.83333333333333
2023-08-22,13.4375,92.58333333333333,33.291666666666664,66.7,99.95833333333333
2023-08-23,12.466666666666667,79.58333333333333,10.591666666666667,11.2,70.5
2023-08-24,12.125,73.29166666666667,18.429166666666667,0.0,1.25
2023-08-25,11.924999999999999,76.95833333333333,26.575,0.0,0.16666666666666666
2023-08-26,12.25,76.91666666666667,23.420833333333334,0.0,5.375
2023-08-27,13.137500000000001,77.04166666666667,16.5625,0.0,0.0
2023-08-28,13.15,84.91666666666667,8.645833333333334,0.0,63.708333333333336
2023-08-29,12.8375,78.45833333333333,22.645833333333332,0.0,12.25
2023-08-30,12.704166666666666,74.875,26.079166666666666,0.0,6.5
2023-08-31,12.266666666666666,80.375,25.462500000000002,0.0,53.708333333333336
2023-09-01,12.558333333333332,79.04166666666667,17.445833333333333,0.0,100.0
2023-09-02,12.658333333333333,89.83333333333333,11.791666666666666,0.2,89.20833333333333
2023-09-03,12.854166666666666,85.08333333333333,8.0625,4.6,46.375
2023-09-04,13.008333333333333,86.0,10.883333333333333,0.2,92.375
2023-09-05,12.8125,86.41666666666667,13.516666666666666,0.0,92.20833333333333
2023-09-06,12.641666666666666,89.83333333333333,6.454166666666667,16.7,83.08333333333333
2023-09-07,11.895833333333334,80.125,19.787499999999998,0.1,48.291666666666664
2023-09-08,12.433333333333332,79.45833333333333,18.583333333333332,0.1,90.08333333333333
2023-09-09,12.579166666666666,87.79166666666667,5.629166666666666,0.0,98.79166666666667
2023-09-10,13.283333333333333,87.04166666666667,7.5,1.5,100.0
2023-09-11,12.991666666666667,82.375,24.829166666666666,14.3,24.166666666666668
2023-09-12,11.683333333333332,76.58333333333333,28.4375,0.0,0.0
2023-09-13,11.558333333333332,81.66666666666667,18.304166666666667,0.0,74.0
2023-09-14,13.845833333333333,75.04166666666667,24.95,0.0,28.916666666666668
2023-09-15,14.116666666666667,83.66666666666667,29.40833333333333,0.0,3.9166666666666665
2023-09-16,12.891666666666666,89.91666666666667,17.287499999999998,0.0,44.458333333333336
2023-09-17,12.0625,78.0,23.983333333333334,0.0,97.66666666666667
2023-09-18,11.858333333333334,76.45833333333333,24.912499999999998,0.0,89.29166666666667
2023-09-19,12.908333333333333,82.375,15.275,0.0,90.375
2023-09-20,12.404166666666667,88.75,18.183333333333334,0.0,97.375
2023-09-21,12.195833333333333,83.08333333333333,11.512500000000001,0.0,82.375
2023-09-22,12.829166666666666,87.25,17.420833333333334,0.0,93.41666666666667
2023-09-23,11.945833333333333,86.20833333333333,20.5875,0.0,45.958333333333336
2023-09-24,11.820833333333333,82.54166666666667,23.53333333333333,0.0,12.708333333333334
2023-09-25,11.487499999999999,86.875,10.950000000000001,0.2,17.25
2023-09-26,11.950000000000001,80.5,29.108333333333334,0.3,7.583333333333333
2023-09-27,11.512500000000001,78.08333333333333,30.02916666666667,0.0,0.6666666666666666
2023-09-28,11.766666666666666,82.875,25.383333333333336,0.0,2.4583333333333335
2023-09-29,11.645833333333334,83.91666666666667,13.220833333333333,0.0,2.1666666666666665
2023-09-30,11.3375,91.41666666666667,9.820833333333333,0.0,58.5
2023-10-01,11.7875,87.08333333333333,6.966666666666666,0.0,70.20833333333333
2023-10-02,11.945833333333333,80.625,15.833333333333334,0.30000000000000004,50.458333333333336
2023-10-03,12.083333333333334,81.79166666666667,17.8625,0.0,26.041666666666668
2023-10-04,12.120833333333332,81.54166666666667,23.712500000000002,0.0,0.0
2023-10-05,11.795833333333334,84.625,14.137500000000001,0.0,20.458333333333332
2023-10-06,12.170833333333334,76.95833333333333,19.5625,0.0,2.375
2023-10-07,12.299999999999999,78.25,28.1875,0.0,0.2916666666666667
2023-10-08,12.262500000000001,81.33333333333333,22.587500000000002,0.0,4.0
2023-10-09,12.870833333333332,80.25,18.779166666666665,0.0,6.375
2023-10-10,12.058333333333332,80.75,22.325,0.0,76.125
2023-10-11,11.966666666666667,80.125,23.766666666666666,0.0,7.666666666666667
2023-10-12,13.0375,76.375,24.212500000000002,0.0,0.0
2023-10-13,13.216666666666667,77.875,22.679166666666664,0.0,29.333333333333332
2023-10-14,12.025,84.91666666666667,16.970833333333335,0.0,12.083333333333334
2023-10-15,12.091666666666667,82.79166666666667,26.03333333333333,0.0,20.625
2023-10-16,12.299999999999999,78.75,26.2625,0.0,2.4166666666666665
2023-10-17,12.591666666666667,85.04166666666667,9.316666666666666,0.0,20.083333333333332
2023-10-18,12.916666666666666,85.79166666666667,15.875,0.4,51.291666666666664
2023-10-19,13.333333333333334,80.70833333333333,20.554166666666667,0.0,69.375
2023-10-20,12.666666666666666,91.25,7.6625000000000005,0.0,100.0
2023-10-21,12.733333333333334,89.20833333333333,7.9125000000000005,0.0,99.41666666666667
2023-10-22,12.941666666666668,87.70833333333333,10.475,0.0,89.45833333333333
2023-10-23,12.670833333333334,84.08333333333333,24.3625,0.0,77.75
2023-10-24,12.620833333333332,82.58333333333333,26.09166666666667,0.0,28.458333333333332
2023-10-25,12.475,88.45833333333333,15.825000000000001,0.0,28.375
2023-10-26,11.674999999999999,83.04166666666667,6.0874999999999995,0.0,32.166666666666664
2023-10-27,12.35,79.91666666666667,6.8625,0.0,31.458333333333332
2023-10-28,12.4625,83.79166666666667,10.533333333333333,4.0,96.66666666666667
2023-10-29,13.295833333333334,84.16666666666667,19.520833333333332,14.1,93.41666666666667
2023-10-30,12.316666666666668,77.54166666666667,26.958333333333332,0.0,98.0
2023-10-31,12.108333333333334,76.29166666666667,24.066666666666666,0.0,23.166666666666668
2023-11-01,11.620833333333332,77.58333333333333,23.183333333333334,3.2,52.541666666666664
2023-11-02,12.145833333333334,76.375,22.724999999999998,0.0,15.041666666666666
2023-11-03,15.029166666666667,71.54166666666667,27.454166666666666,0.0,0.041666666666666664
2023-11-04,12.933333333333332,91.25,11.083333333333334,0.1,38.083333333333336
2023-11-05,13.033333333333333,83.20833333333333,13.0,0.0,31.708333333333332
2023-11-06,12.829166666666666,80.375,9.433333333333334,0.0,35.916666666666664
2023-11-07,13.375,77.16666666666667,26.47083333333333,0.0,24.083333333333332
2023-11-08,14.4,75.16666666666667,32.57083333333333,0.0,39.833333333333336
2023-11-09,14.170833333333334,82.45833333333333,19.962500000000002,0.0,69.375
2023-11-10,13.079166666666666,87.58333333333333,7.516666666666667,13.0,93.79166666666667
2023-11-11,13.420833333333334,80.70833333333333,11.283333333333333,0.0,73.58333333333333
2023-11-12,12.070833333333333,78.125,27.666666666666668,0.0,16.0
2023-11-13,12.458333333333334,76.83333333333333,26.849999999999998,0.0,6.166666666666667
2023-11-14,12.454166666666666,78.70833333333333,28.212500000000002,0.0,50.708333333333336
2023-11-15,11.416666666666666,78.45833333333333,24.974999999999998,0.0,4.208333333333333
2023-11-16,11.729166666666666,80.375,20.191666666666666,0.0,3.3333333333333335
2023-11-17,12.6875,82.16666666666667,9.0625,0.0,77.29166666666667
2023-11-18,13.391666666666666,82.125,23.212500000000002,0.0,31.25
2023-11-19,13.158333333333333,83.25,21.47083333333333,0.0,39.0
2023-11-20,13.533333333333333,81.79166666666667,22.991666666666664,0.0,84.625
2023-11-21,13.370833333333332,83.79166666666667,21.974999999999998,0.0,27.916666666666668
2023-11-22,13.475,80.66666666666667,29.804166666666664,0.0,61.458333333333336
2023-11-23,14.612499999999999,75.79166666666667,21.224999999999998,0.0,25.458333333333332
2023-11-24,13.4125,89.125,11.658333333333333,0.0,33.083333333333336
2023-11-25,13.258333333333333,87.54166666666667,22.170833333333334,0.0,47.625
2023-11-26,13.404166666666667,92.54166666666667,11.420833333333334,0.0,81.41666666666667
2023-11-27,13.8125,90.54166666666667,10.5375,0.0,64.04166666666667
2023-11-28,13.495833333333332,84.08333333333333,23.304166666666664,0.0,24.833333333333332
2023-11-29,14.316666666666668,80.33333333333333,29.383333333333336,0.0,13.25
2023-11-30,13.275,88.66666666666667,11.720833333333333,0.0,26.541666666666668
2023-12-01,13.637500000000001,81.41666666666667,19.945833333333333,0.0,41.708333333333336
2023-12-02,13.770833333333334,80.375,30.066666666666666,0.0,8.125
2023-12-03,14.170833333333334,65.95833333333333,33.92916666666667,0.0,1.5416666666666667
2023-12-04,13.704166666666666,84.04166666666667,15.283333333333333,0.0,6.833333333333333
2023-12-05,13.670833333333334,78.58333333333333,12.745833333333332,0.0,45.875
2023-12-06,13.770833333333334,84.75,25.320833333333336,0.0,15.666666666666666
2023-12-07,14.0,88.04166666666667,16.7375,0.0,38.791666666666664
2023-12-08,13.762500000000001,85.70833333333333,28.645833333333332,0.0,51.0
2023-12-09,15.708333333333334,73.375,29.8125,0.0,0.9166666666666666
2023-12-10,16.2,75.125,19.120833333333334,0.0,36.208333333333336
2023-12-11,14.049999999999999,85.0,19.679166666666667,0.1,50.0
2023-12-12,14.333333333333334,81.95833333333333,26.7625,0.0,10.208333333333334
2023-12-13,14.549999999999999,79.29166666666667,20.708333333333332,0.0,7.791666666666667
2023-12-14,13.929166666666667,84.75,17.316666666666666,0.1,41.625
2023-12-15,13.291666666666666,81.0,13.825000000000001,0.0,5.916666666666667
2023-12-16,13.6625,79.70833333333333,8.370833333333334,0.0,37.875
2023-12-17,14.1875,76.875,23.90416666666667,0.0,3.625
2023-12-18,14.516666666666666,73.625,25.458333333333332,0.0,0.125
2023-12-19,13.575000000000001,83.04166666666667,12.700000000000001,0.0,29.041666666666668
2023-12-20,14.120833333333332,80.41666666666667,25.079166666666666,0.0,4.416666666666667
2023-12-21,14.320833333333333,86.83333333333333,19.804166666666667,0.0,43.458333333333336
2023-12-22,14.991666666666667,82.0,21.337500000000002,0.0,44.083333333333336
2023-12-23,13.975,92.91666666666667,8.487499999999999,0.0,65.625
2023-12-24,14.1,87.41666666666667,10.158333333333333,0.2,64.95833333333333
2023-12-25,14.466666666666667,89.58333333333333,11.770833333333334,0.0,30.25
2023-12-26,14.616666666666667,90.625,10.429166666666667,0.30000000000000004,97.41666666666667
2023-12-27,15.237499999999999,91.20833333333333,8.4375,2.5,84.45833333333333
2023-12-28,15.408333333333333,88.95833333333333,7.079166666666667,0.1,95.83333333333333
2023-12-29,15.625,85.58333333333333,13.191666666666668,0.0,33.041666666666664
2023-12-30,15.7875,87.45833333333333,9.683333333333334,0.0,46.458333333333336
2023-12-31,15.729166666666666,82.79166666666667,13.725,0.0,3.75
2024-01-01,16.224999999999998,81.0,21.154166666666665,0.0,9.916666666666666
2024-01-02,16.658333333333335,84.375,19.370833333333334,0.0,11.583333333333334
2024-01-03,16.175,88.5,12.595833333333333,0.0,49.5
2024-01-04,15.9375,86.83333333333333,9.9375,0.0,59.958333333333336
2024-01-05,15.987499999999999,86.45833333333333,10.995833333333332,0.2,49.791666666666664
2024-01-06,16.441666666666666,86.29166666666667,17.320833333333333,0.30000000000000004,37.833333333333336
2024-01-07,16.916666666666668,80.45833333333333,29.745833333333334,0.0,2.2916666666666665
2024-01-08,16.779166666666665,79.08333333333333,27.670833333333334,0.0,0.9583333333333334
2024-01-09,15.841666666666667,81.70833333333333,26.458333333333332,0.0,27.166666666666668
2024-01-10,15.454166666666666,84.625,16.333333333333332,0.0,13.208333333333334
2024-01-11,15.408333333333333,86.29166666666667,14.245833333333332,0.0,51.416666666666664
2024-01-12,15.254166666666668,85.54166666666667,12.441666666666668,0.0,34.833333333333336
2024-01-13,15.283333333333333,83.83333333333333,17.229166666666668,0.0,5.875
2024-01-14,16.670833333333334,73.79166666666667,26.5,0.0,0.375
2024-01-15,15.9,82.95833333333333,25.820833333333336,0.0,17.291666666666668
2024-01-16,16.099999999999998,80.91666666666667,26.3125,0.0,17.958333333333332
2024-01-17,15.066666666666668,87.58333333333333,17.020833333333332,0.0,40.541666666666664
2024-01-18,15.329166666666666,81.375,24.508333333333336,0.0,2.9583333333333335
2024-01-19,15.254166666666668,78.33333333333333,19.1125,0.0,3.7083333333333335
2024-01-20,14.608333333333334,87.29166666666667,16.333333333333332,0.0,32.875
2024-01-21,14.025,90.33333333333333,10.174999999999999,0.0,26.375
2024-01-22,14.483333333333334,94.29166666666667,7.333333333333333,0.0,86.95833333333333
2024-01-23,15.295833333333334,88.54166666666667,12.25,0.0,73.33333333333333
2024-01-24,14.808333333333332,92.70833333333333,10.5,0.0,56.125
2024-01-25,14.987499999999999,95.125,11.041666666666666,0.6000000000000001,91.0
2024-01-26,15.866666666666667,90.41666666666667,10.808333333333332,0.0,49.958333333333336
2024-01-27,16.245833333333334,89.29166666666667,16.041666666666668,0.0,39.041666666666664
2024-01-28,16.345833333333335,90.5,11.820833333333333,0.30000000000000004,50.958333333333336
2024-01-29,16.195833333333333,86.91666666666667,12.2125,0.0,34.0
2024-01-30,17.033333333333335,86.08333333333333,12.166666666666666,0.0,5.583333333333333
2024-01-31,18.75,76.20833333333333,15.904166666666667,0.0,8.458333333333334
2024-02-01,17.6375,85.04166666666667,13.924999999999999,0.0,7.541666666666667
2024-02-02,18.908333333333335,79.54166666666667,32.725,0.0,24.25
2024-02-03,19.370833333333334,71.75,36.020833333333336,0.0,2.0416666666666665
2024-02-04,16.599999999999998,86.95833333333333,12.3125,0.1,52.833333333333336
2024-02-05,16.662499999999998,83.45833333333333,19.320833333333333,0.0,14.208333333333334
2024-02-06,16.316666666666666,88.375,13.475,0.0,34.375
2024-02-07,17.037499999999998,90.33333333333333,17.25,0.0,58.25
2024-02-08,16.629166666666666,92.25,11.666666666666666,0.0,34.708333333333336
2024-02-09,16.962500000000002,79.95833333333333,20.466666666666665,0.0,3.7083333333333335
2024-02-10,16.866666666666667,79.29166666666667,27.683333333333334,0.0,9.375
2024-02-11,16.120833333333334,85.79166666666667,26.166666666666668,0.0,56.958333333333336
2024-02-12,17.75,75.95833333333333,24.6875,0.0,10.875
2024-02-13,16.05,85.875,12.362499999999999,0.2,29.666666666666668
2024-02-14,15.975,89.33333333333333,7.970833333333334,0.0,11.625
2024-02-15,15.795833333333334,91.58333333333333,11.070833333333333,0.0,42.75
2024-02-16,15.8375,84.70833333333333,23.0,0.0,37.708333333333336
2024-02-17,17.220833333333335,77.58333333333333,27.691666666666666,0.0,1.125
2024-02-18,15.924999999999999,89.125,9.616666666666667,0.0,51.041666666666664
2024-02-19,15.600000000000001,94.08333333333333,11.770833333333334,0.2,97.875
2024-02-20,15.975,91.83333333333333,9.733333333333333,0.0,30.375
2024-02-21,16.400000000000002,89.875,9.275,0.0,30.375
2024-02-22,16.883333333333333,88.45833333333333,9.133333333333333,0.5,73.25
2024-02-23,18.154166666666665,77.25,17.1875,0.0,6.458333333333333
2024-02-24,17.849999999999998,82.08333333333333,10.133333333333333,0.0,4.708333333333333
2024-02-25,17.058333333333334,87.33333333333333,8.070833333333333,0.0,18.416666666666668
2024-02-26,17.354166666666668,82.66666666666667,16.058333333333334,0.0,6.958333333333333
2024-02-27,17.220833333333335,84.25,18.216666666666665,0.0,13.791666666666666
2024-02-28,17.554166666666667,83.45833333333333,19.895833333333332,0.0,11.125
2024-02-29,17.766666666666666,83.54166666666667,16.204166666666666,0.0,6.5
2024-03-01,16.629166666666666,84.29166666666667,14.466666666666667,0.0,45.5
2024-03-02,17.175,80.33333333333333,19.150000000000002,0.0,67.625
2024-03-03,17.170833333333334,78.95833333333333,12.454166666666666,0.0,27.583333333333332
2024-03-04,16.758333333333333,79.0,12.491666666666667,0.0,1.25
2024-03-05,15.858333333333334,83.0,15.933333333333332,0.0,18.541666666666668
2024-03-06,15.591666666666667,86.58333333333333,13.966666666666667,0.0,26.125
2024-03-07,15.420833333333334,78.41666666666667,22.566666666666666,0.0,1.1666666666666667
2024-03-08,16.2,75.625,20.925,0.0,0.125
2024-03-09,16.791666666666668,81.20833333333333,26.166666666666668,0.0,2.5416666666666665
2024-03-10,15.108333333333334,90.875,9.816666666666666,0.0,30.041666666666668
2024-03-11,15.049999999999999,86.79166666666667,11.7875,0.0,15.75
2024-03-12,16.066666666666666,79.29166666666667,21.491666666666664,0.0,3.7916666666666665
2024-03-13,15.6,82.54166666666667,28.849999999999998,0.0,28.416666666666668
2024-03-14,15.708333333333334,74.16666666666667,30.90833333333333,0.0,0.25
2024-03-15,14.549999999999999,79.0,22.004166666666666,0.0,0.7916666666666666
2024-03-16,14.629166666666668,78.70833333333333,22.599999999999998,0.0,0.25
2024-03-17,14.220833333333333,79.91666666666667,19.6125,0.0,15.375
2024-03-18,14.9,74.95833333333333,15.258333333333333,0.0,16.291666666666668
2024-03-19,14.070833333333333,87.79166666666667,7.058333333333334,0.0,17.541666666666668
2024-03-20,14.608333333333334,89.75,8.970833333333333,0.8,73.79166666666667
2024-03-21,16.091666666666665,78.95833333333333,20.775000000000002,0.0,5.625
2024-03-22,16.3875,76.41666666666667,17.854166666666668,0.0,11.708333333333334
2024-03-23,15.820833333333333,85.25,20.491666666666667,0.0,32.708333333333336
2024-03-24,16.287499999999998,85.75,23.095833333333335,0.0,24.541666666666668
2024-03-25,14.808333333333332,93.0,10.620833333333334,0.0,59.625
2024-03-26,15.4,89.91666666666667,16.55,0.0,42.791666666666664
2024-03-27,15.791666666666666,88.875,17.366666666666667,0.0,24.041666666666668
2024-03-28,14.75,94.29166666666667,10.6625,0.0,68.54166666666667
2024-03-29,14.975,90.0,12.025,0.0,41.291666666666664
2024-03-30,16.279166666666665,77.54166666666667,18.158333333333335,0.0,17.083333333333332
2024-03-31,17.191666666666666,60.125,25.65416666666667,0.0,29.5
2024-04-01,15.75,66.29166666666667,25.712500000000002,0.0,35.75
2024-04-02,15.295833333333334,74.66666666666667,17.879166666666666,0.0,31.833333333333332
2024-04-03,15.445833333333333,84.16666666666667,19.1125,0.1,78.54166666666667
2024-04-04,14.745833333333332,77.95833333333333,22.2,0.0,0.9166666666666666
2024-04-05,14.704166666666666,79.0,17.408333333333335,0.0,1.0
2024-04-06,14.041666666666666,84.79166666666667,22.170833333333334,0.0,31.208333333333332
2024-04-07,14.920833333333334,78.125,23.058333333333334,0.0,0.9583333333333334
2024-04-08,13.429166666666667,91.66666666666667,15.941666666666668,0.0,53.416666666666664
2024-04-09,13.204166666666666,93.33333333333333,9.0,0.0,62.166666666666664
2024-04-10,12.4125,91.45833333333333,9.029166666666667,0.0,53.333333333333336
2024-04-11,12.866666666666667,85.375,11.733333333333334,0.0,85.66666666666667
2024-04-12,12.875,87.29166666666667,7.745833333333334,0.8,90.75
2024-04-13,12.670833333333334,89.58333333333333,8.091666666666667,0.1,23.375
2024-04-14,13.7125,86.91666666666667,8.241666666666667,0.0,26.708333333333332
2024-04-15,14.029166666666667,89.70833333333333,8.179166666666667,0.7,52.958333333333336
2024-04-16,14.291666666666666,82.66666666666667,17.054166666666667,0.0,8.041666666666666
2024-04-17,16.75,66.83333333333333,22.45,0.0,1.5
2024-04-18,16.575,68.875,22.34166666666667,0.0,40.125
2024-04-19,14.674999999999999,86.54166666666667,19.591666666666665,0.0,85.95833333333333
2024-04-20,13.170833333333334,91.41666666666667,5.7625,0.0,97.54166666666667
2024-04-21,14.116666666666667,90.875,16.891666666666666,0.30000000000000004,77.54166666666667
2024-04-22,14.545833333333334,86.41666666666667,19.337500000000002,1.1,43.416666666666664
2024-04-23,13.916666666666666,81.125,19.191666666666666,0.0,2.4166666666666665
2024-04-24,12.666666666666666,85.25,13.275,0.0,17.125
2024-04-25,13.279166666666667,70.70833333333333,15.316666666666668,0.0,50.791666666666664
2024-04-26,13.920833333333334,83.58333333333333,20.008333333333333,0.0,54.083333333333336
2024-04-27,13.041666666666666,77.79166666666667,27.754166666666666,0.0,15.916666666666666
2024-04-28,11.679166666666667,73.29166666666667,20.941666666666666,0.0,45.5
2024-04-29,11.316666666666668,80.75,15.35,0.2,25.833333333333332
2024-04-30,13.2125,82.79166666666667,15.091666666666667,22.1,75.58333333333333
2024-05-01,12.729166666666666,76.33333333333333,21.5625,0.0,70.41666666666667
2024-05-02,11.145833333333334,76.83333333333333,23.90416666666667,0.0,57.875
2024-05-03,10.591666666666667,78.20833333333333,12.404166666666667,0.0,10.666666666666666
2024-05-04,11.908333333333333,77.5,11.229166666666666,0.0,43.166666666666664
2024-05-05,12.416666666666666,87.125,13.879166666666668,0.0,87.45833333333333
2024-05-06,10.65,86.91666666666667,9.466666666666667,0.0,7.875
2024-05-07,10.966666666666667,78.54166666666667,20.1125,32.0,59.583333333333336
2024-05-08,11.575000000000001,70.20833333333333,22.929166666666664,0.0,0.0
2024-05-09,10.591666666666667,74.375,18.0,0.0,2.5
2024-05-10,10.954166666666666,81.875,14.758333333333333,0.0,53.208333333333336
2024-05-11,11.362499999999999,79.54166666666667,18.141666666666666,0.0,15.833333333333334
2024-05-12,11.004166666666668,81.75,18.724999999999998,0.0,12.708333333333334
2024-05-13,10.5625,77.58333333333333,20.45,0.0,4.625
2024-05-14,10.233333333333333,79.79166666666667,14.125,0.0,48.375
2024-05-15,10.041666666666666,85.66666666666667,11.816666666666668,0.0,64.45833333333333
2024-05-16,11.370833333333332,74.75,12.945833333333333,0.0,1.4583333333333333
2024-05-17,10.424999999999999,81.25,11.620833333333332,0.0,3.4583333333333335
2024-05-18,10.7125,79.5,13.158333333333333,0.0,3.375
2024-05-19,11.3375,77.91666666666667,13.391666666666666,0.0,63.458333333333336
2024-05-20,11.870833333333332,81.33333333333333,11.241666666666667,25.2,99.625
2024-05-21,11.829166666666666,82.875,22.2625,0.0,80.125
2024-05-22,11.8375,79.29166666666667,9.158333333333333,6.9,99.66666666666667
2024-05-23,11.420833333333334,78.375,13.737499999999999,0.30000000000000004,31.0
2024-05-24,12.645833333333334,72.91666666666667,15.904166666666667,0.0,88.125
2024-05-25,12.095833333333333,85.58333333333333,15.683333333333332,0.5,68.45833333333333
2024-05-26,11.995833333333332,82.625,12.4,4.3,34.041666666666664
2024-05-27,12.220833333333333,82.41666666666667,12.783333333333333,0.0,64.5
2024-05-28,11.779166666666667,80.16666666666667,9.716666666666667,0.0,76.45833333333333
2024-05-29,12.770833333333334,79.58333333333333,11.475,0.0,87.25
2024-05-30,13.958333333333334,84.375,17.662499999999998,0.0,83.54166666666667
2024-05-31,12.020833333333334,92.70833333333333,8.104166666666666,0.0,65.625
2024-06-01,13.504166666666668,85.79166666666667,20.7375,0.0,46.875
2024-06-02,12.716666666666667,89.29166666666667,10.995833333333332,0.0,97.45833333333333
2024-06-03,11.941666666666668,93.95833333333333,12.670833333333334,0.0,99.66666666666667
2024-06-04,11.629166666666668,88.0,6.908333333333334,0.0,98.29166666666667
2024-06-05,12.670833333333334,83.70833333333333,14.0625,0.0,99.95833333333333
2024-06-06,13.854166666666666,87.08333333333333,9.954166666666667,0.0,99.70833333333333
2024-06-07,13.916666666666666,83.625,11.641666666666666,0.0,66.04166666666667
2024-06-08,12.858333333333334,91.16666666666667,24.837500000000002,15.4,97.66666666666667
2024-06-09,13.091666666666667,84.45833333333333,19.266666666666666,31.1,99.29166666666667
2024-06-10,13.108333333333334,84.66666666666667,14.308333333333332,0.0,98.5
2024-06-11,13.379166666666668,81.91666666666667,13.15,0.4,95.83333333333333
2024-06-12,13.533333333333333,85.29166666666667,31.912499999999998,11.0,87.75
2024-06-13,13.170833333333334,90.04166666666667,38.4,59.3,98.91666666666667
2024-06-14,12.791666666666666,88.25,18.925,25.5,60.041666666666664
2024-06-15,12.820833333333333,85.70833333333333,11.216666666666667,0.0,80.125
2024-06-16,11.833333333333334,85.625,13.158333333333333,0.0,39.041666666666664
2024-06-17,11.262500000000001,90.16666666666667,12.633333333333333,9.7,83.54166666666667
2024-06-18,13.316666666666668,88.45833333333333,26.575,75.9,92.25
2024-06-19,12.762500000000001,88.83333333333333,8.020833333333334,13.9,59.916666666666664
2024-06-20,12.995833333333332,87.125,20.983333333333334,0.30000000000000004,99.95833333333333
2024-06-21,13.391666666666666,86.5,33.833333333333336,83.7,99.875
2024-06-22,12.8375,80.70833333333333,13.200000000000001,40.6,99.95833333333333
2024-06-23,11.4125,78.375,16.400000000000002,0.0,83.5
2024-06-24,10.866666666666667,72.75,22.241666666666664,0.0,81.0
2024-06-25,10.612499999999999,69.33333333333333,17.241666666666667,0.0,0.8333333333333334
2024-06-26,12.1875,71.0,24.5125,0.0,32.208333333333336
2024-06-27,13.195833333333333,75.79166666666667,27.275000000000002,0.0,55.166666666666664
2024-06-28,12.1,83.45833333333333,22.287499999999998,0.0,24.083333333333332
2024-06-29,12.691666666666668,78.54166666666667,11.466666666666667,0.0,33.166666666666664
2024-06-30,13.170833333333334,71.75,21.016666666666666,0.0,0.7916666666666666
2024-07-01,13.433333333333332,76.70833333333333,21.150000000000002,0.0,0.041666666666666664
2024-07-02,13.645833333333334,76.04166666666667,23.945833333333336,0.0,28.375
2024-07-03,13.179166666666667,76.08333333333333,27.46666666666667,0.0,99.66666666666667
2024-07-04,10.670833333333334,72.125,28.724999999999998,0.0,84.79166666666667
2024-07-05,9.679166666666667,72.5,22.266666666666666,0.0,7.958333333333333
2024-07-06,8.833333333333334,79.91666666666667,17.570833333333333,0.0,0.9583333333333334
2024-07-07,9.441666666666666,74.91666666666667,23.858333333333334,0.0,0.0
2024-07-08,8.933333333333334,76.375,19.183333333333334,0.0,4.458333333333333
2024-07-09,7.958333333333333,82.125,10.716666666666667,0.0,13.5
2024-07-10,8.679166666666667,80.75,16.483333333333334,0.0,33.416666666666664
2024-07-11,8.329166666666667,87.625,11.895833333333334,0.0,10.75
2024-07-12,8.299999999999999,89.70833333333333,12.154166666666667,0.0,37.166666666666664
2024-07-13,9.045833333333333,89.5,15.737499999999999,0.0,31.5
2024-07-14,9.0875,82.79166666666667,16.308333333333334,0.0,41.875
2024-07-15,8.475,81.875,14.924999999999999,0.0,49.833333333333336
2024-07-16,10.725,70.41666666666667,17.691666666666666,0.0,11.416666666666666
2024-07-17,11.029166666666667,78.66666666666667,18.7375,0.0,58.125
2024-07-18,11.775,77.79166666666667,22.125,0.0,88.66666666666667
2024-07-19,10.266666666666667,79.70833333333333,18.566666666666666,0.0,51.375
2024-07-20,8.975,91.29166666666667,7.758333333333333,0.1,57.458333333333336
2024-07-21,11.6,81.66666666666667,15.004166666666668,2.6,52.375
2024-07-22,11.441666666666668,82.75,11.65,0.0,6.083333333333333
2024-07-23,11.458333333333334,85.91666666666667,10.958333333333334,0.7000000000000001,54.5
2024-07-24,11.75,82.0,13.512500000000001,0.0,10.75
2024-07-25,11.8375,84.45833333333333,20.474999999999998,0.0,59.458333333333336
2024-07-26,10.8375,86.125,20.554166666666667,0.0,66.375
2024-07-27,10.754166666666668,76.58333333333333,30.433333333333334,0.0,17.25
2024-07-28,9.933333333333334,75.41666666666667,23.795833333333334,0.0,4.583333333333333
2024-07-29,11.204166666666666,80.79166666666667,10.825000000000001,0.0,56.75
2024-07-30,10.8125,90.875,15.975,0.0,99.91666666666667
2024-07-31,11.754166666666668,88.66666666666667,25.858333333333334,0.30000000000000004,100.0
2024-08-01,12.729166666666666,82.04166666666667,42.516666666666666,5.1,100.0
2024-08-02,12.008333333333333,90.125,35.28333333333333,81.1,98.66666666666667
2024-08-03,11.904166666666667,81.54166666666667,18.041666666666668,12.5,67.45833333333333
2024-08-04,10.6875,88.29166666666667,10.483333333333333,0.0,86.91666666666667
2024-08-05,11.145833333333334,84.79166666666667,16.691666666666666,50.0,96.91666666666667
2024-08-06,10.141666666666667,80.58333333333333,21.59583333333333,0.4,15.458333333333334
2024-08-07,9.0,77.83333333333333,22.454166666666666,0.0,0.25
2024-08-08,10.579166666666667,77.20833333333333,20.5625,0.0,0.125
2024-08-09,11.770833333333334,72.08333333333333,19.408333333333335,0.0,39.0
2024-08-10,12.441666666666668,77.91666666666667,27.78333333333333,0.0,19.5
2024-08-11,13.549999999999999,78.04166666666667,26.0,0.0,1.0833333333333333
2024-08-12,13.674999999999999,80.20833333333333,18.695833333333333,0.0,17.958333333333332
2024-08-13,10.995833333333332,94.25,11.358333333333334,0.0,92.0
2024-08-14,12.004166666666668,87.45833333333333,15.129166666666668,0.0,98.58333333333333
2024-08-15,11.475,87.83333333333333,14.5375,0.0,88.625
2024-08-16,10.970833333333333,84.04166666666667,24.0125,0.0,99.29166666666667
2024-08-17,10.887500000000001,78.125,26.208333333333332,0.0,91.41666666666667
2024-08-18,10.404166666666667,75.875,19.400000000000002,0.0,99.0
2024-08-19,9.620833333333334,75.375,21.308333333333334,0.0,36.25
2024-08-20,9.408333333333333,69.83333333333333,19.075,0.0,64.79166666666667
2024-08-21,8.454166666666667,81.70833333333333,18.220833333333335,12.600000000000001,40.416666666666664
2024-08-22,9.829166666666667,79.91666666666667,11.816666666666668,0.0,22.791666666666668
2024-08-23,9.666666666666666,82.79166666666667,12.700000000000001,3.0,34.458333333333336
2024-08-24,11.3125,78.0,17.295833333333334,0.0,6.25
2024-08-25,11.424999999999999,76.75,12.512500000000001,0.0,29.75
2024-08-26,10.679166666666667,82.41666666666667,18.645833333333332,0.0,11.625
2024-08-27,11.362499999999999,83.125,20.4875,0.0,50.5
2024-08-28,10.058333333333334,86.54166666666667,6.991666666666667,0.0,70.625
2024-08-29,10.820833333333333,79.875,6.708333333333333,1.5,95.45833333333333
2024-08-30,11.225,78.29166666666667,13.645833333333334,1.1,48.75
2024-08-31,11.966666666666667,82.08333333333333,17.104166666666668,0.0,13.666666666666666
2024-09-01,12.5,80.25,21.058333333333334,0.0,21.416666666666668
2024-09-02,11.379166666666668,79.625,19.833333333333332,0.0,54.416666666666664
2024-09-03,10.870833333333332,82.45833333333333,30.825,0.1,49.25
2024-09-04,11.137500000000001,80.16666666666667,29.21666666666667,0.0,3.8333333333333335
2024-09-05,12.016666666666666,78.91666666666667,26.433333333333334,0.0,82.83333333333333
2024-09-06,11.304166666666667,83.375,23.3,0.0,92.375
2024-09-07,11.0,85.70833333333333,25.541666666666668,0.0,46.333333333333336
2024-09-08,11.450000000000001,81.625,25.55,0.0,65.58333333333333
2024-09-09,11.983333333333334,79.5,19.2375,0.0,77.625
2024-09-10,11.950000000000001,75.16666666666667,20.016666666666666,0.0,92.625
2024-09-11,11.245833333333332,83.29166666666667,23.025000000000002,0.0,3.0833333333333335
2024-09-12,10.2125,84.375,14.879166666666668,0.0,39.708333333333336
2024-09-13,11.366666666666667,83.0,21.454166666666666,0.0,18.25
2024-09-14,12.295833333333334,77.45833333333333,24.3,0.0,7.833333333333333
2024-09-15,13.470833333333333,75.54166666666667,23.504166666666666,0.0,10.166666666666666
2024-09-16,12.891666666666666,78.33333333333333,12.641666666666666,0.0,94.54166666666667
2024-09-17,11.7875,87.66666666666667,13.3375,0.2,94.16666666666667
2024-09-18,10.950000000000001,91.58333333333333,15.004166666666668,3.6999999999999997,84.16666666666667
2024-09-19,12.1,90.91666666666667,21.587500000000002,8.3,49.875
2024-09-20,11.545833333333334,84.83333333333333,20.283333333333335,0.0,88.04166666666667
2024-09-21,11.362499999999999,80.45833333333333,11.854166666666666,0.0,93.375
2024-09-22,11.883333333333333,85.0,10.5,0.30000000000000004,100.0
2024-09-23,11.566666666666668,84.5,23.858333333333334,0.0,66.33333333333333
2024-09-24,11.216666666666667,79.58333333333333,26.462500000000002,0.0,0.7083333333333334
2024-09-25,11.508333333333333,77.29166666666667,28.683333333333334,0.0,0.4583333333333333
2024-09-26,12.491666666666667,75.875,15.4625,0.0,29.458333333333332
2024-09-27,11.870833333333332,78.29166666666667,18.8125,0.0,82.25
2024-09-28,13.016666666666666,77.25,14.375,0.0,58.833333333333336
2024-09-29,11.583333333333334,88.41666666666667,13.620833333333332,0.30000000000000004,95.58333333333333
2024-09-30,12.345833333333333,84.29166666666667,15.408333333333333,1.5,86.25
2024-10-01,12.9375,81.66666666666667,20.3875,0.0,31.708333333333332
2024-10-02,12.591666666666667,75.29166666666667,27.308333333333334,0.0,21.166666666666668
2024-10-03,13.116666666666667,76.0,19.76666666666667,0.0,40.75
2024-10-04,12.1625,83.79166666666667,17.016666666666666,0.0,57.0
2024-10-05,12.408333333333333,77.33333333333333,18.9875,0.0,40.791666666666664
2024-10-06,12.391666666666666,88.66666666666667,12.591666666666667,0.4,99.95833333333333
2024-10-07,12.195833333333333,91.125,7.95,0.1,47.041666666666664
2024-10-08,13.216666666666667,83.83333333333333,9.554166666666667,0.9,64.45833333333333
2024-10-09,13.341666666666667,86.375,17.233333333333334,2.0,76.79166666666667
2024-10-10,12.541666666666666,88.91666666666667,11.658333333333333,0.0,64.0
2024-10-11,13.016666666666666,84.875,21.458333333333332,0.0,86.41666666666667
2024-10-12,13.299999999999999,84.91666666666667,20.0,0.0,96.125
2024-10-13,12.720833333333333,81.54166666666667,17.404166666666665,0.0,84.375
2024-10-14,12.758333333333333,80.5,22.129166666666666,0.0,50.291666666666664
2024-10-15,13.0625,83.83333333333333,9.558333333333334,0.0,48.875
2024-10-16,12.408333333333333,85.375,9.458333333333334,0.1,61.25
2024-10-17,13.595833333333333,80.70833333333333,24.45,0.0,1.375
2024-10-18,12.854166666666666,90.08333333333333,18.625,0.0,49.958333333333336
2024-10-19,12.308333333333335,88.125,11.604166666666666,0.4,87.70833333333333
2024-10-20,13.166666666666666,87.0,12.237499999999999,0.0,44.833333333333336
2024-10-21,13.658333333333333,82.58333333333333,18.879166666666666,0.0,0.125
2024-10-22,12.779166666666667,93.16666666666667,14.525,2.5,74.79166666666667
2024-10-23,13.275,90.41666666666667,8.041666666666666,0.0,37.291666666666664
2024-10-24,13.604166666666666,85.70833333333333,22.304166666666664,0.0,15.625
2024-10-25,14.225,74.125,31.5625,0.0,12.583333333333334
2024-10-26,13.679166666666667,76.04166666666667,14.279166666666667,0.0,0.041666666666666664
2024-10-27,12.158333333333333,87.5,11.729166666666666,0.0,25.083333333333332
2024-10-28,12.4,93.91666666666667,11.025,0.0,76.91666666666667
2024-10-29,13.358333333333333,91.91666666666667,15.3375,1.0,74.33333333333333
2024-10-30,13.575000000000001,88.45833333333333,15.466666666666667,0.0,62.75
2024-10-31,13.012500000000001,86.625,12.054166666666667,0.0,83.20833333333333
2024-11-01,13.104166666666666,79.95833333333333,13.220833333333333,0.0,54.916666666666664
2024-11-02,13.816666666666668,79.125,24.099999999999998,0.0,33.25
2024-11-03,13.450000000000001,81.625,18.162499999999998,0.0,83.20833333333333
2024-11-04,13.541666666666666,72.875,25.15833333333333,0.0,0.0
2024-11-05,14.208333333333334,73.04166666666667,30.02916666666667,0.0,14.5
2024-11-06,14.070833333333333,80.125,25.837500000000002,0.0,19.083333333333332
2024-11-07,13.933333333333332,82.375,24.266666666666666,0.30000000000000004,47.75
2024-11-08,14.8375,76.83333333333333,21.708333333333332,0.0,37.083333333333336
2024-11-09,13.845833333333333,84.83333333333333,21.691666666666666,0.0,20.958333333333332
2024-11-10,13.654166666666667,85.45833333333333,22.97083333333333,0.0,23.291666666666668
2024-11-11,14.458333333333334,72.25,36.12083333333333,0.0,0.0
2024-11-12,15.475,66.75,34.09166666666667,0.0,0.0
2024-11-13,13.216666666666667,87.83333333333333,15.512500000000001,0.0,21.25
2024-11-14,12.174999999999999,94.29166666666667,8.916666666666666,0.0,89.29166666666667
2024-11-15,12.945833333333333,87.08333333333333,24.183333333333334,0.0,47.208333333333336
2024-11-16,12.591666666666667,81.95833333333333,24.65416666666667,0.0,35.125
2024-11-17,12.841666666666667,78.41666666666667,25.8,0.0,25.0
2024-11-18,12.116666666666667,87.25,13.158333333333333,0.0,46.208333333333336
2024-11-19,12.379166666666668,85.875,19.466666666666665,0.0,57.958333333333336
2024-11-20,12.975,84.20833333333333,22.525000000000002,0.0,60.666666666666664
2024-11-21,13.366666666666667,84.875,19.629166666666666,0.0,19.125
2024-11-22,13.512500000000001,82.83333333333333,22.47083333333333,0.0,13.583333333333334
2024-11-23,14.4,82.54166666666667,22.05,0.0,0.2916666666666667
2024-11-24,14.420833333333334,82.25,22.78333333333333,0.0,18.75
2024-11-25,14.387500000000001,77.875,22.05,0.0,0.0
2024-11-26,14.191666666666668,79.16666666666667,26.554166666666664,0.0,0.0
2024-11-27,13.195833333333333,80.58333333333333,24.629166666666666,0.0,8.75
2024-11-28,13.120833333333332,80.08333333333333,23.808333333333334,0.0,6.625
2024-11-29,13.458333333333334,80.54166666666667,17.39166666666667,0.0,0.16666666666666666
2024-11-30,13.329166666666666,83.45833333333333,19.720833333333335,0.0,21.375
2024-12-01,13.779166666666667,76.5,26.145833333333332,0.0,12.291666666666666
2024-12-02,13.625,78.5,24.554166666666664,0.0,0.25
2024-12-03,12.8375,88.125,7.308333333333334,0.0,4.0
2024-12-04,13.1625,86.75,12.504166666666668,0.0,19.125
2024-12-05,13.833333333333334,77.33333333333333,18.404166666666665,0.0,17.375
2024-12-06,14.1875,78.45833333333333,24.9875,0.0,0.041666666666666664
2024-12-07,13.679166666666667,83.58333333333333,14.6875,0.0,18.208333333333332
2024-12-08,13.633333333333333,81.66666666666667,22.458333333333332,0.0,10.916666666666666
2024-12-09,13.958333333333334,78.95833333333333,25.787499999999998,0.0,2.625
2024-12-10,13.745833333333332,83.25,22.27916666666667,0.0,23.25
2024-12-11,13.549999999999999,83.5,15.054166666666667,0.0,1.4583333333333333
2024-12-12,13.958333333333334,84.33333333333333,18.383333333333333,0.0,36.625
2024-12-13,14.604166666666666,79.58333333333333,22.3875,0.0,1.7916666666666667
2024-12-14,13.654166666666667,88.95833333333333,10.529166666666667,0.0,29.375
2024-12-15,13.754166666666668,86.54166666666667,13.1875,0.0,51.791666666666664
2024-12-16,13.929166666666667,82.5,20.974999999999998,0.0,20.708333333333332
2024-12-17,14.012500000000001,84.91666666666667,24.025000000000002,0.0,65.91666666666667
2024-12-18,14.4125,85.83333333333333,23.604166666666668,0.0,31.666666666666668
2024-12-19,15.991666666666667,72.91666666666667,31.358333333333334,0.0,0.041666666666666664
2024-12-20,15.258333333333333,77.16666666666667,27.854166666666668,0.0,0.375
2024-12-21,15.308333333333332,79.41666666666667,24.741666666666664,0.0,3.75
2024-12-22,13.65,90.16666666666667,8.933333333333334,0.0,57.5
2024-12-23,13.391666666666666,92.95833333333333,13.2875,0.0,53.583333333333336
2024-12-24,13.304166666666667,96.66666666666667,11.229166666666666,0.1,55.875
2024-12-25,13.762500000000001,91.33333333333333,8.512500000000001,0.0,55.166666666666664
2024-12-26,14.2875,90.70833333333333,8.179166666666667,0.0,42.166666666666664
2024-12-27,14.979166666666666,87.08333333333333,8.15,0.0,4.666666666666667
2024-12-28,15.5375,84.95833333333333,12.541666666666666,0.0,2.1666666666666665
2024-12-29,15.262500000000001,86.54166666666667,17.570833333333333,0.0,25.625
2024-12-30,15.5625,84.58333333333333,16.904166666666665,0.0,7.916666666666667
2024-12-31,16.058333333333334,83.66666666666667,20.808333333333334,0.0,5.166666666666667
2025-01-01,15.316666666666668,85.625,12.529166666666667,0.0,14.583333333333334
2025-01-02,15.141666666666666,85.75,10.833333333333334,0.0,8.041666666666666
2025-01-03,15.295833333333334,85.625,9.295833333333333,0.0,35.333333333333336
2025-01-04,15.954166666666666,83.04166666666667,10.270833333333334,0.0,85.04166666666667
2025-01-05,16.341666666666665,88.25,10.200000000000001,0.3,57.791666666666664
2025-01-06,16.458333333333332,89.79166666666667,9.116666666666667,0.1,59.791666666666664
2025-01-07,16.804166666666667,83.375,12.125,0.2,67.625
2025-01-08,16.441666666666666,82.875,21.84166666666667,0.0,10.666666666666666
2025-01-09,16.741666666666667,84.29166666666667,19.229166666666668,0.0,7.333333333333333
2025-01-10,16.441666666666666,85.125,14.608333333333334,0.0,2.3333333333333335
2025-01-11,17.204166666666666,77.5,17.433333333333334,0.0,18.416666666666668
2025-01-12,16.395833333333332,89.70833333333333,10.475,0.30000000000000004,83.91666666666667
2025-01-13,16.729166666666668,88.0,13.829166666666666,0.0,52.041666666666664
2025-01-14,16.258333333333333,80.625,21.14166666666667,0.0,2.3333333333333335
2025-01-15,16.983333333333334,84.04166666666667,21.3125,0.0,17.291666666666668
2025-01-16,17.166666666666668,85.33333333333333,25.837500000000002,0.0,44.5
2025-01-17,16.125,78.58333333333333,25.516666666666666,0.0,10.125
2025-01-18,15.458333333333334,84.04166666666667,17.845833333333335,0.0,6.541666666666667
2025-01-19,15.679166666666667,79.29166666666667,22.208333333333332,0.0,4.625
2025-01-20,14.795833333333334,89.16666666666667,14.108333333333333,0.0,45.083333333333336
2025-01-21,15.283333333333333,89.58333333333333,15.554166666666667,0.0,46.666666666666664
2025-01-22,15.120833333333332,83.625,19.6125,0.0,11.708333333333334
2025-01-23,15.4625,80.16666666666667,23.879166666666666,0.0,0.2916666666666667
2025-01-24,16.5,76.70833333333333,28.52916666666667,0.0,0.0
2025-01-25,15.408333333333333,82.20833333333333,16.866666666666667,0.0,3.5833333333333335
2025-01-26,14.604166666666666,90.125,12.454166666666666,0.0,22.958333333333332
2025-01-27,15.924999999999999,78.75,25.795833333333334,0.0,0.041666666666666664
2025-01-28,14.25,87.75,13.174999999999999,0.0,28.0
2025-01-29,13.933333333333332,90.625,9.491666666666667,0.0,26.25
2025-01-30,14.770833333333334,87.83333333333333,15.816666666666668,0.0,30.625
2025-01-31,15.395833333333334,85.08333333333333,19.42083333333333,0.0,12.625
2025-02-01,15.15,89.58333333333333,13.820833333333333,0.0,14.666666666666666
2025-02-02,15.066666666666668,80.95833333333333,21.837500000000002,0.0,12.666666666666666
2025-02-03,16.283333333333335,77.66666666666667,21.7625,0.0,45.083333333333336
2025-02-04,16.141666666666666,79.5,14.329166666666666,0.0,27.791666666666668
2025-02-05,17.304166666666667,72.08333333333333,27.104166666666668,0.0,0.0
2025-02-06,15.554166666666667,85.75,13.545833333333334,0.0,15.5
2025-02-07,14.108333333333334,94.79166666666667,10.920833333333334,0.0,51.041666666666664
2025-02-08,14.791666666666666,93.70833333333333,10.679166666666667,0.0,69.83333333333333
2025-02-09,14.495833333333332,95.70833333333333,15.541666666666666,0.1,76.20833333333333
2025-02-10,14.975,94.375,9.1,0.0,89.66666666666667
2025-02-11,15.75,85.25,14.875,0.0,40.791666666666664
2025-02-12,15.424999999999999,79.375,14.9625,0.0,1.125
2025-02-13,15.445833333333333,80.08333333333333,13.970833333333333,0.0,9.875
2025-02-14,15.008333333333333,83.20833333333333,20.370833333333334,0.0,33.375
2025-02-15,14.745833333333332,82.33333333333333,20.358333333333334,0.0,27.375
2025-02-16,14.625,84.16666666666667,19.320833333333333,0.0,18.708333333333332
2025-02-17,14.641666666666666,85.25,17.791666666666668,0.0,24.916666666666668
2025-02-18,14.291666666666666,88.75,10.137500000000001,0.0,25.583333333333332
2025-02-19,14.791666666666666,90.08333333333333,10.258333333333333,0.2,55.916666666666664
2025-02-20,14.691666666666668,91.20833333333333,7.833333333333333,0.0,33.875
2025-02-21,15.141666666666666,86.33333333333333,15.741666666666667,0.0,42.958333333333336
2025-02-22,15.545833333333334,84.58333333333333,13.833333333333334,0.0,70.41666666666667
2025-02-23,15.458333333333334,89.79166666666667,13.795833333333334,0.0,51.416666666666664
2025-02-24,16.375,84.16666666666667,18.25,0.0,29.333333333333332
2025-02-25,15.620833333333332,85.66666666666667,15.091666666666667,0.0,30.375
2025-02-26,15.458333333333334,86.91666666666667,11.566666666666668,0.0,17.541666666666668
2025-02-27,15.020833333333334,87.66666666666667,10.204166666666667,0.0,29.708333333333332
2025-02-28,16.466666666666665,87.79166666666667,13.895833333333334,0.0,30.291666666666668
2025-03-01,16.8625,89.5,17.825,0.0,41.291666666666664
2025-03-02,15.975,85.04166666666667,16.229166666666668,0.0,49.958333333333336
2025-03-03,16.641666666666666,81.58333333333333,21.820833333333336,0.0,5.583333333333333
2025-03-04,16.64166666666667,82.25,25.2,0.0,3.0
2025-03-05,16.075,88.54166666666667,10.758333333333333,0.0,3.7083333333333335
2025-03-06,15.741666666666667,93.125,5.375,0.0,34.583333333333336
2025-03-07,16.7625,85.625,16.558333333333334,0.0,5.291666666666667
2025-03-08,16.8,70.04166666666667,30.84166666666667,0.0,0.0
2025-03-09,15.987499999999999,74.33333333333333,10.416666666666666,0.0,0.041666666666666664
2025-03-10,15.166666666666666,84.875,12.070833333333333,0.0,10.458333333333334
2025-03-11,15.904166666666667,76.25,16.45,0.0,0.4583333333333333
2025-03-12,14.754166666666668,86.79166666666667,5.779166666666666,0.0,4.291666666666667
2025-03-13,14.65,94.04166666666667,6.991666666666667,0.2,52.083333333333336
2025-03-14,15.25,90.66666666666667,7.6000000000000005,0.30000000000000004,85.91666666666667
2025-03-15,15.508333333333333,86.91666666666667,10.454166666666667,0.0,58.166666666666664
2025-03-16,15.049999999999999,84.125,20.154166666666665,0.0,7.75
2025-03-17,16.212500000000002,79.58333333333333,19.529166666666665,0.0,1.4583333333333333
2025-03-18,16.875,76.04166666666667,11.9125,0.0,0.041666666666666664
2025-03-19,15.145833333333334,88.41666666666667,9.420833333333333,0.30000000000000004,58.125
2025-03-20,15.0625,89.45833333333333,13.066666666666668,0.0,29.583333333333332
2025-03-21,15.879166666666668,85.41666666666667,20.441666666666666,0.0,15.041666666666666
2025-03-22,15.370833333333332,84.08333333333333,18.787499999999998,0.0,7.583333333333333
2025-03-23,14.291666666666666,90.08333333333333,6.666666666666667,0.0,34.916666666666664
2025-03-24,13.620833333333332,90.75,7.291666666666667,0.0,15.875
2025-03-25,14.65,89.58333333333333,11.016666666666666,0.0,20.25
2025-03-26,15.066666666666668,86.54166666666667,13.245833333333332,0.0,35.5
2025-03-27,15.070833333333333,88.375,6.979166666666667,0.0,26.666666666666668
2025-03-28,15.658333333333333,79.625,17.870833333333334,0.0,63.041666666666664
2025-03-29,14.5,91.58333333333333,8.091666666666667,0.0,51.291666666666664
2025-03-30,14.887500000000001,82.625,20.412499999999998,8.6,48.833333333333336
2025-03-31,15.308333333333332,68.25,31.904166666666665,0.0,17.166666666666668
2025-04-01,14.445833333333333,74.29166666666667,22.337500000000002,0.0,28.416666666666668
2025-04-02,14.616666666666667,74.875,23.52916666666667,0.0,2.4166666666666665
2025-04-03,15.354166666666666,70.95833333333333,21.05,0.0,13.208333333333334
2025-04-04,12.762500000000001,93.75,7.283333333333334,0.0,47.083333333333336
2025-04-05,13.054166666666667,91.625,7.195833333333333,0.0,67.79166666666667
2025-04-06,13.783333333333333,84.45833333333333,11.783333333333333,0.0,16.541666666666668
2025-04-07,14.558333333333332,80.95833333333333,18.891666666666666,0.0,7.625
2025-04-08,12.9,94.79166666666667,7.945833333333333,0.0,68.625
2025-04-09,13.845833333333333,87.625,9.529166666666667,0.0,99.16666666666667
2025-04-10,13.6875,88.70833333333333,14.266666666666666,0.0,78.95833333333333
2025-04-11,13.7125,74.25,28.195833333333336,0.0,62.375
2025-04-12,13.775,71.66666666666667,22.758333333333336,0.0,0.0
2025-04-13,13.008333333333333,80.54166666666667,15.116666666666667,0.0,45.458333333333336
2025-04-14,12.637500000000001,87.83333333333333,12.575000000000001,0.0,33.875
2025-04-15,13.466666666666667,86.95833333333333,18.945833333333333,0.0,28.833333333333332
2025-04-16,13.716666666666667,80.33333333333333,20.741666666666667,0.0,34.375
2025-04-17,14.137500000000001,83.5,23.691666666666666,0.0,24.375
2025-04-18,13.266666666666666,77.79166666666667,13.320833333333333,0.0,0.3333333333333333
2025-04-19,12.125,89.625,5.816666666666666,0.0,55.083333333333336
2025-04-20,12.375,89.20833333333333,11.950000000000001,0.0,42.166666666666664
2025-04-21,11.908333333333333,89.95833333333333,12.533333333333333,0.0,56.75
2025-04-22,14.012500000000001,86.125,13.549999999999999,0.0,83.20833333333333
2025-04-23,13.958333333333334,96.20833333333333,6.4624999999999995,0.1,87.75
2025-04-24,14.704166666666666,94.41666666666667,6.2625,1.1,52.708333333333336
2025-04-25,15.033333333333333,77.08333333333333,13.820833333333333,0.5,23.458333333333332
2025-04-26,13.5875,77.08333333333333,21.791666666666668,0.0,2.0
2025-04-27,14.375,75.75,20.212500000000002,0.0,0.0
2025-04-28,11.533333333333333,91.70833333333333,5.7625,0.0,55.041666666666664
2025-04-29,11.991666666666667,92.45833333333333,9.049999999999999,0.0,71.41666666666667
2025-04-30,12.304166666666667,89.20833333333333,7.233333333333333,0.1,65.91666666666667
2025-05-01,12.466666666666667,82.29166666666667,14.216666666666667,0.1,40.708333333333336
2025-05-02,13.3375,81.58333333333333,20.020833333333332,0.0,0.125
2025-05-03,13.366666666666667,77.125,17.583333333333332,0.0,0.2916666666666667
2025-05-04,14.095833333333333,77.0,19.466666666666665,0.0,78.25
2025-05-05,12.575000000000001,86.83333333333333,13.295833333333334,0.0,9.833333333333334
2025-05-06,11.983333333333334,83.91666666666667,12.104166666666666,0.0,94.83333333333333
2025-05-07,12.558333333333332,86.29166666666667,6.866666666666667,23.2,95.54166666666667
2025-05-08,13.066666666666668,90.5,14.125,43.2,86.83333333333333
2025-05-09,14.258333333333333,86.66666666666667,17.270833333333332,0.0,14.541666666666666
2025-05-10,15.7125,73.16666666666667,19.929166666666667,0.0,0.0
2025-05-11,12.895833333333334,94.95833333333333,12.2125,0.2,74.79166666666667
2025-05-12,13.191666666666668,91.04166666666667,15.083333333333334,0.0,51.958333333333336
2025-05-13,12.520833333333334,92.45833333333333,9.387500000000001,0.0,94.58333333333333
2025-05-14,13.158333333333333,88.625,15.733333333333334,0.0,66.54166666666667
2025-05-15,11.7875,93.79166666666667,9.466666666666667,0.0,43.25
2025-05-16,11.220833333333333,94.0,5.908333333333334,0.0,61.833333333333336
2025-05-17,11.970833333333333,87.54166666666667,12.870833333333332,4.3,99.5
2025-05-18,13.129166666666668,85.70833333333333,10.225,2.9,75.58333333333333
2025-05-19,14.291666666666666,87.41666666666667,13.729166666666666,5.0,85.875
2025-05-20,14.495833333333332,82.75,14.379166666666668,0.0,66.91666666666667
2025-05-21,15.329166666666666,72.95833333333333,22.516666666666666,0.0,49.291666666666664
2025-05-22,12.845833333333333,89.58333333333333,10.604166666666666,0.0,60.458333333333336
2025-05-23,11.554166666666667,94.91666666666667,7.891666666666667,0.0,75.75
2025-05-24,12.570833333333333,81.5,11.029166666666667,0.0,5.208333333333333
2025-05-25,12.441666666666668,89.75,8.691666666666666,0.0,60.083333333333336
2025-05-26,13.1,91.04166666666667,8.466666666666667,12.4,77.95833333333333
2025-05-27,12.054166666666667,76.75,25.954166666666666,0.0,5.791666666666667
2025-05-28,11.258333333333333,75.75,21.220833333333335,0.0,27.458333333333332
2025-05-29,12.112499999999999,78.95833333333333,15.304166666666667,0.0,53.041666666666664
2025-05-30,14.354166666666666,70.0,30.004166666666666,0.0,29.083333333333332
2025-05-31,13.254166666666668,71.20833333333333,25.09166666666667,0.0,67.16666666666667
2025-06-01,11.029166666666667,87.25,8.829166666666667,0.0,80.33333333333333
2025-06-02,10.3125,93.58333333333333,4.829166666666667,0.0,100.0
2025-06-03,11.254166666666668,92.375,5.883333333333333,0.0,97.79166666666667
2025-06-04,11.158333333333333,92.70833333333333,9.4625,0.4,57.083333333333336
2025-06-05,10.879166666666668,93.70833333333333,7.441666666666666,0.0,54.166666666666664
2025-06-06,11.15,91.75,9.370833333333334,0.7000000000000001,96.45833333333333
2025-06-07,12.0625,83.41666666666667,13.920833333333334,0.30000000000000004,30.375
2025-06-08,12.804166666666667,80.95833333333333,15.729166666666666,0.0,4.083333333333333
2025-06-09,12.483333333333334,82.33333333333333,13.270833333333334,0.0,50.416666666666664
2025-06-10,11.320833333333333,82.20833333333333,10.525,0.1,34.791666666666664
2025-06-11,12.679166666666667,86.25,28.3125,1.7000000000000002,82.25
2025-06-12,12.6875,85.04166666666667,22.079166666666666,30.1,60.791666666666664
2025-06-13,11.183333333333332,82.16666666666667,11.174999999999999,0.0,8.125
2025-06-14,10.895833333333334,83.95833333333333,10.775,0.0,62.208333333333336
2025-06-15,12.858333333333334,84.625,24.708333333333332,15.6,92.91666666666667
2025-06-16,11.908333333333333,83.29166666666667,18.008333333333333,46.0,67.91666666666667
2025-06-17,11.916666666666666,83.04166666666667,9.370833333333334,1.1,71.66666666666667
2025-06-18,12.0375,81.41666666666667,18.133333333333333,0.0,0.3333333333333333
2025-06-19,10.958333333333334,81.83333333333333,16.8625,0.0,8.083333333333334
2025-06-20,11.5875,74.625,24.329166666666666,0.0,2.0
2025-06-21,12.191666666666668,82.08333333333333,20.770833333333332,0.0,52.208333333333336
2025-06-22,12.479166666666666,83.16666666666667,17.520833333333332,4.6000000000000005,55.333333333333336
2025-06-23,10.9375,77.70833333333333,25.425,0.0,5.083333333333333
2025-06-24,10.895833333333334,72.83333333333333,17.400000000000002,0.0,9.375
2025-06-25,9.754166666666666,85.54166666666667,10.108333333333333,0.0,62.208333333333336
2025-06-26,9.966666666666667,87.20833333333333,15.520833333333334,0.0,25.125
2025-06-27,9.829166666666667,77.83333333333333,18.591666666666665,0.0,51.791666666666664
2025-06-28,9.558333333333334,79.41666666666667,12.829166666666666,1.0,24.958333333333332
2025-06-29,10.5,67.79166666666667,22.108333333333334,0.0,0.041666666666666664
2025-06-30,9.770833333333334,71.75,16.441666666666666,0.0,72.33333333333333
2025-07-01,11.079166666666666,74.625,13.075000000000001,0.0,41.291666666666664
2025-07-02,13.950000000000001,66.79166666666667,16.541666666666668,0.0,97.375
2025-07-03,13.195833333333333,73.45833333333333,15.375,0.0,91.75
2025-07-04,10.1,94.75,13.058333333333332,0.1,99.75
2025-07-05,12.5375,88.125,23.03333333333333,0.5,84.0
2025-07-06,12.958333333333334,86.16666666666667,11.420833333333334,0.0,28.041666666666668
2025-07-07,12.595833333333333,84.79166666666667,18.9875,0.0,16.916666666666668
2025-07-08,10.841666666666667,90.83333333333333,9.891666666666667,0.0,68.625
2025-07-09,10.704166666666666,86.45833333333333,12.908333333333333,0.0,69.25
2025-07-10,10.15,85.125,18.379166666666666,0.0,5.541666666666667
2025-07-11,9.975,82.91666666666667,15.325000000000001,0.0,4.041666666666667
2025-07-12,8.929166666666667,92.58333333333333,7.458333333333333,0.0,60.666666666666664
2025-07-13,10.845833333333333,85.5,13.9,0.1,92.91666666666667
2025-07-14,11.0375,79.75,11.325000000000001,0.0,88.33333333333333
2025-07-15,10.708333333333334,84.16666666666667,12.579166666666666,0.0,27.166666666666668
2025-07-16,12.2875,67.25,28.1125,0.0,1.3333333333333333
2025-07-17,13.8125,62.875,21.3125,0.0,0.16666666666666666
2025-07-18,12.408333333333333,76.33333333333333,18.604166666666668,0.0,0.875
2025-07-19,11.266666666666666,82.04166666666667,12.066666666666668,0.0,47.375
2025-07-20,11.5625,84.54166666666667,6.1000000000000005,0.0,99.54166666666667
2025-07-21,12.420833333333334,84.375,15.795833333333334,0.0,83.70833333333333
2025-07-22,13.0875,82.16666666666667,18.766666666666666,0.0,59.416666666666664
2025-07-23,11.395833333333334,90.70833333333333,8.475,0.7000000000000001,82.70833333333333
2025-07-24,11.541666666666666,85.91666666666667,13.016666666666666,0.0,71.875
2025-07-25,12.404166666666667,84.25,12.116666666666667,0.30000000000000004,90.75
2025-07-26,11.091666666666667,90.16666666666667,5.366666666666667,0.0,88.66666666666667
2025-07-27,11.879166666666668,85.70833333333333,7.658333333333334,0.2,87.79166666666667
2025-07-28,13.325000000000001,82.04166666666667,12.450000000000001,0.0,76.70833333333333
2025-07-29,12.708333333333334,88.95833333333333,9.729166666666666,0.0,99.25
2025-07-30,13.341666666666667,90.33333333333333,22.8,0.8,95.125
2025-07-31,13.320833333333333,89.08333333333333,32.65416666666667,39.7,99.95833333333333
2025-08-01,12.4,89.0,34.199999999999996,91.1,96.0
2025-08-02,11.704166666666666,81.33333333333333,13.7875,28.3,67.25
2025-08-03,12.358333333333334,77.125,16.341666666666665,0.0,86.29166666666667
2025-08-04,13.608333333333334,74.29166666666667,15.875,0.0,98.29166666666667
2025-08-05,14.450000000000001,76.16666666666667,19.5125,0.0,78.66666666666667
2025-08-06,14.404166666666667,81.66666666666667,24.925,0.0,66.54166666666667
2025-08-07,12.520833333333334,84.0,17.129166666666666,0.0,2.625
2025-08-08,10.966666666666667,93.79166666666667,6.620833333333334,0.0,79.375
2025-08-09,11.799999999999999,82.54166666666667,8.200000000000001,1.8,71.83333333333333
2025-08-10,12.229166666666666,83.33333333333333,15.779166666666667,0.0,60.75
2025-08-11,14.879166666666668,73.91666666666667,22.025000000000002,0.0,67.25
2025-08-12,14.658333333333333,82.79166666666667,22.670833333333334,0.0,99.625
2025-08-13,14.679166666666667,84.91666666666667,15.208333333333334,0.0,80.83333333333333
2025-08-14,12.066666666666668,94.58333333333333,17.55,0.7000000000000001,88.08333333333333
2025-08-15,13.216666666666667,88.875,22.629166666666666,6.2,82.16666666666667
2025-08-16,13.145833333333334,83.58333333333333,12.866666666666667,0.1,31.25
2025-08-17,11.875,89.08333333333333,13.845833333333333,0.2,69.58333333333333
2025-08-18,12.791666666666666,80.5,9.5875,0.0,68.79166666666667
2025-08-19,13.020833333333334,80.70833333333333,9.983333333333333,0.0,34.166666666666664
2025-08-20,12.841666666666667,82.375,15.633333333333333,0.0,41.333333333333336
2025-08-21,12.291666666666666,85.41666666666667,19.129166666666666,16.6,85.29166666666667
2025-08-22,9.5,77.95833333333333,8.2875,4.7,57.375
2025-08-23,10.391666666666667,74.66666666666667,20.075,0.0,4.916666666666667
2025-08-24,11.908333333333333,69.125,24.254166666666666,0.0,4.291666666666667
2025-08-25,13.466666666666667,74.70833333333333,24.133333333333336,0.0,0.0
2025-08-26,13.891666666666666,78.66666666666667,18.9375,0.0,5.875
2025-08-27,12.266666666666666,90.5,10.858333333333334,0.0,94.83333333333333
2025-08-28,12.491666666666667,86.83333333333333,6.120833333333334,0.2,94.33333333333333
2025-08-29,12.325000000000001,83.125,10.433333333333334,0.2,60.708333333333336
2025-08-30,11.941666666666668,83.16666666666667,6.079166666666667,2.1,91.04166666666667
2025-08-31,12.700000000000001,84.29166666666667,13.737499999999999,0.30000000000000004,75.91666666666667
