ds,temperatura,humedad,velocidad_viento,precipitacion,nubosidad
2020-01-01,21.733333333333334,73.29166666666667,4.604166666666667,0.0,51.0
2020-01-02,22.0625,72.75,5.879166666666666,0.0,67.75
2020-01-03,22.433333333333334,74.91666666666667,7.845833333333334,0.0,56.541666666666664
2020-01-04,22.1875,79.08333333333333,6.916666666666667,0.0,84.45833333333333
2020-01-05,22.854166666666668,76.66666666666667,5.591666666666666,0.0,61.333333333333336
2020-01-06,23.662499999999998,72.25,6.216666666666666,0.0,14.791666666666666
2020-01-07,23.575,75.95833333333333,8.475,0.0,9.625
2020-01-08,22.849999999999998,76.0,8.983333333333333,0.0,12.25
2020-01-09,21.708333333333332,80.54166666666667,9.320833333333333,0.0,21.375
2020-01-10,21.270833333333332,83.875,7.925,0.0,82.04166666666667
2020-01-11,21.366666666666664,82.375,6.9750000000000005,0.0,58.291666666666664
2020-01-12,21.25,77.08333333333333,7.454166666666667,0.0,47.458333333333336
2020-01-13,21.395833333333332,74.79166666666667,7.066666666666666,0.0,65.16666666666667
2020-01-14,21.72083333333333,75.375,5.608333333333333,0.0,71.29166666666667
2020-01-15,22.354166666666668,72.29166666666667,5.125,0.1,60.916666666666664
2020-01-16,22.566666666666666,74.41666666666667,4.641666666666667,0.0,67.70833333333333
2020-01-17,22.787499999999998,76.54166666666667,5.883333333333333,0.0,42.5
2020-01-18,22.875,76.875,6.454166666666667,0.0,68.20833333333333
2020-01-19,23.46666666666667,76.41666666666667,6.620833333333334,0.7999999999999999,67.83333333333333
2020-01-20,23.391666666666666,76.33333333333333,6.154166666666666,0.0,95.625
2020-01-21,24.366666666666664,70.25,6.633333333333333,0.0,79.95833333333333
2020-01-22,24.495833333333334,75.29166666666667,4.770833333333333,0.5,93.83333333333333
2020-01-23,24.875,75.95833333333333,3.941666666666667,0.0,58.916666666666664
2020-01-24,24.09166666666667,86.625,4.445833333333334,3.3,92.5
2020-01-25,24.008333333333336,86.70833333333333,4.891666666666667,0.2,63.458333333333336
2020-01-26,24.333333333333332,83.125,5.533333333333334,0.0,17.583333333333332
2020-01-27,24.3875,80.875,6.616666666666667,0.0,16.583333333333332
2020-01-28,24.25,78.75,8.225,0.0,7.791666666666667
2020-01-29,24.09166666666667,77.33333333333333,8.033333333333333,0.0,7.041666666666667
2020-01-30,23.733333333333334,75.5,7.329166666666667,0.0,23.666666666666668
2020-01-31,22.912499999999998,75.83333333333333,8.454166666666667,0.0,38.125
2020-02-01,22.579166666666666,74.33333333333333,8.387500000000001,0.0,6.666666666666667
2020-02-02,22.520833333333332,76.875,8.091666666666667,0.0,0.20833333333333334
2020-02-03,22.09583333333333,78.83333333333333,8.708333333333334,0.0,6.0
2020-02-04,22.316666666666666,71.45833333333333,7.479166666666667,0.0,15.041666666666666
2020-02-05,22.40833333333333,71.41666666666667,7.058333333333334,0.0,13.958333333333334
2020-02-06,22.804166666666664,67.58333333333333,9.1875,0.0,14.791666666666666
2020-02-07,21.5,77.91666666666667,7.95,0.0,70.25
2020-02-08,21.629166666666666,76.70833333333333,6.966666666666666,0.0,83.45833333333333
2020-02-09,21.8125,76.125,7.291666666666667,0.0,74.20833333333333
2020-02-10,22.03333333333333,70.125,8.041666666666666,0.0,73.25
2020-02-11,22.233333333333334,72.95833333333333,7.833333333333333,0.0,52.333333333333336
2020-02-12,22.59583333333333,73.41666666666667,5.904166666666666,0.0,67.25
2020-02-13,22.895833333333332,72.75,6.3625,0.0,80.375
2020-02-14,23.21666666666667,74.08333333333333,5.05,2.2,97.83333333333333
2020-02-15,23.45,76.875,5.637499999999999,0.0,64.54166666666667
2020-02-16,23.391666666666666,80.20833333333333,5.9750000000000005,0.0,60.958333333333336
2020-02-17,23.395833333333332,76.08333333333333,7.8,0.0,65.16666666666667
2020-02-18,22.6875,77.41666666666667,6.941666666666666,0.0,60.125
2020-02-19,22.879166666666666,75.125,6.020833333333333,0.0,89.625
2020-02-20,23.375,77.08333333333333,4.354166666666667,0.0,98.83333333333333
2020-02-21,23.125,78.0,5.608333333333333,0.0,83.29166666666667
2020-02-22,23.0,86.875,6.625,1.9000000000000001,68.79166666666667
2020-02-23,23.358333333333334,81.45833333333333,4.491666666666666,0.0,35.833333333333336
2020-02-24,23.879166666666666,79.41666666666667,6.045833333333333,0.0,58.708333333333336
2020-02-25,24.170833333333334,75.83333333333333,6.704166666666667,0.0,47.666666666666664
2020-02-26,23.3875,78.16666666666667,8.070833333333333,0.0,6.625
2020-02-27,23.09583333333333,79.625,7.516666666666667,0.0,27.541666666666668
2020-02-28,23.295833333333334,76.58333333333333,6.070833333333333,0.0,18.958333333333332
2020-02-29,23.145833333333332,76.66666666666667,7.6375,0.0,39.541666666666664
2020-03-01,22.825,76.41666666666667,8.158333333333333,0.0,23.125
2020-03-02,22.287499999999998,82.25,8.483333333333333,0.0,0.5416666666666666
2020-03-03,21.84583333333333,80.45833333333333,8.379166666666666,0.0,6.625
2020-03-04,21.704166666666666,81.08333333333333,8.141666666666667,0.0,6.458333333333333
2020-03-05,21.616666666666664,78.79166666666667,7.8625,0.0,5.166666666666667
2020-03-06,21.495833333333334,74.41666666666667,5.629166666666666,0.0,2.6666666666666665
2020-03-07,22.53333333333333,71.0,4.954166666666667,0.0,8.666666666666666
2020-03-08,23.22083333333333,72.29166666666667,5.529166666666666,0.0,41.125
2020-03-09,23.0125,78.125,5.829166666666667,0.0,94.5
2020-03-10,22.879166666666666,82.125,7.675,0.3,45.583333333333336
2020-03-11,23.070833333333336,79.54166666666667,7.258333333333333,0.0,30.666666666666668
2020-03-12,22.59166666666667,85.125,8.15,0.0,38.75
2020-03-13,22.608333333333334,81.16666666666667,6.429166666666667,0.0,81.70833333333333
2020-03-14,22.391666666666666,83.625,6.883333333333333,0.0,44.541666666666664
2020-03-15,22.4375,81.20833333333333,4.991666666666666,0.0,35.5
2020-03-16,22.2375,80.375,4.566666666666666,0.0,66.08333333333333
2020-03-17,22.483333333333334,79.58333333333333,5.458333333333333,0.0,86.41666666666667
2020-03-18,23.045833333333334,77.16666666666667,6.508333333333333,0.0,48.625
2020-03-19,22.883333333333336,83.25,6.729166666666667,0.0,61.208333333333336
2020-03-20,23.020833333333332,83.625,5.7,0.0,63.375
2020-03-21,23.287499999999998,81.41666666666667,5.508333333333333,0.0,20.458333333333332
2020-03-22,23.02916666666667,79.08333333333333,6.270833333333333,0.0,8.0
2020-03-23,22.3625,79.125,7.666666666666667,0.0,20.875
2020-03-24,22.0125,79.70833333333333,6.733333333333333,0.0,5.916666666666667
2020-03-25,21.545833333333334,80.20833333333333,7.1625000000000005,0.0,62.416666666666664
2020-03-26,21.125,82.375,5.6125,0.0,44.541666666666664
2020-03-27,20.891666666666666,80.75,8.041666666666666,0.0,26.958333333333332
2020-03-28,20.941666666666666,78.20833333333333,8.704166666666667,0.0,26.125
2020-03-29,20.6375,81.58333333333333,7.470833333333334,0.0,46.166666666666664
2020-03-30,20.804166666666667,80.33333333333333,7.208333333333333,0.0,45.916666666666664
2020-03-31,20.866666666666667,83.16666666666667,7.391666666666667,0.0,34.375
2020-04-01,21.158333333333335,78.41666666666667,6.866666666666667,0.0,38.541666666666664
2020-04-02,21.483333333333334,76.0,6.875,0.0,9.25
2020-04-03,21.587500000000002,78.91666666666667,4.766666666666667,0.0,5.708333333333333
2020-04-04,21.608333333333334,83.70833333333333,5.1499999999999995,0.0,33.75
2020-04-05,22.608333333333334,80.58333333333333,5.441666666666666,0.0,17.083333333333332
2020-04-06,22.2375,85.29166666666667,7.1000000000000005,0.0,0.25
2020-04-07,21.712500000000002,84.70833333333333,6.120833333333334,0.0,24.333333333333332
2020-04-08,22.083333333333332,84.54166666666667,7.0125,0.0,15.041666666666666
2020-04-09,21.945833333333336,82.625,7.75,0.0,29.166666666666668
2020-04-10,21.495833333333334,82.625,9.549999999999999,0.0,52.291666666666664
2020-04-11,21.383333333333336,79.83333333333333,7.375,0.0,44.875
2020-04-12,21.320833333333333,78.20833333333333,7.05,0.0,10.666666666666666
2020-04-13,20.599999999999998,77.875,7.166666666666667,0.0,1.5833333333333333
2020-04-14,20.5625,78.91666666666667,4.429166666666666,0.0,7.625
2020-04-15,21.208333333333332,78.91666666666667,5.766666666666667,0.0,0.041666666666666664
2020-04-16,21.091666666666665,82.41666666666667,8.570833333333333,0.0,2.0
2020-04-17,19.7,91.04166666666667,7.395833333333333,0.0,40.958333333333336
2020-04-18,19.316666666666666,90.04166666666667,7.079166666666667,0.0,49.375
2020-04-19,19.916666666666668,82.08333333333333,6.2625,0.0,10.75
2020-04-20,19.820833333333333,85.66666666666667,5.733333333333333,0.0,16.458333333333332
2020-04-21,19.4875,87.04166666666667,6.279166666666666,0.0,43.541666666666664
2020-04-22,18.654166666666665,90.95833333333333,6.158333333333334,0.2,80.0
2020-04-23,18.962500000000002,81.95833333333333,6.279166666666666,0.0,32.625
2020-04-24,19.075,81.70833333333333,7.883333333333333,0.0,17.958333333333332
2020-04-25,19.154166666666665,82.875,8.075,0.0,8.458333333333334
2020-04-26,18.925,85.45833333333333,6.9750000000000005,0.0,22.0
2020-04-27,18.695833333333333,87.83333333333333,7.1625000000000005,0.0,38.458333333333336
2020-04-28,18.620833333333334,89.29166666666667,6.7375,0.0,84.54166666666667
2020-04-29,19.116666666666667,80.58333333333333,5.270833333333333,0.0,18.333333333333332
2020-04-30,18.879166666666666,84.5,6.595833333333334,0.0,49.958333333333336
2020-05-01,18.345833333333335,87.45833333333333,6.433333333333334,0.0,86.875
2020-05-02,18.804166666666667,84.79166666666667,6.354166666666667,0.0,49.083333333333336
2020-05-03,18.716666666666665,86.75,6.4750000000000005,0.0,47.75
2020-05-04,18.8875,84.04166666666667,6.145833333333333,0.0,43.166666666666664
2020-05-05,18.470833333333335,87.16666666666667,6.979166666666667,0.0,54.75
2020-05-06,18.166666666666668,89.33333333333333,5.804166666666667,0.0,62.083333333333336
2020-05-07,18.7625,85.66666666666667,6.066666666666666,0.0,14.375
2020-05-08,18.383333333333333,90.33333333333333,6.304166666666667,0.0,61.541666666666664
2020-05-09,18.120833333333334,90.54166666666667,6.841666666666666,0.0,71.83333333333333
2020-05-10,18.4375,85.54166666666667,7.608333333333333,0.0,47.166666666666664
2020-05-11,18.441666666666666,80.54166666666667,5.904166666666666,0.0,40.291666666666664
2020-05-12,18.783333333333335,82.66666666666667,6.6125,0.0,39.583333333333336
2020-05-13,17.954166666666666,86.16666666666667,7.741666666666667,0.0,87.41666666666667
2020-05-14,17.020833333333332,93.91666666666667,7.0625,0.1,97.16666666666667
2020-05-15,17.329166666666666,94.16666666666667,6.229166666666667,0.0,91.91666666666667
2020-05-16,17.354166666666668,89.25,4.9624999999999995,0.0,73.20833333333333
2020-05-17,17.579166666666666,89.20833333333333,6.054166666666667,0.0,60.125
2020-05-18,17.529166666666665,89.75,6.320833333333333,0.0,77.54166666666667
2020-05-19,17.133333333333333,86.79166666666667,7.558333333333334,0.0,53.041666666666664
2020-05-20,17.412499999999998,87.125,7.2124999999999995,0.0,38.583333333333336
2020-05-21,16.779166666666665,86.66666666666667,8.0,0.0,57.958333333333336
2020-05-22,16.941666666666666,84.25,6.066666666666666,0.0,46.166666666666664
2020-05-23,16.691666666666666,90.83333333333333,4.675,0.0,75.95833333333333
2020-05-24,16.554166666666667,91.04166666666667,4.733333333333333,0.2,80.41666666666667
2020-05-25,16.954166666666666,85.125,5.258333333333334,0.0,51.916666666666664
2020-05-26,17.6875,87.125,3.9,0.0,38.583333333333336
2020-05-27,18.616666666666667,84.66666666666667,4.966666666666667,0.0,14.041666666666666
2020-05-28,19.275000000000002,84.75,5.1625000000000005,0.0,23.333333333333332
2020-05-29,20.2375,80.58333333333333,5.666666666666667,0.0,30.666666666666668
2020-05-30,19.912499999999998,86.70833333333333,4.7749999999999995,0.0,53.375
2020-05-31,19.220833333333335,88.41666666666667,7.4624999999999995,0.0,62.541666666666664
2020-06-01,18.825,85.83333333333333,7.508333333333333,0.0,16.958333333333332
2020-06-02,17.825,87.16666666666667,7.925,0.0,60.25
2020-06-03,17.95,82.54166666666667,8.391666666666667,0.0,42.5
2020-06-04,17.245833333333334,79.16666666666667,7.920833333333333,0.0,48.166666666666664
2020-06-05,16.904166666666665,85.125,5.533333333333334,0.0,55.291666666666664
2020-06-06,17.329166666666666,88.66666666666667,5.220833333333333,0.0,59.083333333333336
2020-06-07,16.670833333333334,87.04166666666667,5.3374999999999995,0.0,74.625
2020-06-08,15.950000000000001,94.20833333333333,4.320833333333334,0.2,100.0
2020-06-09,17.170833333333334,90.25,3.841666666666667,0.6000000000000001,99.08333333333333
2020-06-10,17.816666666666666,86.41666666666667,5.283333333333333,0.2,91.66666666666667
2020-06-11,18.45,85.29166666666667,7.3625,0.0,62.958333333333336
2020-06-12,17.05,92.16666666666667,9.441666666666666,0.8,89.79166666666667
2020-06-13,16.425,92.66666666666667,6.0625,0.1,97.95833333333333
2020-06-14,16.808333333333334,91.875,5.391666666666667,0.0,80.79166666666667
2020-06-15,16.974999999999998,89.45833333333333,6.404166666666666,0.0,91.75
2020-06-16,17.045833333333334,88.41666666666667,6.291666666666667,0.0,90.25
2020-06-17,16.8125,84.33333333333333,8.791666666666666,0.0,36.541666666666664
2020-06-18,15.920833333333334,92.16666666666667,5.325,0.0,79.54166666666667
2020-06-19,16.8875,83.375,6.216666666666666,0.0,65.5
2020-06-20,16.5625,86.75,5.658333333333334,0.0,64.95833333333333
2020-06-21,16.212500000000002,88.20833333333333,5.729166666666667,0.0,61.166666666666664
2020-06-22,16.125,86.04166666666667,5.25,0.0,71.83333333333333
2020-06-23,16.766666666666666,83.54166666666667,5.520833333333333,0.1,49.208333333333336
2020-06-24,16.25,87.70833333333333,6.916666666666667,0.0,65.66666666666667
2020-06-25,16.720833333333335,85.79166666666667,5.004166666666666,0.0,73.5
2020-06-26,17.025000000000002,81.875,5.1875,0.0,33.041666666666664
2020-06-27,15.558333333333332,93.125,5.4125000000000005,0.1,86.33333333333333
2020-06-28,15.950000000000001,90.58333333333333,6.254166666666666,0.0,69.625
2020-06-29,16.054166666666667,90.04166666666667,7.8,0.0,76.33333333333333
2020-06-30,16.016666666666666,90.25,7.8999999999999995,0.0,58.666666666666664
2020-07-01,15.808333333333332,87.625,4.2250000000000005,0.0,83.25
2020-07-02,16.033333333333335,84.83333333333333,4.8,0.1,55.25
2020-07-03,16.141666666666666,87.45833333333333,4.8125,0.0,61.083333333333336
2020-07-04,15.833333333333334,89.45833333333333,6.679166666666667,0.0,83.33333333333333
2020-07-05,15.283333333333333,91.79166666666667,7.716666666666666,0.0,93.58333333333333
2020-07-06,15.4125,90.70833333333333,5.420833333333333,0.0,98.54166666666667
2020-07-07,16.337500000000002,80.33333333333333,7.270833333333333,0.5,33.125
2020-07-08,15.158333333333333,90.875,5.945833333333333,0.0,52.958333333333336
2020-07-09,14.775,88.04166666666667,4.058333333333334,0.0,56.625
2020-07-10,14.620833333333332,86.375,5.925,0.0,55.375
2020-07-11,15.15,87.95833333333333,5.125,0.0,71.54166666666667
2020-07-12,14.804166666666667,88.0,4.7749999999999995,0.0,70.91666666666667
2020-07-13,15.533333333333333,90.0,6.216666666666666,0.0,47.916666666666664
2020-07-14,15.845833333333333,90.0,6.354166666666667,0.0,48.583333333333336
2020-07-15,15.950000000000001,88.5,6.579166666666667,0.0,36.166666666666664
2020-07-16,14.9,93.83333333333333,6.7875000000000005,0.1,91.16666666666667
2020-07-17,15.737499999999999,87.91666666666667,6.329166666666667,0.1,90.5
2020-07-18,15.345833333333333,89.25,6.6125,0.30000000000000004,76.70833333333333
2020-07-19,14.858333333333334,90.33333333333333,7.204166666666667,0.0,98.41666666666667
2020-07-20,15.275,90.625,5.833333333333333,0.0,99.625
2020-07-21,15.65,85.41666666666667,6.7749999999999995,0.0,89.29166666666667
2020-07-22,15.325000000000001,83.75,6.279166666666666,0.0,99.54166666666667
2020-07-23,15.424999999999999,81.375,9.808333333333334,0.0,64.5
2020-07-24,15.233333333333334,76.125,8.579166666666667,0.0,19.583333333333332
2020-07-25,14.9375,84.125,4.091666666666667,0.0,30.708333333333332
2020-07-26,14.5375,87.33333333333333,3.6958333333333333,0.0,71.0
2020-07-27,14.795833333333334,86.29166666666667,5.966666666666666,0.0,53.25
2020-07-28,14.595833333333333,91.0,5.325,0.0,93.375
2020-07-29,14.795833333333334,88.70833333333333,6.2375,0.0,62.333333333333336
2020-07-30,14.783333333333333,91.25,6.4875,0.0,70.0
2020-07-31,15.104166666666666,90.75,5.254166666666666,0.0,77.83333333333333
2020-08-01,15.379166666666668,86.83333333333333,5.641666666666667,0.0,71.79166666666667
2020-08-02,15.416666666666666,89.66666666666667,7.3875,0.0,72.41666666666667
2020-08-03,15.270833333333334,86.33333333333333,5.566666666666666,0.0,69.95833333333333
2020-08-04,15.354166666666666,85.33333333333333,6.125,0.0,48.375
2020-08-05,15.4125,87.95833333333333,6.0625,0.0,64.5
2020-08-06,15.445833333333333,87.16666666666667,4.545833333333333,0.0,55.708333333333336
2020-08-07,15.783333333333333,87.375,5.016666666666667,0.0,44.666666666666664
2020-08-08,16.35,87.33333333333333,6.016666666666667,0.0,33.416666666666664
2020-08-09,15.275,92.79166666666667,6.529166666666666,0.1,94.125
2020-08-10,15.545833333333334,86.83333333333333,6.170833333333333,0.1,69.91666666666667
2020-08-11,15.658333333333333,85.70833333333333,6.579166666666667,0.0,47.958333333333336
2020-08-12,15.75,86.91666666666667,6.070833333333333,0.0,65.58333333333333
2020-08-13,14.920833333333334,87.58333333333333,8.441666666666666,0.0,65.70833333333333
2020-08-14,15.025,85.16666666666667,9.179166666666667,0.0,92.625
2020-08-15,15.216666666666667,83.83333333333333,8.6625,0.0,71.5
2020-08-16,15.591666666666667,79.58333333333333,7.2625,0.0,55.625
2020-08-17,14.779166666666667,87.0,6.866666666666667,0.0,85.375
2020-08-18,15.616666666666667,78.95833333333333,6.929166666666667,0.2,77.70833333333333
2020-08-19,14.558333333333335,82.25,7.825,0.0,29.416666666666668
2020-08-20,14.954166666666666,79.75,7.995833333333334,0.0,11.583333333333334
2020-08-21,14.645833333333334,92.54166666666667,6.208333333333333,0.0,83.04166666666667
2020-08-22,15.441666666666665,92.0,7.0125,0.0,85.95833333333333
2020-08-23,15.820833333333333,85.0,7.929166666666667,0.0,82.70833333333333
2020-08-24,16.1375,85.25,8.558333333333334,0.0,61.708333333333336
2020-08-25,15.995833333333332,88.875,9.183333333333334,0.0,61.041666666666664
2020-08-26,15.441666666666668,87.54166666666667,9.383333333333333,0.0,70.41666666666667
2020-08-27,15.666666666666666,89.125,7.9375,0.1,83.91666666666667
2020-08-28,15.170833333333334,90.5,8.691666666666666,0.7000000000000001,96.66666666666667
2020-08-29,15.079166666666666,89.08333333333333,9.420833333333333,0.30000000000000004,95.125
2020-08-30,14.754166666666668,83.625,6.325,0.0,89.04166666666667
2020-08-31,15.920833333333334,83.5,5.5625,0.0,62.291666666666664
2020-09-01,15.745833333333332,82.41666666666667,8.908333333333333,0.0,63.791666666666664
2020-09-02,14.383333333333333,86.04166666666667,9.887500000000001,0.0,25.208333333333332
2020-09-03,14.458333333333334,82.875,7.170833333333333,0.0,58.375
2020-09-04,14.741666666666667,80.83333333333333,6.066666666666666,0.0,41.625
2020-09-05,14.779166666666667,89.25,8.241666666666667,0.0,76.0
2020-09-06,14.841666666666667,86.41666666666667,6.329166666666667,0.0,78.33333333333333
2020-09-07,14.058333333333332,89.79166666666667,7.895833333333333,0.0,98.0
2020-09-08,14.995833333333332,82.29166666666667,7.733333333333333,0.0,54.75
2020-09-09,14.408333333333333,87.33333333333333,7.908333333333334,0.0,67.70833333333333
2020-09-10,15.316666666666668,82.125,5.395833333333333,0.0,44.958333333333336
2020-09-11,15.887500000000001,79.91666666666667,5.6125,0.0,21.958333333333332
2020-09-12,15.737499999999999,85.75,6.1499999999999995,0.0,62.5
2020-09-13,15.716666666666667,87.66666666666667,7.55,0.0,69.41666666666667
2020-09-14,16.270833333333332,83.79166666666667,6.070833333333333,0.1,76.70833333333333
2020-09-15,16.304166666666667,87.75,7.491666666666667,0.0,85.125
2020-09-16,15.612499999999999,85.5,7.441666666666666,0.0,74.5
2020-09-17,14.854166666666666,92.125,7.0625,0.0,97.20833333333333
2020-09-18,15.379166666666668,85.95833333333333,5.295833333333333,0.0,62.458333333333336
2020-09-19,15.4125,89.54166666666667,6.7,0.0,62.708333333333336
2020-09-20,16.0125,90.83333333333333,7.4875,0.0,69.0
2020-09-21,15.700000000000001,92.75,7.979166666666667,0.0,90.83333333333333
2020-09-22,15.4625,92.5,7.0,0.0,87.875
2020-09-23,16.533333333333335,83.125,6.9624999999999995,0.0,32.708333333333336
2020-09-24,16.375,86.91666666666667,7.570833333333333,0.0,40.5
2020-09-25,15.416666666666666,89.66666666666667,8.6625,0.2,94.91666666666667
2020-09-26,15.825000000000001,83.625,8.991666666666667,0.0,74.91666666666667
2020-09-27,15.983333333333334,82.58333333333333,9.204166666666667,0.0,58.291666666666664
2020-09-28,16.058333333333334,85.54166666666667,7.3,0.0,58.5
2020-09-29,15.775,88.45833333333333,8.170833333333333,0.2,94.5
2020-09-30,15.799999999999999,89.41666666666667,7.258333333333333,0.2,97.625
2020-10-01,16.295833333333334,86.25,8.0375,0.0,62.25
2020-10-02,16.033333333333335,86.0,7.295833333333333,0.0,61.125
2020-10-03,16.1125,85.25,8.7125,0.0,52.416666666666664
2020-10-04,16.224999999999998,80.29166666666667,7.045833333333333,0.0,55.208333333333336
2020-10-05,15.704166666666667,85.54166666666667,6.191666666666666,0.0,85.0
2020-10-06,16.383333333333333,80.20833333333333,6.908333333333334,0.0,48.708333333333336
2020-10-07,16.8875,79.25,6.708333333333333,0.0,24.208333333333332
2020-10-08,16.433333333333334,86.5,6.570833333333333,0.0,50.125
2020-10-09,16.5125,85.875,5.7,0.0,51.166666666666664
2020-10-10,16.662499999999998,82.25,5.908333333333334,0.0,40.916666666666664
2020-10-11,17.258333333333333,83.04166666666667,6.125,0.0,62.125
2020-10-12,17.175,83.0,4.933333333333334,0.0,47.125
2020-10-13,17.670833333333334,82.20833333333333,6.366666666666667,0.0,24.125
2020-10-14,17.195833333333333,85.0,8.141666666666667,0.0,86.16666666666667
2020-10-15,17.241666666666667,81.625,7.383333333333333,0.0,62.083333333333336
2020-10-16,17.658333333333335,85.66666666666667,8.541666666666666,0.0,64.20833333333333
2020-10-17,16.5125,88.20833333333333,7.329166666666667,0.0,64.83333333333333
2020-10-18,16.962500000000002,84.16666666666667,5.8500000000000005,0.0,64.0
2020-10-19,17.329166666666666,79.20833333333333,7.008333333333333,0.0,43.708333333333336
2020-10-20,17.01666666666667,80.66666666666667,6.029166666666666,0.0,41.708333333333336
2020-10-21,17.479166666666668,81.0,6.441666666666666,0.0,40.75
2020-10-22,16.974999999999998,84.33333333333333,6.779166666666666,0.0,72.95833333333333
2020-10-23,17.2,85.375,7.729166666666667,0.0,59.916666666666664
2020-10-24,17.366666666666667,83.58333333333333,6.2875000000000005,0.0,63.791666666666664
2020-10-25,17.183333333333334,83.54166666666667,8.041666666666666,0.0,85.79166666666667
2020-10-26,16.945833333333333,81.25,6.7250000000000005,0.0,59.125
2020-10-27,17.291666666666668,79.54166666666667,6.679166666666667,0.0,36.666666666666664
2020-10-28,17.0125,80.58333333333333,6.5874999999999995,0.0,50.458333333333336
2020-10-29,16.983333333333334,81.79166666666667,7.05,0.0,65.08333333333333
2020-10-30,16.683333333333334,87.41666666666667,7.25,0.0,62.416666666666664
2020-10-31,17.179166666666667,90.125,8.591666666666667,0.0,70.125
2020-11-01,17.575,88.79166666666667,9.6625,0.0,69.08333333333333
2020-11-02,17.083333333333332,85.41666666666667,9.1,0.0,71.625
2020-11-03,16.837500000000002,78.29166666666667,6.5874999999999995,0.0,66.33333333333333
2020-11-04,17.354166666666668,76.125,9.491666666666667,0.0,6.666666666666667
2020-11-05,17.095833333333335,87.95833333333333,8.358333333333333,0.0,55.166666666666664
2020-11-06,16.608333333333334,87.20833333333333,7.320833333333333,0.0,73.58333333333333
2020-11-07,17.220833333333335,80.91666666666667,5.808333333333334,0.0,42.833333333333336
2020-11-08,17.808333333333334,77.70833333333333,7.883333333333333,0.0,23.958333333333332
2020-11-09,17.129166666666666,81.75,8.174999999999999,0.0,29.0
2020-11-10,17.908333333333335,73.58333333333333,6.625,0.0,33.458333333333336
2020-11-11,17.816666666666666,75.66666666666667,6.925,0.0,6.208333333333333
2020-11-12,18.150000000000002,77.95833333333333,7.129166666666666,0.0,29.833333333333332
2020-11-13,17.779166666666665,81.5,8.733333333333333,0.0,20.625
2020-11-14,17.275000000000002,82.58333333333333,9.029166666666667,0.0,35.208333333333336
2020-11-15,17.858333333333334,74.75,8.095833333333333,0.0,14.916666666666666
2020-11-16,17.545833333333334,75.625,8.791666666666666,0.0,5.25
2020-11-17,17.633333333333333,74.20833333333333,10.033333333333333,0.0,5.958333333333333
2020-11-18,17.191666666666666,78.41666666666667,8.0625,0.0,56.666666666666664
2020-11-19,17.458333333333332,75.5,7.795833333333333,0.0,22.416666666666668
2020-11-20,17.695833333333333,81.25,8.875,0.0,48.958333333333336
2020-11-21,16.991666666666667,86.45833333333333,9.158333333333333,0.0,63.583333333333336
2020-11-22,16.9875,83.91666666666667,7.6375,0.0,61.25
2020-11-23,16.995833333333334,82.54166666666667,8.4125,0.0,59.75
2020-11-24,17.25,82.20833333333333,7.8125,0.0,66.83333333333333
2020-11-25,17.720833333333335,77.79166666666667,6.575,0.0,44.125
2020-11-26,18.620833333333334,71.08333333333333,7.658333333333334,0.0,44.583333333333336
2020-11-27,19.337500000000002,73.79166666666667,5.895833333333333,0.0,16.875
2020-11-28,20.1375,75.375,7.816666666666666,0.0,3.5833333333333335
2020-11-29,19.233333333333334,83.91666666666667,7.770833333333333,0.0,21.958333333333332
2020-11-30,18.8875,83.41666666666667,7.358333333333333,0.0,40.458333333333336
2020-12-01,19.566666666666666,80.5,5.945833333333333,0.0,79.16666666666667
2020-12-02,19.5125,81.20833333333333,6.754166666666666,0.0,41.625
2020-12-03,19.583333333333332,81.66666666666667,6.170833333333333,0.0,63.916666666666664
2020-12-04,19.8,77.70833333333333,7.708333333333333,0.0,43.666666666666664
2020-12-05,19.566666666666666,80.375,7.045833333333333,0.0,43.125
2020-12-06,19.091666666666665,85.0,7.104166666666667,0.0,57.291666666666664
2020-12-07,19.258333333333333,79.91666666666667,7.604166666666667,0.0,47.625
2020-12-08,19.570833333333333,73.625,8.1625,0.0,39.75
2020-12-09,18.912499999999998,74.04166666666667,8.5625,0.0,0.7916666666666666
2020-12-10,19.191666666666666,76.41666666666667,6.754166666666666,0.0,2.875
2020-12-11,19.204166666666666,80.375,7.0,0.0,31.458333333333332
2020-12-12,19.795833333333334,78.5,7.604166666666667,0.0,4.833333333333333
2020-12-13,19.604166666666668,84.66666666666667,8.049999999999999,0.0,40.166666666666664
2020-12-14,19.808333333333334,83.29166666666667,8.012500000000001,0.0,12.625
2020-12-15,19.829166666666666,82.70833333333333,7.458333333333333,0.0,40.291666666666664
2020-12-16,19.979166666666668,81.45833333333333,7.0375000000000005,0.0,34.958333333333336
2020-12-17,19.916666666666668,79.5,7.566666666666666,0.0,26.5
2020-12-18,19.995833333333334,81.41666666666667,8.375,0.0,50.625
2020-12-19,19.9875,79.625,7.5625,0.0,60.541666666666664
2020-12-20,20.3625,75.125,7.020833333333333,0.0,12.583333333333334
2020-12-21,20.125,72.625,7.3875,0.0,70.91666666666667
2020-12-22,20.220833333333335,72.66666666666667,7.341666666666666,0.0,59.916666666666664
2020-12-23,20.570833333333333,76.125,6.9375,0.0,54.416666666666664
2020-12-24,20.995833333333334,76.70833333333333,7.329166666666667,0.0,19.208333333333332
2020-12-25,20.558333333333334,79.58333333333333,8.0875,0.0,70.16666666666667
2020-12-26,21.162499999999998,72.08333333333333,8.575000000000001,0.0,66.04166666666667
2020-12-27,21.745833333333334,66.16666666666667,8.170833333333333,0.1,75.125
2020-12-28,22.329166666666666,66.83333333333333,8.083333333333334,0.0,81.875
2020-12-29,22.545833333333334,70.75,9.095833333333333,0.0,66.91666666666667
2020-12-30,21.795833333333334,80.875,7.029166666666666,0.0,74.58333333333333
2020-12-31,21.804166666666664,79.45833333333333,5.658333333333334,0.0,78.79166666666667
2021-01-01,21.920833333333334,78.66666666666667,5.7124999999999995,0.0,52.083333333333336
2021-01-02,22.22083333333333,81.125,4.641666666666667,0.0,20.416666666666668
2021-01-03,22.2375,81.45833333333333,6.854166666666667,0.0,20.708333333333332
2021-01-04,22.433333333333334,74.58333333333333,8.666666666666666,0.0,13.625
2021-01-05,22.104166666666668,77.91666666666667,7.0874999999999995,0.0,7.25
2021-01-06,21.870833333333334,79.54166666666667,6.720833333333334,0.0,1.8333333333333333
2021-01-07,22.004166666666666,79.45833333333333,5.779166666666666,0.0,11.041666666666666
2021-01-08,21.75,78.20833333333333,8.129166666666666,0.0,4.125
2021-01-09,21.233333333333334,79.875,7.458333333333333,0.0,45.5
2021-01-10,21.191666666666666,79.45833333333333,7.095833333333334,0.0,57.833333333333336
2021-01-11,21.216666666666665,77.75,8.891666666666667,0.0,64.375
2021-01-12,21.008333333333333,75.16666666666667,7.566666666666666,0.0,54.791666666666664
2021-01-13,21.020833333333332,73.58333333333333,7.7625,0.0,64.70833333333333
2021-01-14,20.604166666666668,75.375,7.441666666666666,0.0,53.166666666666664
2021-01-15,20.704166666666666,74.66666666666667,6.891666666666667,0.0,71.20833333333333
2021-01-16,21.416666666666668,72.625,5.254166666666666,0.0,71.25
2021-01-17,21.858333333333334,73.5,5.279166666666667,0.0,48.833333333333336
2021-01-18,21.787499999999998,78.04166666666667,6.904166666666666,0.0,41.166666666666664
2021-01-19,21.65833333333333,73.16666666666667,7.408333333333334,0.0,50.208333333333336
2021-01-20,21.474999999999998,74.79166666666667,8.395833333333334,0.0,5.083333333333333
2021-01-21,21.0,79.16666666666667,8.983333333333333,0.0,7.333333333333333
2021-01-22,20.479166666666668,87.08333333333333,7.704166666666667,0.0,36.708333333333336
2021-01-23,20.441666666666666,86.125,8.2125,0.0,43.583333333333336
2021-01-24,20.4875,82.08333333333333,6.716666666666666,0.0,45.666666666666664
2021-01-25,20.845833333333335,79.08333333333333,7.7250000000000005,0.0,20.875
2021-01-26,21.329166666666666,83.0,7.879166666666666,0.0,7.833333333333333
2021-01-27,20.870833333333334,86.75,6.979166666666667,0.0,27.458333333333332
2021-01-28,20.7625,84.45833333333333,6.458333333333333,0.0,50.375
2021-01-29,21.183333333333334,82.75,6.583333333333333,0.0,30.125
2021-01-30,20.57916666666667,82.41666666666667,7.745833333333334,0.0,15.833333333333334
2021-01-31,20.416666666666668,85.16666666666667,7.8999999999999995,0.0,36.583333333333336
2021-02-01,20.670833333333334,82.625,7.258333333333333,0.0,56.541666666666664
2021-02-02,21.47083333333333,70.45833333333333,7.879166666666666,0.0,58.666666666666664
2021-02-03,21.420833333333334,73.70833333333333,8.029166666666667,0.0,75.5
2021-02-04,21.179166666666667,78.0,6.016666666666667,0.0,75.16666666666667
2021-02-05,21.59583333333333,75.29166666666667,6.029166666666666,0.0,63.916666666666664
2021-02-06,22.070833333333336,75.91666666666667,6.5,0.0,69.125
2021-02-07,22.8875,69.54166666666667,6.870833333333334,0.0,31.125
2021-02-08,22.516666666666666,75.91666666666667,6.983333333333333,0.0,48.541666666666664
2021-02-09,22.020833333333332,78.66666666666667,8.533333333333333,0.0,16.833333333333332
2021-02-10,21.683333333333334,80.79166666666667,5.4624999999999995,0.0,38.083333333333336
2021-02-11,22.729166666666668,66.20833333333333,5.879166666666666,0.0,7.416666666666667
2021-02-12,23.258333333333336,64.83333333333333,6.5,0.0,0.041666666666666664
2021-02-13,24.0625,63.458333333333336,7.25,0.0,30.916666666666668
2021-02-14,23.1125,72.04166666666667,6.170833333333333,0.0,26.166666666666668
2021-02-15,22.349999999999998,73.5,7.6000000000000005,0.0,0.041666666666666664
2021-02-16,21.983333333333334,73.16666666666667,7.091666666666666,0.0,1.125
2021-02-17,22.120833333333334,74.70833333333333,7.004166666666666,0.0,5.333333333333333
2021-02-18,22.03333333333333,80.875,6.845833333333334,0.0,11.208333333333334
2021-02-19,20.925,87.875,6.395833333333333,0.0,48.541666666666664
2021-02-20,20.370833333333334,85.25,7.308333333333334,0.0,63.083333333333336
2021-02-21,20.308333333333334,77.75,6.345833333333332,0.0,28.25
2021-02-22,20.5125,72.41666666666667,7.045833333333333,0.0,10.375
2021-02-23,20.662499999999998,69.75,7.441666666666666,0.0,53.416666666666664
2021-02-24,21.254166666666666,68.0,5.5249999999999995,0.0,19.75
2021-02-25,21.333333333333332,76.04166666666667,5.020833333333333,0.0,1.0416666666666667
2021-02-26,22.358333333333334,72.125,4.529166666666667,0.0,25.916666666666668
2021-02-27,22.462500000000002,74.33333333333333,6.533333333333334,0.0,32.041666666666664
2021-02-28,22.445833333333336,78.375,4.795833333333333,0.0,5.041666666666667
2021-03-01,23.104166666666668,75.20833333333333,5.0375000000000005,0.0,0.2916666666666667
2021-03-02,23.058333333333334,77.16666666666667,6.095833333333334,0.0,0.16666666666666666
2021-03-03,23.09583333333333,74.70833333333333,4.841666666666667,0.0,1.0
2021-03-04,22.820833333333336,77.125,6.654166666666666,0.0,24.625
2021-03-05,22.849999999999998,79.58333333333333,6.366666666666666,0.0,34.125
2021-03-06,22.516666666666666,79.54166666666667,7.137499999999999,0.0,0.4166666666666667
2021-03-07,22.270833333333332,82.08333333333333,8.666666666666666,0.0,8.125
2021-03-08,21.729166666666668,82.375,6.7375,0.0,18.291666666666668
2021-03-09,21.454166666666666,81.79166666666667,6.866666666666667,0.0,8.25
2021-03-10,21.991666666666664,80.16666666666667,4.983333333333333,0.0,1.375
2021-03-11,22.650000000000002,77.5,5.645833333333333,0.0,0.2916666666666667
2021-03-12,22.59166666666667,78.04166666666667,5.458333333333333,0.0,3.6666666666666665
2021-03-13,22.6875,78.04166666666667,6.091666666666666,0.0,0.9166666666666666
2021-03-14,22.241666666666664,78.79166666666667,6.833333333333333,0.0,0.7083333333333334
2021-03-15,22.141666666666666,76.25,8.691666666666666,0.0,20.375
2021-03-16,21.766666666666666,81.29166666666667,7.320833333333333,0.0,21.291666666666668
2021-03-17,21.52916666666667,81.66666666666667,7.479166666666667,0.0,39.291666666666664
2021-03-18,21.608333333333334,76.375,7.2375,0.0,80.29166666666667
2021-03-19,21.179166666666667,79.83333333333333,6.175,0.0,58.0
2021-03-20,21.037499999999998,77.04166666666667,8.262500000000001,0.0,17.833333333333332
2021-03-21,20.445833333333333,82.5,6.379166666666666,0.0,62.875
2021-03-22,20.795833333333334,79.41666666666667,7.5,0.0,59.958333333333336
2021-03-23,20.795833333333334,76.54166666666667,6.266666666666667,0.0,51.166666666666664
2021-03-24,20.900000000000002,76.45833333333333,7.083333333333333,0.0,5.125
2021-03-25,20.283333333333335,75.54166666666667,7.508333333333333,0.0,5.958333333333333
2021-03-26,19.966666666666665,79.25,7.270833333333333,0.0,58.541666666666664
2021-03-27,19.791666666666668,79.0,6.741666666666667,0.0,2.7916666666666665
2021-03-28,19.412499999999998,77.70833333333333,6.5,0.0,0.5833333333333334
2021-03-29,19.720833333333335,79.5,6.391666666666667,0.0,32.916666666666664
2021-03-30,19.483333333333334,78.16666666666667,8.291666666666666,0.0,68.33333333333333
2021-03-31,19.349999999999998,79.375,7.141666666666667,0.0,70.33333333333333
2021-04-01,19.8,78.20833333333333,7.283333333333334,0.0,62.875
2021-04-02,19.39166666666667,83.0,8.066666666666666,0.0,21.25
2021-04-03,19.345833333333335,84.45833333333333,6.0874999999999995,0.0,26.375
2021-04-04,20.570833333333333,83.58333333333333,5.6000000000000005,0.0,78.41666666666667
2021-04-05,20.595833333333335,84.66666666666667,6.345833333333334,0.0,37.75
2021-04-06,20.116666666666667,85.79166666666667,6.466666666666666,0.0,21.083333333333332
2021-04-07,19.779166666666665,84.79166666666667,7.254166666666666,0.0,34.958333333333336
2021-04-08,19.454166666666666,86.45833333333333,7.929166666666667,0.0,64.75
2021-04-09,19.116666666666667,83.16666666666667,6.891666666666667,0.0,81.54166666666667
2021-04-10,18.745833333333334,83.625,7.083333333333333,0.0,29.708333333333332
2021-04-11,18.429166666666667,82.0,7.183333333333334,0.0,42.166666666666664
2021-04-12,18.729166666666668,84.375,6.495833333333334,0.0,35.5
2021-04-13,18.5125,89.41666666666667,6.7375,0.0,58.875
2021-04-14,18.633333333333333,86.75,7.233333333333333,0.0,51.833333333333336
2021-04-15,18.883333333333333,80.54166666666667,6.7375,0.0,30.875
2021-04-16,19.458333333333332,76.45833333333333,6.391666666666667,0.0,8.041666666666666
2021-04-17,19.412499999999998,81.54166666666667,5.779166666666666,0.0,5.333333333333333
2021-04-18,19.254166666666666,84.91666666666667,6.145833333333333,0.0,17.458333333333332
2021-04-19,19.6375,81.25,5.429166666666667,0.0,18.083333333333332
2021-04-20,19.579166666666666,83.75,7.629166666666666,0.0,5.708333333333333
2021-04-21,19.608333333333334,82.125,7.75,0.0,10.333333333333334
2021-04-22,19.320833333333333,81.125,7.316666666666666,0.0,33.666666666666664
2021-04-23,19.099999999999998,82.20833333333333,8.174999999999999,0.0,12.0
2021-04-24,18.724999999999998,74.83333333333333,7.425,0.0,2.9166666666666665
2021-04-25,18.741666666666667,78.33333333333333,7.320833333333333,0.0,0.4583333333333333
2021-04-26,19.125,82.29166666666667,6.641666666666667,0.0,7.375
2021-04-27,18.404166666666665,87.29166666666667,6.5625,0.0,71.16666666666667
2021-04-28,18.254166666666666,89.20833333333333,6.629166666666666,0.0,34.5
2021-04-29,18.316666666666666,82.54166666666667,7.108333333333333,0.0,9.458333333333334
2021-04-30,18.587500000000002,85.33333333333333,6.833333333333333,0.0,21.416666666666668
2021-05-01,18.175,89.125,6.8500000000000005,0.0,80.625
2021-05-02,17.349999999999998,92.33333333333333,6.3125,0.0,84.79166666666667
2021-05-03,18.037499999999998,87.29166666666667,5.945833333333333,0.0,79.75
2021-05-04,18.704166666666666,87.0,5.866666666666667,0.0,62.291666666666664
2021-05-05,18.233333333333334,90.54166666666667,6.508333333333333,0.0,60.0
2021-05-06,17.633333333333333,89.79166666666667,5.029166666666667,0.1,72.25
2021-05-07,18.075,79.25,5.545833333333333,0.0,28.791666666666668
2021-05-08,17.8125,82.375,7.2375,0.0,35.5
2021-05-09,17.858333333333334,82.66666666666667,7.258333333333333,0.0,4.208333333333333
2021-05-10,17.508333333333333,87.33333333333333,7.945833333333333,0.0,36.083333333333336
2021-05-11,17.9875,86.83333333333333,5.5125,0.1,86.58333333333333
2021-05-12,18.087500000000002,88.33333333333333,6.495833333333334,0.0,51.875
2021-05-13,18.575,85.45833333333333,5.9750000000000005,0.0,17.916666666666668
2021-05-14,17.829166666666666,90.91666666666667,6.2749999999999995,0.0,59.75
2021-05-15,18.087500000000002,88.625,6.133333333333333,0.0,37.416666666666664
2021-05-16,17.420833333333334,93.08333333333333,6.0625,0.2,80.875
2021-05-17,17.533333333333335,89.58333333333333,5.3,0.0,79.95833333333333
2021-05-18,17.900000000000002,84.83333333333333,6.2749999999999995,0.0,48.833333333333336
2021-05-19,17.533333333333335,88.70833333333333,7.645833333333333,0.0,30.458333333333332
2021-05-20,17.212500000000002,88.91666666666667,7.516666666666667,0.0,60.708333333333336
2021-05-21,16.708333333333332,86.625,8.2375,0.0,39.041666666666664
2021-05-22,16.454166666666666,87.66666666666667,5.295833333333333,0.0,69.125
2021-05-23,16.533333333333335,85.58333333333333,4.766666666666667,0.0,80.95833333333333
2021-05-24,16.2625,88.66666666666667,5.625,0.0,92.41666666666667
2021-05-25,17.129166666666666,90.45833333333333,6.104166666666667,0.0,76.41666666666667
2021-05-26,18.900000000000002,81.54166666666667,5.220833333333333,0.0,69.16666666666667
2021-05-27,18.916666666666668,83.0,4.7875000000000005,0.4,79.75
2021-05-28,18.683333333333334,78.95833333333333,5.754166666666666,0.0,44.125
2021-05-29,17.445833333333333,91.83333333333333,6.7,0.0,73.54166666666667
2021-05-30,17.508333333333333,90.375,6.833333333333333,0.0,87.0
2021-05-31,16.358333333333334,95.04166666666667,5.954166666666667,0.2,99.41666666666667
2021-06-01,16.445833333333333,91.33333333333333,5.854166666666667,0.0,89.875
2021-06-02,16.204166666666666,89.625,4.304166666666666,0.0,95.20833333333333
2021-06-03,16.925,85.875,4.716666666666667,0.0,76.83333333333333
2021-06-04,17.6375,80.25,4.683333333333334,0.0,65.875
2021-06-05,17.454166666666666,88.375,6.095833333333334,0.0,42.75
2021-06-06,16.425,92.29166666666667,7.016666666666667,0.0,80.29166666666667
2021-06-07,16.033333333333335,93.0,5.7875000000000005,0.1,97.125
2021-06-08,16.1875,92.5,6.1625000000000005,0.0,94.45833333333333
2021-06-09,16.2,88.45833333333333,6.304166666666667,0.0,88.75
2021-06-10,15.4,91.125,6.454166666666667,0.0,87.83333333333333
2021-06-11,15.379166666666668,90.5,4.545833333333333,0.0,88.33333333333333
2021-06-12,15.975000000000001,82.5,5.420833333333333,0.0,40.875
2021-06-13,15.741666666666667,89.41666666666667,5.645833333333333,0.0,70.625
2021-06-14,16.854166666666668,88.0,5.420833333333333,0.0,64.16666666666667
2021-06-15,16.650000000000002,84.58333333333333,5.8,0.0,45.916666666666664
2021-06-16,16.741666666666667,89.25,7.0375000000000005,0.0,18.458333333333332
2021-06-17,16.570833333333333,93.54166666666667,7.3,0.0,86.70833333333333
2021-06-18,17.075,87.625,7.191666666666666,0.0,61.416666666666664
2021-06-19,16.179166666666667,91.79166666666667,7.6125,0.0,93.41666666666667
2021-06-20,16.591666666666665,85.45833333333333,7.3125,0.0,99.41666666666667
2021-06-21,16.3,86.20833333333333,8.470833333333333,0.0,96.75
2021-06-22,16.204166666666666,87.41666666666667,5.179166666666666,0.0,96.79166666666667
2021-06-23,16.808333333333334,85.375,7.158333333333334,0.2,78.95833333333333
2021-06-24,15.495833333333332,86.95833333333333,7.641666666666667,0.0,45.041666666666664
2021-06-25,15.641666666666666,80.25,6.729166666666667,0.0,53.75
2021-06-26,15.762500000000001,81.375,7.116666666666667,0.0,25.333333333333332
2021-06-27,15.966666666666667,82.04166666666667,6.4750000000000005,0.0,63.916666666666664
2021-06-28,15.075000000000001,89.29166666666667,6.033333333333334,0.0,48.541666666666664
2021-06-29,14.487499999999999,92.95833333333333,4.908333333333333,0.2,78.08333333333333
2021-06-30,14.9,93.41666666666667,5.729166666666667,0.1,99.41666666666667
2021-07-01,15.1875,87.625,5.4875,0.0,87.08333333333333
2021-07-02,15.424999999999999,87.91666666666667,6.05,0.0,56.791666666666664
2021-07-03,15.725,88.16666666666667,5.054166666666666,0.0,50.5
2021-07-04,15.783333333333333,85.66666666666667,5.033333333333333,0.0,52.833333333333336
2021-07-05,15.470833333333333,89.16666666666667,4.608333333333333,0.0,71.0
2021-07-06,15.504166666666668,86.16666666666667,7.75,0.0,63.75
2021-07-07,15.466666666666667,90.33333333333333,5.233333333333333,0.0,99.375
2021-07-08,16.333333333333332,82.70833333333333,6.879166666666666,0.0,54.708333333333336
2021-07-09,16.258333333333333,84.66666666666667,7.495833333333334,0.0,29.833333333333332
2021-07-10,15.4,89.25,5.945833333333333,0.0,63.166666666666664
2021-07-11,15.858333333333334,85.16666666666667,4.7375,0.0,42.208333333333336
2021-07-12,16.70416666666667,86.95833333333333,5.833333333333333,0.0,48.833333333333336
2021-07-13,16.504166666666666,89.33333333333333,7.045833333333333,0.0,56.666666666666664
2021-07-14,15.429166666666667,88.91666666666667,9.704166666666667,0.0,96.95833333333333
2021-07-15,14.916666666666666,88.75,8.566666666666666,0.0,100.0
2021-07-16,14.904166666666667,84.79166666666667,8.0,0.0,93.45833333333333
2021-07-17,14.720833333333333,89.08333333333333,6.779166666666666,0.0,94.70833333333333
2021-07-18,14.700000000000001,92.875,6.479166666666667,0.0,79.70833333333333
2021-07-19,15.129166666666668,91.5,6.445833333333333,0.0,69.83333333333333
2021-07-20,16.408333333333335,88.75,6.4125000000000005,0.0,69.04166666666667
2021-07-21,15.158333333333333,93.66666666666667,4.675,0.0,72.41666666666667
2021-07-22,15.233333333333334,90.5,5.2375,0.0,63.541666666666664
2021-07-23,15.345833333333333,87.83333333333333,6.0,0.0,66.91666666666667
2021-07-24,15.7125,86.41666666666667,6.683333333333334,0.0,68.29166666666667
2021-07-25,15.441666666666668,87.875,7.7124999999999995,0.0,92.375
2021-07-26,15.191666666666668,85.83333333333333,10.0875,0.0,78.04166666666667
2021-07-27,14.725,87.29166666666667,8.233333333333333,0.0,63.333333333333336
2021-07-28,15.041666666666666,89.875,5.866666666666667,0.0,42.0
2021-07-29,14.1875,94.45833333333333,4.108333333333333,0.0,98.375
2021-07-30,15.112499999999999,90.33333333333333,4.758333333333334,0.1,97.75
2021-07-31,16.05,86.625,7.1875,0.0,57.875
2021-08-01,15.695833333333333,93.875,7.3999999999999995,0.0,98.125
2021-08-02,15.670833333333334,93.5,6.9375,0.0,96.08333333333333
2021-08-03,16.462500000000002,92.375,8.25,0.0,62.583333333333336
2021-08-04,16.529166666666665,92.70833333333333,7.883333333333333,0.0,58.625
2021-08-05,15.083333333333334,94.54166666666667,7.808333333333334,0.1,98.91666666666667
2021-08-06,14.404166666666667,91.54166666666667,6.904166666666666,0.0,96.04166666666667
2021-08-07,14.9125,86.54166666666667,8.3125,0.0,58.875
2021-08-08,14.495833333333332,87.25,9.233333333333333,0.0,69.375
2021-08-09,14.479166666666666,89.70833333333333,6.9624999999999995,0.30000000000000004,92.33333333333333
2021-08-10,14.787500000000001,87.45833333333333,7.079166666666667,0.1,99.66666666666667
2021-08-11,14.791666666666666,87.70833333333333,6.579166666666667,0.0,80.04166666666667
2021-08-12,15.329166666666666,85.5,7.7250000000000005,0.0,49.166666666666664
2021-08-13,15.191666666666668,85.79166666666667,8.275,0.0,33.0
2021-08-14,15.075000000000001,87.45833333333333,7.504166666666666,0.0,88.79166666666667
2021-08-15,15.104166666666666,83.83333333333333,8.862499999999999,0.0,58.958333333333336
2021-08-16,14.695833333333333,89.95833333333333,9.079166666666667,0.0,87.16666666666667
2021-08-17,14.487499999999999,88.375,6.316666666666666,0.1,94.0
2021-08-18,15.541666666666666,80.29166666666667,5.608333333333333,0.0,35.375
2021-08-19,15.445833333333333,85.625,6.654166666666666,0.0,43.5
2021-08-20,15.104166666666666,87.41666666666667,5.329166666666667,0.0,51.083333333333336
2021-08-21,15.666666666666666,83.375,4.5125,0.0,51.708333333333336
2021-08-22,15.754166666666668,84.625,6.283333333333334,0.0,46.375
2021-08-23,15.470833333333333,86.58333333333333,6.558333333333334,0.0,94.70833333333333
2021-08-24,15.6,81.33333333333333,7.425,0.1,92.83333333333333
2021-08-25,15.791666666666666,72.08333333333333,11.095833333333333,0.0,28.333333333333332
2021-08-26,14.512500000000001,82.875,5.708333333333333,0.2,52.541666666666664
2021-08-27,14.666666666666666,80.91666666666667,5.866666666666667,0.0,36.791666666666664
2021-08-28,14.466666666666667,89.20833333333333,9.441666666666666,0.0,67.58333333333333
2021-08-29,15.225,90.0,8.049999999999999,0.0,60.166666666666664
2021-08-30,15.625,91.25,8.245833333333334,0.0,71.0
2021-08-31,14.625,92.25,5.554166666666667,0.0,99.875
2021-09-01,15.679166666666667,84.33333333333333,6.570833333333333,0.0,81.625
2021-09-02,15.35,86.20833333333333,7.454166666666667,0.0,76.83333333333333
2021-09-03,15.570833333333333,85.20833333333333,8.4,0.0,89.875
2021-09-04,15.0875,90.75,9.241666666666667,0.0,93.91666666666667
2021-09-05,15.345833333333333,84.08333333333333,6.920833333333333,0.0,91.375
2021-09-06,15.391666666666666,81.5,8.270833333333334,0.0,62.541666666666664
2021-09-07,15.416666666666666,80.5,9.970833333333333,0.0,69.75
2021-09-08,14.516666666666666,84.33333333333333,8.358333333333333,0.0,62.75
2021-09-09,14.737499999999999,83.20833333333333,6.679166666666667,0.0,43.791666666666664
2021-09-10,15.304166666666667,90.20833333333333,7.466666666666666,0.0,63.333333333333336
2021-09-11,15.200000000000001,89.41666666666667,6.583333333333333,0.0,99.04166666666667
2021-09-12,15.137500000000001,87.33333333333333,9.616666666666667,0.0,92.66666666666667
2021-09-13,15.15,86.625,8.016666666666667,0.0,99.04166666666667
2021-09-14,15.470833333333333,83.08333333333333,7.679166666666667,0.0,81.58333333333333
2021-09-15,15.445833333333333,83.08333333333333,8.941666666666666,0.0,69.04166666666667
2021-09-16,14.645833333333334,87.83333333333333,8.870833333333334,0.0,84.41666666666667
2021-09-17,14.725000000000001,89.08333333333333,8.575000000000001,0.0,80.95833333333333
2021-09-18,14.799999999999999,87.375,7.041666666666667,0.0,74.625
2021-09-19,15.429166666666667,84.29166666666667,7.4624999999999995,0.0,61.375
2021-09-20,14.908333333333333,86.41666666666667,7.1875,0.0,95.20833333333333
2021-09-21,15.887500000000001,81.70833333333333,8.295833333333333,0.0,67.20833333333333
2021-09-22,15.225,85.41666666666667,9.4125,0.0,95.5
2021-09-23,15.012500000000001,84.41666666666667,7.108333333333333,0.0,71.625
2021-09-24,15.6,84.91666666666667,5.929166666666667,0.0,34.125
2021-09-25,15.987499999999999,87.75,7.295833333333333,0.0,28.125
2021-09-26,15.754166666666668,84.54166666666667,7.308333333333334,0.0,53.791666666666664
2021-09-27,16.025000000000002,83.75,5.420833333333333,0.0,53.125
2021-09-28,16.241666666666667,82.79166666666667,5.691666666666666,0.0,39.625
2021-09-29,15.725,89.75,4.979166666666667,0.0,61.083333333333336
2021-09-30,16.520833333333332,86.75,6.745833333333334,0.0,34.0
2021-10-01,15.6625,90.66666666666667,7.683333333333334,0.0,75.70833333333333
2021-10-02,15.466666666666667,88.5,9.066666666666666,0.30000000000000004,99.5
2021-10-03,15.424999999999999,85.5,8.420833333333333,0.0,84.875
2021-10-04,15.279166666666667,77.33333333333333,6.6375,0.0,59.625
2021-10-05,15.637500000000001,81.20833333333333,6.716666666666666,0.0,77.04166666666667
2021-10-06,15.958333333333334,86.70833333333333,6.295833333333333,0.0,74.08333333333333
2021-10-07,16.345833333333335,87.45833333333333,6.958333333333333,0.0,67.20833333333333
2021-10-08,16.375,86.54166666666667,10.020833333333334,0.0,83.125
2021-10-09,16.05,86.70833333333333,7.866666666666667,0.0,84.54166666666667
2021-10-10,16.195833333333333,87.33333333333333,9.1875,0.0,63.75
2021-10-11,16.079166666666666,85.54166666666667,6.7875000000000005,0.0,80.33333333333333
2021-10-12,16.070833333333333,82.29166666666667,7.829166666666667,0.0,83.58333333333333
2021-10-13,15.845833333333333,83.29166666666667,10.870833333333332,0.0,72.58333333333333
2021-10-14,15.758333333333333,79.29166666666667,9.345833333333333,0.2,69.41666666666667
2021-10-15,15.695833333333333,75.66666666666667,7.333333333333333,0.0,28.0
2021-10-16,15.616666666666667,83.70833333333333,8.674999999999999,0.0,17.041666666666668
2021-10-17,15.183333333333332,85.79166666666667,9.158333333333333,0.0,60.125
2021-10-18,15.208333333333334,84.875,7.6875,0.0,91.125
2021-10-19,15.433333333333332,86.04166666666667,7.325,0.0,60.5
2021-10-20,15.674999999999999,86.95833333333333,9.379166666666666,0.0,64.91666666666667
2021-10-21,15.333333333333334,88.91666666666667,8.525,0.30000000000000004,89.5
2021-10-22,15.570833333333333,83.08333333333333,8.066666666666666,0.0,55.958333333333336
2021-10-23,15.916666666666666,80.0,9.770833333333334,0.0,27.041666666666668
2021-10-24,15.579166666666666,75.83333333333333,8.070833333333333,0.0,11.875
2021-10-25,15.924999999999999,76.20833333333333,6.5625,0.0,7.708333333333333
2021-10-26,16.658333333333335,81.08333333333333,7.3500000000000005,0.0,8.791666666666666
2021-10-27,17.116666666666667,86.25,7.991666666666667,0.0,31.125
2021-10-28,17.075,87.95833333333333,8.783333333333333,0.0,57.791666666666664
2021-10-29,16.383333333333333,89.0,8.608333333333333,0.30000000000000004,82.375
2021-10-30,16.341666666666665,90.33333333333333,8.366666666666667,0.30000000000000004,95.5
2021-10-31,16.820833333333333,85.20833333333333,7.245833333333334,0.1,38.083333333333336
2021-11-01,17.5125,84.0,8.545833333333333,0.0,13.583333333333334
2021-11-02,16.8125,87.54166666666667,8.616666666666667,0.0,57.5
2021-11-03,16.787499999999998,85.45833333333333,8.008333333333333,0.0,44.083333333333336
2021-11-04,17.25,80.16666666666667,7.670833333333333,0.0,28.625
2021-11-05,17.1375,81.0,7.566666666666666,0.0,30.625
2021-11-06,17.004166666666666,84.08333333333333,8.895833333333334,0.0,13.75
2021-11-07,16.7625,84.5,8.404166666666667,0.0,25.375
2021-11-08,16.904166666666665,81.0,6.433333333333334,0.0,56.291666666666664
2021-11-09,17.295833333333334,78.625,7.5,0.0,84.625
2021-11-10,16.8625,81.33333333333333,8.445833333333333,0.0,77.66666666666667
2021-11-11,16.704166666666666,84.0,7.9125000000000005,0.0,75.79166666666667
2021-11-12,16.925,82.83333333333333,9.170833333333333,0.0,95.58333333333333
2021-11-13,17.325,80.20833333333333,8.808333333333334,0.0,81.54166666666667
2021-11-14,17.470833333333335,74.375,6.2875000000000005,0.0,61.708333333333336
2021-11-15,18.025000000000002,74.45833333333333,6.6625000000000005,0.0,55.5
2021-11-16,17.416666666666668,76.91666666666667,7.054166666666667,0.0,51.791666666666664
2021-11-17,17.391666666666666,75.75,6.641666666666667,0.0,54.666666666666664
2021-11-18,17.3625,79.95833333333333,7.183333333333334,0.0,44.708333333333336
2021-11-19,17.6375,80.20833333333333,7.833333333333333,0.0,61.666666666666664
2021-11-20,17.091666666666665,86.70833333333333,8.629166666666666,0.0,67.08333333333333
2021-11-21,17.220833333333335,89.125,9.275,0.1,91.83333333333333
2021-11-22,16.933333333333334,81.25,7.529166666666666,0.0,83.95833333333333
2021-11-23,17.099999999999998,77.25,6.866666666666667,0.0,92.08333333333333
2021-11-24,17.8,75.70833333333333,8.408333333333333,0.0,63.875
2021-11-25,18.008333333333333,76.45833333333333,7.729166666666667,0.0,48.5
2021-11-26,18.504166666666666,76.125,6.575,0.0,96.45833333333333
2021-11-27,18.458333333333332,79.54166666666667,8.991666666666667,0.0,44.791666666666664
2021-11-28,18.625,75.75,7.966666666666666,0.0,58.5
2021-11-29,18.379166666666666,79.54166666666667,6.6000000000000005,0.0,35.958333333333336
2021-11-30,18.5625,78.91666666666667,6.441666666666666,0.0,68.91666666666667
2021-12-01,18.208333333333332,80.58333333333333,7.354166666666667,0.0,39.333333333333336
2021-12-02,18.595833333333335,81.41666666666667,7.408333333333334,0.0,61.5
2021-12-03,18.708333333333332,81.83333333333333,7.933333333333334,0.0,70.875
2021-12-04,18.349999999999998,86.66666666666667,8.595833333333333,0.0,62.208333333333336
2021-12-05,18.675,82.75,6.545833333333333,0.0,96.25
2021-12-06,19.075,79.0,6.870833333333334,0.0,90.04166666666667
2021-12-07,19.145833333333332,81.20833333333333,8.091666666666667,0.0,73.54166666666667
2021-12-08,18.712500000000002,81.375,8.700000000000001,0.0,77.58333333333333
2021-12-09,18.683333333333334,73.70833333333333,5.3999999999999995,0.0,70.95833333333333
2021-12-10,19.191666666666666,77.83333333333333,6.625,0.0,75.04166666666667
2021-12-11,19.383333333333333,77.91666666666667,9.708333333333334,0.0,32.541666666666664
2021-12-12,19.462500000000002,79.0,8.487499999999999,0.0,27.708333333333332
2021-12-13,19.675,80.625,7.991666666666667,0.0,75.04166666666667
2021-12-14,19.858333333333334,82.375,9.179166666666667,0.0,31.166666666666668
2021-12-15,19.325,84.91666666666667,9.779166666666667,0.0,68.625
2021-12-16,18.9875,80.25,9.633333333333333,0.0,42.458333333333336
2021-12-17,18.675,79.66666666666667,8.720833333333333,0.0,87.95833333333333
2021-12-18,18.758333333333333,78.29166666666667,7.154166666666666,0.0,53.625
2021-12-19,19.554166666666667,76.58333333333333,6.758333333333333,0.6,89.08333333333333
2021-12-20,19.625,79.33333333333333,5.608333333333333,0.6,93.41666666666667
2021-12-21,20.120833333333334,78.83333333333333,5.6625000000000005,0.0,54.833333333333336
2021-12-22,20.7,77.41666666666667,5.520833333333333,0.0,74.20833333333333
2021-12-23,21.59166666666667,78.125,5.2749999999999995,0.1,58.625
2021-12-24,21.695833333333336,81.83333333333333,5.479166666666667,0.5,58.875
2021-12-25,21.770833333333332,84.66666666666667,6.408333333333334,0.4,81.29166666666667
2021-12-26,21.666666666666668,83.75,8.012500000000001,0.0,59.208333333333336
2021-12-27,21.316666666666666,84.83333333333333,7.9875,0.0,37.333333333333336
2021-12-28,20.604166666666668,79.5,8.2875,0.0,25.041666666666668
2021-12-29,20.212500000000002,70.66666666666667,7.958333333333333,0.0,3.4583333333333335
2021-12-30,20.25,71.75,7.858333333333333,0.0,0.75
2021-12-31,20.287499999999998,76.0,8.3125,0.0,3.0416666666666665
2022-01-01,20.5,77.79166666666667,7.595833333333334,0.0,2.9166666666666665
2022-01-02,21.216666666666665,75.45833333333333,6.920833333333333,0.0,0.5416666666666666
2022-01-03,21.32916666666667,73.41666666666667,8.2875,0.0,0.0
2022-01-04,20.904166666666665,74.95833333333333,6.929166666666667,0.0,0.6666666666666666
2022-01-05,21.158333333333335,77.45833333333333,6.908333333333334,0.0,4.833333333333333
2022-01-06,21.091666666666665,76.79166666666667,8.333333333333334,0.0,17.75
2022-01-07,21.145833333333332,81.25,8.245833333333334,0.0,49.166666666666664
2022-01-08,21.329166666666666,80.625,7.141666666666667,0.0,68.5
2022-01-09,21.729166666666668,75.20833333333333,6.075,0.0,47.666666666666664
2022-01-10,22.1875,74.04166666666667,7.7,0.0,63.708333333333336
2022-01-11,21.708333333333332,82.58333333333333,7.5125,0.0,79.91666666666667
2022-01-12,21.233333333333334,81.5,7.1125,0.0,70.75
2022-01-13,21.087500000000002,77.58333333333333,8.15,0.0,17.791666666666668
2022-01-14,21.116666666666667,73.25,5.183333333333333,0.5,67.70833333333333
2022-01-15,21.916666666666668,74.58333333333333,6.958333333333333,0.0,4.916666666666667
2022-01-16,22.141666666666666,74.75,6.9375,0.0,5.666666666666667
2022-01-17,21.40416666666667,78.41666666666667,9.137500000000001,0.0,41.333333333333336
2022-01-18,21.2375,75.25,8.591666666666667,0.0,1.0416666666666667
2022-01-19,20.808333333333334,77.29166666666667,8.233333333333333,0.0,64.75
2022-01-20,20.7625,78.08333333333333,8.424999999999999,0.0,57.125
2022-01-21,21.087500000000002,76.70833333333333,7.770833333333333,0.0,68.125
2022-01-22,20.5625,78.33333333333333,7.816666666666666,0.0,35.791666666666664
2022-01-23,20.516666666666666,78.79166666666667,6.820833333333333,0.0,80.75
2022-01-24,20.066666666666666,83.25,7.625,0.0,27.791666666666668
2022-01-25,20.349999999999998,79.25,5.9875,0.0,58.5
2022-01-26,19.979166666666668,75.83333333333333,6.6375,0.0,35.5
2022-01-27,20.520833333333332,71.75,7.4750000000000005,0.0,84.41666666666667
2022-01-28,19.875,74.33333333333333,6.108333333333333,0.1,73.20833333333333
2022-01-29,20.441666666666666,79.29166666666667,5.504166666666666,0.0,16.833333333333332
2022-01-30,20.9875,72.20833333333333,6.720833333333334,0.0,1.9166666666666667
2022-01-31,20.958333333333332,69.58333333333333,7.433333333333334,0.0,0.0
2022-02-01,20.841666666666665,74.29166666666667,8.070833333333333,0.0,0.16666666666666666
2022-02-02,20.266666666666666,81.625,8.495833333333334,0.0,4.458333333333333
2022-02-03,19.9375,85.08333333333333,7.7124999999999995,0.0,2.6666666666666665
2022-02-04,20.016666666666666,86.875,8.104166666666666,0.0,15.416666666666666
2022-02-05,19.720833333333335,85.45833333333333,7.166666666666667,0.0,13.833333333333334
2022-02-06,19.570833333333333,83.54166666666667,6.8125,0.0,65.29166666666667
2022-02-07,19.504166666666666,86.79166666666667,6.9750000000000005,0.0,46.0
2022-02-08,19.599999999999998,84.20833333333333,7.308333333333334,0.0,24.541666666666668
2022-02-09,19.8125,77.95833333333333,6.641666666666667,0.0,4.208333333333333
2022-02-10,20.4875,73.75,6.7375,0.0,1.5833333333333333
2022-02-11,20.816666666666666,73.33333333333333,8.137500000000001,0.0,0.0
2022-02-12,20.425,79.70833333333333,7.954166666666667,0.0,9.791666666666666
2022-02-13,20.679166666666667,77.70833333333333,7.983333333333333,0.0,33.25
2022-02-14,20.7625,79.25,8.066666666666666,0.0,47.333333333333336
2022-02-15,21.045833333333334,75.5,7.141666666666667,0.0,14.666666666666666
2022-02-16,20.925,73.16666666666667,7.608333333333333,0.0,6.708333333333333
2022-02-17,20.854166666666668,76.70833333333333,6.554166666666667,0.1,85.83333333333333
2022-02-18,21.8,72.20833333333333,5.4125000000000005,0.0,29.666666666666668
2022-02-19,22.2,72.66666666666667,5.291666666666667,0.0,21.5
2022-02-20,22.633333333333336,75.625,6.708333333333333,0.0,0.0
2022-02-21,22.125,79.25,6.2749999999999995,0.0,1.9166666666666667
2022-02-22,22.175,75.625,5.2375,0.0,63.25
2022-02-23,22.083333333333332,71.66666666666667,8.041666666666666,0.0,30.958333333333332
2022-02-24,21.179166666666667,76.70833333333333,8.766666666666667,0.0,70.5
2022-02-25,21.59166666666667,74.625,7.441666666666666,0.0,60.541666666666664
2022-02-26,21.691666666666666,71.95833333333333,8.495833333333334,0.0,68.08333333333333
2022-02-27,21.59166666666667,74.75,8.375,0.0,58.458333333333336
2022-02-28,21.233333333333334,77.125,5.308333333333334,0.0,72.25
2022-03-01,21.766666666666666,73.75,6.070833333333333,0.0,54.916666666666664
2022-03-02,21.625,73.625,6.666666666666667,0.0,47.5
2022-03-03,22.991666666666664,70.33333333333333,7.108333333333333,0.0,54.458333333333336
2022-03-04,23.883333333333336,70.70833333333333,5.666666666666667,0.0,64.54166666666667
2022-03-05,23.141666666666666,77.66666666666667,6.8999999999999995,0.0,12.125
2022-03-06,21.9875,82.08333333333333,6.508333333333333,0.0,50.25
2022-03-07,22.004166666666666,80.83333333333333,5.216666666666667,0.0,50.375
2022-03-08,22.583333333333332,72.58333333333333,7.2250000000000005,0.0,68.0
2022-03-09,21.954166666666666,79.125,8.104166666666666,0.0,38.625
2022-03-10,21.808333333333334,80.95833333333333,7.7625,0.0,20.375
2022-03-11,21.333333333333332,84.125,7.3875,0.0,32.291666666666664
2022-03-12,21.570833333333336,81.875,6.575,0.0,6.541666666666667
2022-03-13,21.25,82.875,6.216666666666666,0.0,6.666666666666667
2022-03-14,21.474999999999998,81.83333333333333,8.200000000000001,0.0,0.5833333333333334
2022-03-15,21.941666666666666,78.66666666666667,7.870833333333334,0.0,8.0
2022-03-16,21.099999999999998,88.625,5.729166666666667,0.0,42.125
2022-03-17,20.616666666666667,90.125,6.329166666666667,0.0,51.916666666666664
2022-03-18,19.75,93.125,6.570833333333333,0.0,64.33333333333333
2022-03-19,19.170833333333334,90.08333333333333,7.195833333333333,0.0,66.20833333333333
2022-03-20,19.404166666666665,81.125,7.3125,0.0,51.833333333333336
2022-03-21,19.370833333333334,83.66666666666667,7.75,0.0,34.416666666666664
2022-03-22,18.8875,84.91666666666667,8.320833333333333,0.0,21.625
2022-03-23,18.495833333333334,80.625,8.6375,0.0,3.5416666666666665
2022-03-24,18.5125,78.625,8.125,0.0,0.16666666666666666
2022-03-25,18.754166666666666,79.08333333333333,6.7124999999999995,0.0,0.75
2022-03-26,19.095833333333335,81.25,7.2625,0.0,2.9166666666666665
2022-03-27,18.433333333333334,87.25,7.6125,0.0,6.041666666666667
2022-03-28,18.158333333333335,87.45833333333333,7.279166666666666,0.0,43.375
2022-03-29,18.033333333333335,85.33333333333333,8.466666666666667,0.0,4.125
2022-03-30,18.05,81.79166666666667,7.3875,0.0,7.875
2022-03-31,18.270833333333332,80.45833333333333,6.408333333333334,0.0,5.541666666666667
2022-04-01,18.175,81.08333333333333,5.6625000000000005,0.0,5.291666666666667
2022-04-02,19.175,77.20833333333333,5.3625,0.0,16.875
2022-04-03,18.933333333333334,83.66666666666667,6.720833333333334,0.0,1.4583333333333333
2022-04-04,18.116666666666667,88.79166666666667,6.5,0.0,20.625
2022-04-05,17.3125,94.875,5.033333333333333,0.0,80.04166666666667
2022-04-06,18.75,79.95833333333333,5.733333333333333,0.0,51.458333333333336
2022-04-07,18.558333333333334,86.04166666666667,4.883333333333334,0.0,34.791666666666664
2022-04-08,18.3125,88.83333333333333,5.483333333333333,0.0,66.41666666666667
2022-04-09,17.891666666666666,88.79166666666667,8.608333333333333,0.0,64.58333333333333
2022-04-10,17.470833333333335,82.79166666666667,6.9375,0.0,64.25
2022-04-11,17.533333333333335,78.79166666666667,7.345833333333334,0.0,24.416666666666668
2022-04-12,17.545833333333334,79.58333333333333,7.833333333333333,0.0,6.458333333333333
2022-04-13,17.3875,83.41666666666667,7.679166666666667,0.0,23.416666666666668
2022-04-14,17.7375,77.79166666666667,7.133333333333333,0.0,36.625
2022-04-15,17.462500000000002,76.41666666666667,8.075000000000001,0.0,11.958333333333334
2022-04-16,17.129166666666666,79.125,8.6,0.0,20.833333333333332
2022-04-17,16.920833333333334,81.125,7.408333333333334,0.0,18.583333333333332
2022-04-18,17.7875,82.125,6.754166666666666,0.0,17.625
2022-04-19,18.304166666666667,81.79166666666667,8.625,0.0,23.666666666666668
2022-04-20,18.320833333333333,87.33333333333333,8.895833333333334,0.0,16.083333333333332
2022-04-21,17.945833333333333,90.33333333333333,7.570833333333333,0.0,47.5
2022-04-22,18.712500000000002,82.375,8.424999999999999,0.0,36.25
2022-04-23,18.170833333333334,85.20833333333333,6.329166666666667,0.0,37.416666666666664
2022-04-24,17.9875,88.25,7.370833333333334,0.0,13.75
2022-04-25,18.033333333333335,90.875,7.3374999999999995,0.0,91.5
2022-04-26,18.1375,87.54166666666667,7.595833333333334,0.0,99.70833333333333
2022-04-27,17.429166666666667,87.33333333333333,7.879166666666666,0.0,69.58333333333333
2022-04-28,17.258333333333333,78.625,6.083333333333333,0.0,88.0
2022-04-29,17.479166666666668,79.83333333333333,6.4624999999999995,0.0,24.375
2022-04-30,17.154166666666665,87.58333333333333,6.683333333333334,0.0,45.208333333333336
2022-05-01,16.704166666666666,86.79166666666667,7.029166666666666,0.0,50.708333333333336
2022-05-02,16.633333333333333,82.83333333333333,7.270833333333333,0.0,20.625
2022-05-03,16.633333333333333,90.04166666666667,6.7,0.0,68.20833333333333
2022-05-04,17.683333333333334,85.45833333333333,6.179166666666667,0.0,27.0
2022-05-05,17.212500000000002,89.45833333333333,6.6125,0.0,43.125
2022-05-06,16.920833333333334,86.04166666666667,7.1000000000000005,0.0,59.0
2022-05-07,17.016666666666666,81.875,7.458333333333333,0.0,51.583333333333336
2022-05-08,17.3875,79.70833333333333,8.783333333333333,0.0,1.2083333333333333
2022-05-09,16.554166666666667,90.41666666666667,7.304166666666667,0.0,52.166666666666664
2022-05-10,16.575,88.04166666666667,5.1499999999999995,0.0,74.08333333333333
2022-05-11,17.266666666666666,83.45833333333333,5.329166666666667,0.0,25.5
2022-05-12,16.133333333333333,90.70833333333333,6.658333333333334,0.0,61.541666666666664
2022-05-13,16.087500000000002,89.29166666666667,8.033333333333333,0.0,51.375
2022-05-14,15.866666666666667,90.95833333333333,7.216666666666666,0.2,95.375
2022-05-15,15.891666666666666,86.04166666666667,6.420833333333333,0.7000000000000001,69.45833333333333
2022-05-16,15.820833333333333,86.625,8.458333333333334,0.0,32.458333333333336
2022-05-17,16.608333333333334,89.125,8.595833333333333,0.0,78.875
2022-05-18,16.05,88.58333333333333,5.9375,0.7000000000000001,95.20833333333333
2022-05-19,17.554166666666667,82.66666666666667,6.083333333333333,0.0,31.208333333333332
2022-05-20,16.283333333333335,93.0,5.570833333333333,0.0,70.04166666666667
2022-05-21,16.891666666666666,88.79166666666667,6.770833333333333,0.0,94.125
2022-05-22,16.045833333333334,93.75,6.508333333333333,0.0,89.16666666666667
2022-05-23,15.741666666666667,92.70833333333333,6.208333333333333,1.0,90.45833333333333
2022-05-24,15.645833333333334,90.41666666666667,5.845833333333334,0.0,79.375
2022-05-25,15.316666666666668,95.33333333333333,6.116666666666667,1.0,98.41666666666667
2022-05-26,16.337500000000002,88.625,5.3500000000000005,0.0,55.916666666666664
2022-05-27,15.354166666666666,95.54166666666667,6.4750000000000005,0.9,98.83333333333333
2022-05-28,15.920833333333334,89.33333333333333,5.7250000000000005,0.0,95.58333333333333
2022-05-29,15.904166666666667,86.41666666666667,7.520833333333333,0.0,74.08333333333333
2022-05-30,15.9375,84.66666666666667,5.958333333333333,0.0,94.875
2022-05-31,16.104166666666668,81.0,6.6499999999999995,0.0,94.20833333333333
2022-06-01,16.404166666666665,75.75,6.104166666666667,0.0,79.33333333333333
2022-06-02,15.758333333333333,87.95833333333333,7.258333333333333,0.0,84.25
2022-06-03,16.704166666666666,90.58333333333333,5.904166666666666,0.0,74.95833333333333
2022-06-04,16.7625,91.41666666666667,5.641666666666667,0.0,99.58333333333333
2022-06-05,17.154166666666665,88.33333333333333,8.416666666666666,0.0,96.20833333333333
2022-06-06,16.079166666666666,89.875,7.7250000000000005,0.0,35.416666666666664
2022-06-07,15.799999999999999,89.20833333333333,5.6875,0.0,94.79166666666667
2022-06-08,16.6375,80.79166666666667,7.895833333333333,0.0,71.08333333333333
2022-06-09,16.2,82.79166666666667,8.479166666666666,0.0,60.041666666666664
2022-06-10,15.054166666666667,91.25,7.504166666666666,0.0,81.0
2022-06-11,14.858333333333334,93.04166666666667,6.629166666666666,0.0,82.45833333333333
2022-06-12,14.704166666666666,93.45833333333333,7.170833333333333,0.5,87.375
2022-06-13,14.433333333333332,94.08333333333333,6.904166666666666,0.30000000000000004,94.79166666666667
2022-06-14,15.658333333333333,81.625,8.1,0.4,66.75
2022-06-15,15.2875,77.625,7.8500000000000005,0.0,59.166666666666664
2022-06-16,15.229166666666666,76.29166666666667,8.262500000000001,0.0,31.041666666666668
2022-06-17,14.308333333333332,84.08333333333333,8.695833333333333,0.0,34.083333333333336
2022-06-18,15.004166666666668,79.75,6.741666666666667,0.0,44.916666666666664
2022-06-19,14.608333333333334,81.79166666666667,7.8625,0.0,38.625
2022-06-20,14.720833333333333,84.58333333333333,6.283333333333334,0.2,73.29166666666667
2022-06-21,14.9375,77.70833333333333,7.104166666666667,0.0,39.958333333333336
2022-06-22,15.133333333333333,77.29166666666667,6.716666666666666,0.0,7.333333333333333
2022-06-23,15.0375,85.16666666666667,6.741666666666667,0.0,58.541666666666664
2022-06-24,14.616666666666667,92.66666666666667,7.920833333333333,0.0,99.29166666666667
2022-06-25,15.433333333333332,84.625,5.441666666666666,0.0,77.41666666666667
2022-06-26,15.450000000000001,87.08333333333333,6.904166666666666,0.0,86.0
2022-06-27,15.879166666666668,85.875,7.591666666666666,0.0,94.83333333333333
2022-06-28,15.045833333333334,91.75,6.075,0.0,54.291666666666664
2022-06-29,14.85,86.16666666666667,4.95,0.0,66.29166666666667
2022-06-30,15.583333333333334,81.25,4.204166666666667,0.0,66.20833333333333
2022-07-01,15.487499999999999,84.70833333333333,6.2,0.2,52.125
2022-07-02,14.237499999999999,90.20833333333333,6.420833333333333,0.1,94.875
2022-07-03,15.379166666666668,84.45833333333333,5.395833333333333,0.0,67.91666666666667
2022-07-04,14.512500000000001,91.91666666666667,7.2375,0.0,98.25
2022-07-05,15.387500000000001,79.83333333333333,5.133333333333334,0.0,91.0
2022-07-06,14.9375,89.04166666666667,6.675,0.0,80.70833333333333
2022-07-07,14.204166666666666,94.91666666666667,5.079166666666667,0.0,99.08333333333333
2022-07-08,16.474999999999998,82.125,6.083333333333333,0.30000000000000004,85.58333333333333
2022-07-09,15.745833333333332,95.0,6.629166666666666,0.0,98.125
2022-07-10,15.137500000000001,89.91666666666667,6.916666666666667,0.0,98.25
2022-07-11,15.424999999999999,83.29166666666667,7.8875,0.0,64.54166666666667
2022-07-12,14.966666666666667,85.04166666666667,4.691666666666666,0.0,92.16666666666667
2022-07-13,15.462499999999999,81.5,4.158333333333333,0.1,94.375
2022-07-14,15.549999999999999,82.625,6.008333333333333,0.5,73.70833333333333
2022-07-15,13.916666666666666,82.125,8.420833333333333,0.0,43.416666666666664
2022-07-16,13.6625,83.33333333333333,9.2125,0.0,20.125
2022-07-17,14.008333333333333,85.54166666666667,5.183333333333333,0.0,54.375
2022-07-18,14.066666666666668,91.54166666666667,6.908333333333334,0.0,89.125
2022-07-19,14.558333333333332,96.5,6.954166666666667,0.0,100.0
2022-07-20,14.854166666666666,94.20833333333333,6.1499999999999995,0.0,98.0
2022-07-21,14.441666666666668,90.08333333333333,6.429166666666667,0.0,96.58333333333333
2022-07-22,14.716666666666667,87.54166666666667,6.045833333333333,0.0,91.45833333333333
2022-07-23,15.033333333333333,85.45833333333333,6.720833333333334,0.0,77.08333333333333
2022-07-24,15.174999999999999,83.75,6.175,0.0,37.958333333333336
2022-07-25,14.15,93.58333333333333,7.5375000000000005,0.0,90.16666666666667
2022-07-26,14.333333333333334,93.41666666666667,8.262500000000001,0.0,96.66666666666667
2022-07-27,14.325000000000001,90.58333333333333,7.058333333333334,0.0,92.95833333333333
2022-07-28,14.85,88.20833333333333,7.5874999999999995,0.0,92.70833333333333
2022-07-29,14.387500000000001,88.91666666666667,5.304166666666666,0.0,84.375
2022-07-30,15.7125,82.41666666666667,5.941666666666666,0.0,90.33333333333333
2022-07-31,15.045833333333334,89.08333333333333,6.670833333333333,0.0,87.29166666666667
2022-08-01,14.866666666666667,88.25,6.691666666666666,0.0,77.25
2022-08-02,14.6625,87.41666666666667,6.679166666666667,0.0,85.70833333333333
2022-08-03,15.095833333333333,82.54166666666667,9.841666666666667,0.0,53.541666666666664
2022-08-04,14.516666666666666,87.875,5.9624999999999995,0.0,97.0
2022-08-05,14.416666666666666,89.33333333333333,5.366666666666667,0.30000000000000004,97.58333333333333
2022-08-06,15.504166666666668,87.125,7.808333333333334,1.7999999999999998,38.541666666666664
2022-08-07,14.370833333333332,90.125,5.8374999999999995,0.0,70.29166666666667
2022-08-08,14.4625,85.83333333333333,5.420833333333333,0.0,67.875
2022-08-09,13.549999999999999,94.5,5.379166666666666,0.2,84.08333333333333
2022-08-10,14.008333333333333,91.20833333333333,5.033333333333333,0.1,72.0
2022-08-11,15.200000000000001,82.75,5.8125,0.0,21.125
2022-08-12,14.579166666666666,84.79166666666667,8.716666666666667,0.0,80.875
2022-08-13,14.370833333333332,83.29166666666667,7.6125,0.0,86.58333333333333
2022-08-14,14.658333333333333,82.04166666666667,7.675,0.0,52.458333333333336
2022-08-15,14.154166666666667,84.41666666666667,9.258333333333333,0.0,67.54166666666667
2022-08-16,13.883333333333333,87.08333333333333,6.6125,0.0,83.95833333333333
2022-08-17,14.833333333333334,75.95833333333333,6.808333333333334,0.0,44.916666666666664
2022-08-18,14.204166666666666,87.75,5.504166666666666,0.0,50.25
2022-08-19,14.829166666666666,83.29166666666667,5.433333333333334,0.0,51.75
2022-08-20,14.1625,87.29166666666667,5.329166666666667,0.2,63.958333333333336
2022-08-21,13.791666666666666,87.45833333333333,6.8999999999999995,0.0,65.66666666666667
2022-08-22,14.275,85.54166666666667,7.683333333333334,0.0,45.166666666666664
2022-08-23,13.695833333333333,91.75,8.466666666666667,0.0,88.16666666666667
2022-08-24,14.016666666666666,93.66666666666667,7.858333333333333,0.30000000000000004,90.66666666666667
2022-08-25,14.225,83.66666666666667,6.1499999999999995,0.0,47.583333333333336
2022-08-26,14.616666666666667,79.33333333333333,5.779166666666666,0.0,43.791666666666664
2022-08-27,14.924999999999999,86.0,7.454166666666667,0.0,11.916666666666666
2022-08-28,14.704166666666666,92.125,6.854166666666667,0.0,97.70833333333333
2022-08-29,14.370833333333332,90.83333333333333,5.654166666666666,0.0,99.25
2022-08-30,14.358333333333334,88.54166666666667,7.25,0.0,54.458333333333336
2022-08-31,15.125,80.79166666666667,7.4875,0.2,70.125
2022-09-01,14.833333333333334,81.54166666666667,11.008333333333333,0.0,58.666666666666664
2022-09-02,14.116666666666667,85.16666666666667,8.920833333333333,0.0,63.708333333333336
2022-09-03,14.233333333333334,89.41666666666667,6.895833333333333,0.0,69.45833333333333
2022-09-04,14.908333333333333,85.125,6.2,0.0,23.5
2022-09-05,14.591666666666667,90.375,6.125,0.0,52.458333333333336
2022-09-06,14.641666666666666,85.66666666666667,5.2124999999999995,0.0,46.375
2022-09-07,14.075000000000001,87.08333333333333,6.995833333333334,0.0,70.16666666666667
2022-09-08,13.970833333333333,82.20833333333333,7.991666666666667,0.0,68.125
2022-09-09,14.566666666666668,79.0,8.191666666666666,0.0,24.375
2022-09-10,14.654166666666667,83.29166666666667,8.862499999999999,0.0,38.208333333333336
2022-09-11,14.916666666666666,83.375,10.191666666666666,0.0,61.0
2022-09-12,14.454166666666666,80.5,8.154166666666667,0.0,73.70833333333333
2022-09-13,14.241666666666667,83.79166666666667,10.879166666666668,0.0,59.5
2022-09-14,14.058333333333332,84.83333333333333,5.0625,0.0,70.41666666666667
2022-09-15,14.049999999999999,81.25,4.783333333333333,0.0,52.125
2022-09-16,14.720833333333333,79.04166666666667,6.25,0.0,1.7083333333333333
2022-09-17,14.704166666666666,83.125,7.941666666666666,0.0,31.5
2022-09-18,14.533333333333333,85.79166666666667,10.166666666666666,0.0,51.541666666666664
2022-09-19,14.554166666666667,83.83333333333333,8.520833333333334,0.1,91.75
2022-09-20,14.304166666666667,80.70833333333333,10.1,0.30000000000000004,80.45833333333333
2022-09-21,14.104166666666666,81.125,9.9625,0.0,72.70833333333333
2022-09-22,13.833333333333334,85.70833333333333,5.420833333333333,0.5,87.54166666666667
2022-09-23,14.391666666666667,82.25,7.391666666666667,0.0,22.916666666666668
2022-09-24,14.887500000000001,78.375,8.066666666666666,0.0,64.25
2022-09-25,14.6875,83.5,8.704166666666667,0.0,67.58333333333333
2022-09-26,14.320833333333333,87.54166666666667,7.041666666666667,0.30000000000000004,93.95833333333333
2022-09-27,14.645833333333334,81.125,7.854166666666667,0.0,53.875
2022-09-28,14.529166666666667,85.79166666666667,9.104166666666666,0.2,70.75
2022-09-29,14.404166666666667,80.875,7.866666666666667,0.0,64.79166666666667
2022-09-30,14.3375,82.875,8.104166666666666,0.0,33.166666666666664
2022-10-01,14.495833333333332,88.54166666666667,7.916666666666667,0.0,77.33333333333333
2022-10-02,14.670833333333334,92.45833333333333,7.933333333333334,0.0,74.83333333333333
2022-10-03,14.566666666666668,85.91666666666667,7.966666666666666,0.0,48.541666666666664
2022-10-04,14.379166666666668,78.54166666666667,8.0,0.0,5.291666666666667
2022-10-05,14.35,82.16666666666667,9.520833333333334,0.0,28.166666666666668
2022-10-06,14.729166666666666,86.5,5.566666666666666,0.0,59.875
2022-10-07,15.191666666666668,77.625,4.629166666666666,0.0,48.625
2022-10-08,15.35,75.66666666666667,6.575,0.0,1.625
2022-10-09,15.579166666666666,79.20833333333333,6.433333333333334,0.2,44.958333333333336
2022-10-10,15.545833333333334,80.08333333333333,7.470833333333334,0.0,10.625
2022-10-11,15.204166666666666,80.41666666666667,8.779166666666667,0.0,37.958333333333336
2022-10-12,14.7875,81.0,8.141666666666667,0.0,50.583333333333336
2022-10-13,15.070833333333333,79.79166666666667,6.9875,0.0,31.541666666666668
2022-10-14,15.0375,77.79166666666667,5.345833333333332,0.0,37.416666666666664
2022-10-15,15.9625,82.04166666666667,7.6000000000000005,0.0,20.916666666666668
2022-10-16,15.533333333333333,87.79166666666667,7.433333333333334,0.0,51.083333333333336
2022-10-17,15.5625,85.54166666666667,8.470833333333333,0.0,71.91666666666667
2022-10-18,16.170833333333334,81.5,8.0375,0.0,54.083333333333336
2022-10-19,15.845833333333333,80.29166666666667,8.3375,0.0,53.833333333333336
2022-10-20,15.241666666666667,80.70833333333333,7.825,0.0,29.791666666666668
2022-10-21,15.583333333333334,79.875,8.004166666666666,0.0,28.5
2022-10-22,15.258333333333333,86.625,8.6,0.0,52.916666666666664
2022-10-23,15.295833333333334,89.66666666666667,9.299999999999999,0.0,73.33333333333333
2022-10-24,15.483333333333334,87.0,8.35,0.0,65.16666666666667
2022-10-25,16.004166666666666,77.66666666666667,7.991666666666667,0.0,39.916666666666664
2022-10-26,15.762500000000001,80.04166666666667,8.7125,0.0,37.041666666666664
2022-10-27,15.608333333333334,81.95833333333333,7.604166666666667,0.0,47.791666666666664
2022-10-28,15.783333333333333,80.91666666666667,8.516666666666667,0.0,18.708333333333332
2022-10-29,15.679166666666667,81.29166666666667,7.033333333333334,0.0,63.666666666666664
2022-10-30,16.120833333333334,80.375,8.366666666666665,0.0,9.125
2022-10-31,16.429166666666667,82.875,7.220833333333334,0.0,8.541666666666666
2022-11-01,16.1125,86.75,7.8999999999999995,0.0,33.125
2022-11-02,16.041666666666668,91.375,7.4875,0.0,87.70833333333333
2022-11-03,16.329166666666666,84.375,6.929166666666667,0.0,72.0
2022-11-04,16.466666666666665,74.375,7.6875,0.0,8.208333333333334
2022-11-05,16.229166666666668,80.5,8.387500000000001,0.0,40.333333333333336
2022-11-06,16.070833333333333,83.70833333333333,8.6,0.0,61.833333333333336
2022-11-07,16.791666666666668,79.41666666666667,7.6000000000000005,0.0,27.875
2022-11-08,17.208333333333332,81.20833333333333,6.345833333333334,0.0,30.166666666666668
2022-11-09,17.929166666666667,79.83333333333333,6.666666666666667,0.0,9.875
2022-11-10,17.4875,85.41666666666667,7.741666666666667,0.0,16.125
2022-11-11,17.474999999999998,84.70833333333333,8.433333333333334,0.0,42.208333333333336
2022-11-12,17.404166666666665,84.45833333333333,8.020833333333334,0.0,38.708333333333336
2022-11-13,17.270833333333332,83.58333333333333,8.762500000000001,0.0,14.375
2022-11-14,17.537499999999998,79.375,6.754166666666666,0.0,35.625
2022-11-15,17.966666666666665,71.70833333333333,7.0,0.0,20.875
2022-11-16,18.0125,78.08333333333333,7.3625,0.0,26.958333333333332
2022-11-17,18.1125,77.875,7.254166666666666,0.0,54.333333333333336
2022-11-18,18.675,74.29166666666667,7.2124999999999995,0.0,34.583333333333336
2022-11-19,18.825,76.41666666666667,7.133333333333333,0.0,5.041666666666667
2022-11-20,18.916666666666668,75.5,6.199999999999999,0.0,15.791666666666666
2022-11-21,18.929166666666667,81.29166666666667,6.441666666666666,0.0,22.208333333333332
2022-11-22,19.175,82.04166666666667,5.120833333333334,0.0,81.83333333333333
2022-11-23,19.958333333333332,78.58333333333333,7.108333333333333,0.0,99.375
2022-11-24,19.825,84.54166666666667,7.620833333333334,0.0,98.25
2022-11-25,19.208333333333332,89.875,6.783333333333334,0.0,73.04166666666667
2022-11-26,19.116666666666667,83.25,9.029166666666667,0.0,36.875
2022-11-27,18.720833333333335,78.41666666666667,7.704166666666667,0.0,36.833333333333336
2022-11-28,19.125,73.25,7.416666666666667,0.0,28.0
2022-11-29,19.154166666666665,74.5,6.791666666666667,0.0,34.125
2022-11-30,19.125,77.33333333333333,8.583333333333334,0.0,2.4583333333333335
2022-12-01,19.033333333333335,80.70833333333333,6.941666666666666,0.0,9.25
2022-12-02,19.470833333333335,79.5,6.8500000000000005,0.0,9.625
2022-12-03,19.091666666666665,84.79166666666667,8.3375,0.0,3.2916666666666665
2022-12-04,18.320833333333333,87.125,7.358333333333333,0.0,44.5
2022-12-05,18.379166666666666,85.54166666666667,7.920833333333333,0.0,28.041666666666668
2022-12-06,18.587500000000002,85.33333333333333,7.616666666666667,0.0,75.375
2022-12-07,19.425,78.875,7.983333333333333,0.0,67.33333333333333
2022-12-08,19.287499999999998,77.16666666666667,6.3374999999999995,0.1,93.0
2022-12-09,20.150000000000002,75.0,5.720833333333334,0.0,98.16666666666667
2022-12-10,20.954166666666666,75.20833333333333,5.033333333333333,0.0,67.04166666666667
2022-12-11,21.266666666666666,77.125,5.408333333333334,0.0,100.0
2022-12-12,22.054166666666664,76.79166666666667,4.429166666666666,0.0,60.291666666666664
2022-12-13,22.3875,76.83333333333333,5.770833333333333,0.0,14.166666666666666
2022-12-14,22.162499999999998,82.375,6.55,0.0,82.45833333333333
2022-12-15,21.179166666666667,82.5,7.7124999999999995,0.0,66.45833333333333
2022-12-16,20.941666666666666,73.45833333333333,6.0249999999999995,0.0,34.166666666666664
2022-12-17,21.333333333333332,75.125,6.325,0.0,12.083333333333334
2022-12-18,21.570833333333336,75.16666666666667,7.095833333333334,0.0,4.75
2022-12-19,21.325,81.20833333333333,8.916666666666666,0.0,0.08333333333333333
2022-12-20,21.0125,85.875,8.1625,0.0,5.958333333333333
2022-12-21,20.5125,84.08333333333333,7.375,0.0,19.291666666666668
2022-12-22,20.491666666666667,83.83333333333333,8.708333333333334,0.0,10.166666666666666
2022-12-23,20.366666666666667,81.83333333333333,7.466666666666666,0.0,10.5
2022-12-24,20.291666666666668,80.95833333333333,6.245833333333334,0.0,25.541666666666668
2022-12-25,20.720833333333335,75.375,6.354166666666667,0.0,13.708333333333334
2022-12-26,21.65416666666667,73.0,7.729166666666667,0.0,0.0
2022-12-27,21.391666666666666,80.29166666666667,9.841666666666667,0.0,16.916666666666668
2022-12-28,20.754166666666666,82.0,8.841666666666667,0.0,21.125
2022-12-29,20.245833333333334,83.0,7.879166666666666,0.0,26.916666666666668
2022-12-30,19.966666666666665,79.20833333333333,7.7250000000000005,0.0,66.5
2022-12-31,20.504166666666666,77.54166666666667,8.950000000000001,0.0,53.958333333333336
2023-01-01,20.45,79.875,8.237499999999999,0.0,51.375
2023-01-02,20.520833333333332,77.54166666666667,8.5625,0.0,79.625
2023-01-03,20.454166666666666,78.79166666666667,8.179166666666667,0.0,64.79166666666667
2023-01-04,21.383333333333336,75.33333333333333,7.379166666666666,0.0,34.375
2023-01-05,22.141666666666666,73.66666666666667,8.104166666666666,0.0,43.916666666666664
2023-01-06,21.40833333333333,81.58333333333333,7.933333333333334,0.0,10.166666666666666
2023-01-07,19.974999999999998,89.75,6.4750000000000005,0.0,62.708333333333336
2023-01-08,20.025000000000002,86.95833333333333,6.654166666666666,0.0,30.583333333333332
2023-01-09,20.341666666666665,84.875,7.120833333333334,0.0,8.791666666666666
2023-01-10,21.045833333333334,80.54166666666667,8.125,0.0,0.4583333333333333
2023-01-11,20.224999999999998,84.5,6.879166666666666,0.0,12.083333333333334
2023-01-12,20.654166666666665,76.25,6.870833333333334,0.0,11.333333333333334
2023-01-13,20.416666666666668,77.41666666666667,7.554166666666667,0.0,0.4583333333333333
2023-01-14,21.091666666666665,74.29166666666667,7.320833333333333,0.0,0.0
2023-01-15,21.241666666666667,75.16666666666667,6.404166666666666,0.0,2.375
2023-01-16,21.245833333333334,73.83333333333333,7.1375,0.0,0.0
2023-01-17,21.354166666666668,75.95833333333333,8.604166666666666,0.0,22.041666666666668
2023-01-18,20.837500000000002,85.08333333333333,7.4750000000000005,0.0,26.625
2023-01-19,21.6375,73.45833333333333,9.075000000000001,0.0,56.541666666666664
2023-01-20,21.212500000000002,77.625,9.129166666666666,0.0,65.04166666666667
2023-01-21,22.02916666666667,71.29166666666667,6.7,0.0,26.375
2023-01-22,21.979166666666668,72.20833333333333,7.633333333333333,0.0,21.458333333333332
2023-01-23,22.441666666666666,78.16666666666667,8.508333333333333,0.0,63.166666666666664
2023-01-24,22.370833333333334,80.83333333333333,8.745833333333334,0.0,46.791666666666664
2023-01-25,22.599999999999998,75.20833333333333,6.929166666666667,0.0,40.166666666666664
2023-01-26,22.504166666666666,72.45833333333333,6.395833333333333,0.0,67.58333333333333
2023-01-27,22.804166666666664,77.0,9.079166666666667,0.0,58.375
2023-01-28,22.683333333333334,77.41666666666667,8.079166666666667,0.0,77.66666666666667
2023-01-29,22.766666666666666,78.45833333333333,5.845833333333334,0.0,96.16666666666667
2023-01-30,22.733333333333334,78.79166666666667,5.758333333333333,0.0,69.33333333333333
2023-01-31,23.175,78.25,5.479166666666667,0.0,88.75
2023-02-01,23.420833333333334,76.04166666666667,7.645833333333333,0.0,58.708333333333336
2023-02-02,23.354166666666668,75.75,6.670833333333333,0.0,22.625
2023-02-03,23.420833333333334,76.75,6.9125000000000005,0.0,16.166666666666668
2023-02-04,24.075,76.66666666666667,5.520833333333333,0.0,6.0
2023-02-05,24.295833333333334,75.95833333333333,7.045833333333333,0.0,36.375
2023-02-06,23.666666666666668,81.79166666666667,7.445833333333333,0.1,65.20833333333333
2023-02-07,23.416666666666668,83.41666666666667,7.375,0.0,37.666666666666664
2023-02-08,23.116666666666664,81.625,6.579166666666667,0.0,29.333333333333332
2023-02-09,22.5,85.58333333333333,6.4875,0.0,34.75
2023-02-10,22.787499999999998,83.58333333333333,7.1375,0.0,34.583333333333336
2023-02-11,22.8625,80.66666666666667,7.345833333333334,0.0,67.875
2023-02-12,23.90833333333333,71.54166666666667,6.266666666666667,0.0,26.5
2023-02-13,23.916666666666668,76.625,5.529166666666666,0.0,65.58333333333333
2023-02-14,23.962500000000002,72.79166666666667,7.066666666666666,0.0,1.1666666666666667
2023-02-15,24.0625,73.75,7.0,0.0,23.75
2023-02-16,24.579166666666666,74.45833333333333,7.3999999999999995,0.0,46.75
2023-02-17,24.245833333333334,79.0,7.433333333333334,0.0,5.541666666666667
2023-02-18,25.054166666666664,72.33333333333333,7.833333333333333,0.0,6.333333333333333
2023-02-19,24.96666666666667,72.5,7.9125000000000005,0.0,55.791666666666664
2023-02-20,22.875,84.29166666666667,6.508333333333333,0.0,63.833333333333336
2023-02-21,22.679166666666664,85.25,6.204166666666667,0.0,40.0
2023-02-22,23.133333333333336,81.625,7.129166666666666,0.0,5.75
2023-02-23,22.691666666666666,78.54166666666667,6.583333333333333,0.0,3.4166666666666665
2023-02-24,22.96666666666667,74.0,7.454166666666667,0.0,9.583333333333334
2023-02-25,22.641666666666666,73.25,8.208333333333334,0.0,18.25
2023-02-26,22.170833333333334,75.41666666666667,7.958333333333333,0.0,5.458333333333333
2023-02-27,21.65416666666667,78.04166666666667,7.341666666666666,0.0,26.041666666666668
2023-02-28,22.0,76.58333333333333,7.829166666666667,0.0,48.875
2023-03-01,21.729166666666668,78.04166666666667,6.9375,0.0,29.25
2023-03-02,21.441666666666666,80.66666666666667,5.883333333333333,0.0,2.2083333333333335
2023-03-03,22.59583333333333,78.5,5.25,0.0,1.25
2023-03-04,22.704166666666666,74.04166666666667,6.645833333333333,0.0,36.166666666666664
2023-03-05,23.15833333333333,72.91666666666667,7.104166666666667,0.0,59.0
2023-03-06,24.391666666666666,69.95833333333333,6.6499999999999995,0.0,48.416666666666664
2023-03-07,24.866666666666664,71.25,4.825,0.0,6.958333333333333
2023-03-08,25.233333333333334,69.29166666666667,5.395833333333333,0.0,28.75
2023-03-09,24.858333333333334,74.91666666666667,5.845833333333334,0.0,19.416666666666668
2023-03-10,24.21666666666667,73.58333333333333,6.666666666666667,0.0,48.625
2023-03-11,23.808333333333334,74.70833333333333,6.983333333333333,0.0,20.416666666666668
2023-03-12,23.066666666666666,75.54166666666667,7.2875000000000005,0.0,16.541666666666668
2023-03-13,22.616666666666664,74.375,6.883333333333333,0.0,2.0833333333333335
2023-03-14,22.395833333333332,74.75,6.179166666666667,0.0,1.6666666666666667
2023-03-15,22.84166666666667,77.25,6.1499999999999995,0.0,0.2916666666666667
2023-03-16,23.22083333333333,75.70833333333333,6.591666666666666,0.0,57.0
2023-03-17,22.8,81.16666666666667,5.6000000000000005,0.0,49.0
2023-03-18,22.8125,81.95833333333333,6.583333333333333,0.0,48.791666666666664
2023-03-19,23.445833333333336,76.70833333333333,7.0,0.0,25.041666666666668
2023-03-20,23.625,76.08333333333333,6.504166666666666,0.0,23.75
2023-03-21,23.808333333333334,72.66666666666667,6.304166666666667,0.0,15.666666666666666
2023-03-22,23.883333333333336,75.58333333333333,6.695833333333333,0.0,21.916666666666668
2023-03-23,22.912499999999998,82.5,6.141666666666667,0.0,37.708333333333336
2023-03-24,23.495833333333334,76.70833333333333,5.716666666666666,0.0,10.375
2023-03-25,23.65416666666667,76.79166666666667,5.758333333333333,0.0,22.541666666666668
2023-03-26,23.691666666666666,75.83333333333333,6.670833333333333,0.0,60.791666666666664
2023-03-27,23.370833333333334,75.625,7.391666666666667,0.0,77.95833333333333
2023-03-28,23.525000000000002,76.08333333333333,7.683333333333334,0.0,15.125
2023-03-29,23.883333333333336,76.83333333333333,7.558333333333334,0.0,56.958333333333336
2023-03-30,23.40416666666667,77.04166666666667,6.983333333333333,0.0,8.75
2023-03-31,23.854166666666668,78.16666666666667,5.070833333333334,0.0,4.833333333333333
2023-04-01,24.141666666666666,78.95833333333333,4.816666666666666,0.0,83.45833333333333
2023-04-02,24.412499999999998,80.04166666666667,6.258333333333333,0.0,22.541666666666668
2023-04-03,24.325,78.875,6.858333333333333,0.0,4.208333333333333
2023-04-04,24.054166666666664,80.375,7.270833333333333,0.0,0.2916666666666667
2023-04-05,23.641666666666666,84.70833333333333,6.05,0.0,1.4583333333333333
2023-04-06,23.270833333333332,83.375,7.3374999999999995,0.0,3.125
2023-04-07,22.741666666666664,81.08333333333333,6.3,0.0,7.625
2023-04-08,22.287499999999998,81.66666666666667,6.425,0.0,12.708333333333334
2023-04-09,21.900000000000002,80.58333333333333,7.1000000000000005,0.0,0.08333333333333333
2023-04-10,21.279166666666665,86.875,6.683333333333334,0.0,24.25
2023-04-11,21.55,82.66666666666667,6.166666666666667,0.0,23.291666666666668
2023-04-12,21.370833333333334,79.875,6.341666666666666,0.0,1.125
2023-04-13,21.104166666666668,82.625,6.391666666666667,0.0,15.5
2023-04-14,20.695833333333333,83.5,7.979166666666667,0.0,17.416666666666668
2023-04-15,20.091666666666665,86.0,7.841666666666666,0.0,63.333333333333336
2023-04-16,20.266666666666666,81.20833333333333,7.745833333333334,0.0,25.5
2023-04-17,19.820833333333333,76.70833333333333,8.299999999999999,0.0,22.625
2023-04-18,19.641666666666666,81.625,8.191666666666666,0.0,68.75
2023-04-19,19.375,84.75,7.0375000000000005,0.0,35.25
2023-04-20,20.8125,78.16666666666667,5.608333333333333,0.0,15.375
2023-04-21,20.658333333333335,83.45833333333333,7.408333333333334,0.0,44.958333333333336
2023-04-22,20.3125,79.83333333333333,7.2749999999999995,0.0,20.5
2023-04-23,20.291666666666668,82.25,8.225,0.0,6.083333333333333
2023-04-24,20.616666666666667,82.0,7.329166666666667,0.0,0.3333333333333333
2023-04-25,19.854166666666668,87.95833333333333,7.166666666666667,0.0,36.458333333333336
2023-04-26,19.787499999999998,86.875,7.229166666666667,0.0,38.75
2023-04-27,19.845833333333335,83.75,8.895833333333334,0.0,3.0
2023-04-28,19.370833333333334,82.95833333333333,6.7749999999999995,0.0,29.666666666666668
2023-04-29,19.25,85.58333333333333,7.875,0.0,36.208333333333336
2023-04-30,19.479166666666668,82.70833333333333,7.979166666666667,0.0,51.958333333333336
2023-05-01,19.604166666666668,83.20833333333333,6.229166666666667,0.0,63.625
2023-05-02,18.829166666666666,85.16666666666667,7.104166666666667,0.0,67.45833333333333
2023-05-03,18.629166666666666,86.75,5.7875000000000005,0.1,90.20833333333333
2023-05-04,18.633333333333333,81.29166666666667,7.766666666666667,0.0,87.375
2023-05-05,18.5,78.83333333333333,7.870833333333334,0.0,94.79166666666667
2023-05-06,18.308333333333334,80.375,8.174999999999999,0.0,75.04166666666667
2023-05-07,18.545833333333334,84.91666666666667,7.95,0.0,55.041666666666664
2023-05-08,18.120833333333334,89.25,7.8,0.0,31.833333333333332
2023-05-09,18.354166666666668,87.75,6.491666666666667,0.0,57.458333333333336
2023-05-10,18.079166666666666,90.41666666666667,5.545833333333333,0.1,48.375
2023-05-11,18.583333333333332,89.41666666666667,5.0249999999999995,0.0,50.583333333333336
2023-05-12,18.429166666666667,83.5,4.008333333333334,0.0,49.833333333333336
2023-05-13,19.25,82.08333333333333,4.841666666666667,0.0,49.75
2023-05-14,19.616666666666667,87.04166666666667,4.566666666666667,0.0,13.416666666666666
2023-05-15,19.8875,88.66666666666667,6.8875,0.0,19.416666666666668
2023-05-16,18.912499999999998,89.95833333333333,6.454166666666667,0.0,61.875
2023-05-17,18.945833333333333,82.83333333333333,8.554166666666667,0.0,48.333333333333336
2023-05-18,18.599999999999998,86.16666666666667,6.575,0.0,82.79166666666667
2023-05-19,18.741666666666667,81.33333333333333,7.579166666666667,0.0,86.58333333333333
2023-05-20,18.258333333333333,83.125,6.7250000000000005,0.0,83.08333333333333
2023-05-21,18.491666666666667,79.83333333333333,7.5625,0.0,30.208333333333332
2023-05-22,17.591666666666665,85.66666666666667,6.916666666666667,0.0,49.666666666666664
2023-05-23,18.025000000000002,83.0,6.995833333333334,0.0,29.666666666666668
2023-05-24,17.4375,89.125,6.316666666666666,0.0,68.79166666666667
2023-05-25,18.341666666666665,84.20833333333333,6.4624999999999995,0.0,47.25
2023-05-26,18.099999999999998,86.83333333333333,7.208333333333333,0.0,92.29166666666667
2023-05-27,18.849999999999998,86.33333333333333,7.295833333333333,0.0,100.0
2023-05-28,18.366666666666667,87.16666666666667,5.533333333333334,0.0,96.875
2023-05-29,18.608333333333334,82.54166666666667,5.316666666666666,0.0,35.208333333333336
2023-05-30,16.816666666666666,93.95833333333333,5.2625,0.8,91.54166666666667
2023-05-31,16.770833333333332,91.70833333333333,6.175,0.0,90.875
2023-06-01,17.829166666666666,83.125,4.704166666666667,0.1,95.16666666666667
2023-06-02,18.154166666666665,82.875,5.7124999999999995,0.0,41.541666666666664
2023-06-03,17.4375,89.08333333333333,6.329166666666667,0.0,82.625
2023-06-04,17.425,85.08333333333333,5.870833333333334,0.0,57.75
2023-06-05,17.120833333333334,88.45833333333333,5.045833333333333,0.0,76.25
2023-06-06,17.458333333333332,84.41666666666667,5.554166666666666,0.0,43.666666666666664
2023-06-07,17.474999999999998,87.29166666666667,5.483333333333333,0.0,45.291666666666664
2023-06-08,17.004166666666666,89.95833333333333,6.6000000000000005,0.0,49.166666666666664
2023-06-09,16.8125,87.58333333333333,6.3625,0.0,86.20833333333333
2023-06-10,17.529166666666665,75.66666666666667,6.495833333333334,0.0,32.083333333333336
2023-06-11,17.125,80.91666666666667,6.179166666666667,0.0,56.25
2023-06-12,17.475,77.29166666666667,6.141666666666667,0.0,72.16666666666667
2023-06-13,15.929166666666667,82.33333333333333,9.804166666666667,0.0,49.25
2023-06-14,15.758333333333333,80.66666666666667,8.279166666666667,0.0,26.416666666666668
2023-06-15,16.2,91.125,6.608333333333333,0.0,49.0
2023-06-16,16.7625,94.45833333333333,5.8875,0.0,73.70833333333333
2023-06-17,16.895833333333332,90.95833333333333,4.908333333333333,0.0,62.0
2023-06-18,16.620833333333334,91.875,6.383333333333333,0.0,83.04166666666667
2023-06-19,17.204166666666666,92.41666666666667,7.233333333333333,0.0,66.95833333333333
2023-06-20,17.175,93.04166666666667,6.3875,0.1,93.70833333333333
2023-06-21,17.587500000000002,90.70833333333333,6.204166666666667,1.0,92.5
2023-06-22,17.491666666666667,87.08333333333333,6.1875,0.0,68.04166666666667
2023-06-23,16.891666666666666,88.83333333333333,5.1375,0.0,62.083333333333336
2023-06-24,17.954166666666666,85.95833333333333,4.070833333333334,0.0,44.708333333333336
2023-06-25,17.587500000000002,89.125,4.195833333333334,0.0,80.0
2023-06-26,17.741666666666667,84.45833333333333,5.029166666666667,0.0,39.791666666666664
2023-06-27,17.408333333333335,81.75,5.254166666666667,0.1,61.375
2023-06-28,17.679166666666667,76.75,5.908333333333334,0.0,43.333333333333336
2023-06-29,17.891666666666666,80.41666666666667,5.341666666666666,0.0,52.375
2023-06-30,17.425,80.66666666666667,5.058333333333333,0.0,57.083333333333336
2023-07-01,17.158333333333335,81.20833333333333,5.9125000000000005,0.0,41.0
2023-07-02,17.208333333333332,77.33333333333333,7.591666666666666,0.0,63.583333333333336
2023-07-03,17.095833333333335,81.33333333333333,6.558333333333334,0.0,75.75
2023-07-04,16.654166666666665,82.33333333333333,7.570833333333333,0.0,64.0
2023-07-05,16.3875,77.54166666666667,6.683333333333334,0.0,27.458333333333332
2023-07-06,16.033333333333335,84.95833333333333,4.345833333333333,0.0,87.04166666666667
2023-07-07,16.829166666666666,76.75,6.908333333333334,0.0,65.58333333333333
2023-07-08,16.175,76.66666666666667,7.383333333333333,0.0,74.33333333333333
2023-07-09,16.133333333333333,74.66666666666667,8.6,0.0,75.83333333333333
2023-07-10,16.733333333333334,79.16666666666667,6.345833333333334,0.0,75.16666666666667
2023-07-11,17.108333333333334,79.04166666666667,6.845833333333334,0.0,42.666666666666664
2023-07-12,17.079166666666666,77.33333333333333,9.387500000000001,0.0,1.75
2023-07-13,16.783333333333335,80.83333333333333,4.945833333333334,0.0,79.58333333333333
2023-07-14,17.1375,80.0,4.916666666666667,0.0,96.54166666666667
2023-07-15,17.479166666666668,78.75,6.3875,0.0,70.04166666666667
2023-07-16,17.070833333333333,81.0,7.154166666666666,0.0,92.79166666666667
2023-07-17,16.416666666666668,80.04166666666667,6.991666666666667,0.0,73.16666666666667
2023-07-18,15.987499999999999,83.625,5.116666666666666,0.0,34.916666666666664
2023-07-19,16.675,82.25,5.1499999999999995,0.0,68.08333333333333
2023-07-20,16.845833333333335,79.0,5.075,0.0,42.666666666666664
2023-07-21,16.9875,74.79166666666667,7.816666666666666,0.0,23.041666666666668
2023-07-22,16.775000000000002,81.04166666666667,7.791666666666667,0.0,54.291666666666664
2023-07-23,17.483333333333334,81.16666666666667,5.4375,0.4,80.45833333333333
2023-07-24,17.974999999999998,80.54166666666667,6.045833333333333,0.30000000000000004,64.29166666666667
2023-07-25,17.529166666666665,77.70833333333333,7.4125000000000005,0.0,61.416666666666664
2023-07-26,17.291666666666668,80.125,7.658333333333334,0.0,53.708333333333336
2023-07-27,17.75,76.375,7.179166666666667,0.0,38.458333333333336
2023-07-28,16.95,81.45833333333333,7.829166666666667,0.0,50.083333333333336
2023-07-29,17.2375,86.79166666666667,6.016666666666667,0.0,26.291666666666668
2023-07-30,17.433333333333334,85.33333333333333,5.5125,0.0,44.541666666666664
2023-07-31,17.654166666666665,78.91666666666667,4.945833333333334,0.0,8.875
2023-08-01,17.304166666666667,78.83333333333333,5.554166666666667,0.0,11.875
2023-08-02,17.866666666666667,77.58333333333333,5.091666666666667,0.0,16.958333333333332
2023-08-03,17.45,80.91666666666667,4.320833333333334,0.0,75.16666666666667
2023-08-04,17.545833333333334,83.45833333333333,5.616666666666667,0.0,82.95833333333333
2023-08-05,17.395833333333332,82.25,6.441666666666666,0.0,36.708333333333336
2023-08-06,17.583333333333332,78.79166666666667,8.166666666666666,0.0,21.708333333333332
2023-08-07,16.983333333333334,85.20833333333333,4.979166666666667,0.0,82.95833333333333
2023-08-08,18.033333333333335,81.54166666666667,7.379166666666666,0.0,37.791666666666664
2023-08-09,17.416666666666668,84.16666666666667,6.3,0.0,61.0
2023-08-10,17.291666666666668,79.0,8.820833333333333,0.0,68.29166666666667
2023-08-11,17.145833333333332,80.33333333333333,5.1875,0.4,87.70833333333333
2023-08-12,17.458333333333332,80.33333333333333,5.383333333333333,0.0,58.916666666666664
2023-08-13,17.583333333333332,80.16666666666667,5.8500000000000005,0.0,33.875
2023-08-14,17.945833333333333,81.375,6.175,0.0,16.083333333333332
2023-08-15,17.779166666666665,82.5,5.520833333333333,0.0,25.333333333333332
2023-08-16,17.391666666666666,79.08333333333333,7.829166666666667,0.0,42.458333333333336
2023-08-17,17.1125,82.04166666666667,9.329166666666667,0.0,56.708333333333336
2023-08-18,17.2,81.29166666666667,7.0874999999999995,0.0,45.958333333333336
2023-08-19,16.908333333333335,79.375,4.829166666666667,0.0,52.041666666666664
2023-08-20,17.341666666666665,81.375,5.770833333333333,0.0,16.666666666666668
2023-08-21,17.945833333333333,82.125,6.0125,0.0,3.125
2023-08-22,17.295833333333334,84.20833333333333,7.391666666666667,0.0,31.208333333333332
2023-08-23,17.116666666666667,79.75,7.6499999999999995,0.0,83.54166666666667
2023-08-24,17.099999999999998,70.91666666666667,6.783333333333334,0.0,67.95833333333333
2023-08-25,16.645833333333332,75.33333333333333,8.020833333333334,0.0,71.66666666666667
2023-08-26,17.099999999999998,82.25,4.979166666666667,0.0,66.54166666666667
2023-08-27,17.745833333333334,77.91666666666667,4.816666666666666,0.0,35.041666666666664
2023-08-28,18.041666666666668,80.5,6.095833333333334,0.0,49.916666666666664
2023-08-29,17.825,84.41666666666667,6.4125000000000005,0.0,67.625
2023-08-30,17.8125,82.625,7.6875,0.0,83.375
2023-08-31,17.4375,80.875,7.016666666666667,0.0,70.54166666666667
2023-09-01,17.166666666666668,76.54166666666667,6.754166666666666,0.0,36.708333333333336
2023-09-02,17.4375,76.54166666666667,6.595833333333334,0.0,59.041666666666664
2023-09-03,17.408333333333335,76.25,7.8500000000000005,0.1,39.625
2023-09-04,17.420833333333334,75.83333333333333,8.070833333333333,0.0,1.4166666666666667
2023-09-05,18.008333333333333,79.08333333333333,5.983333333333333,0.0,19.583333333333332
2023-09-06,17.754166666666666,81.875,6.304166666666667,0.0,69.625
2023-09-07,17.604166666666668,73.33333333333333,7.666666666666667,0.0,22.458333333333332
2023-09-08,17.429166666666667,81.25,6.891666666666667,0.0,46.833333333333336
2023-09-09,17.620833333333334,82.91666666666667,5.604166666666667,0.0,21.916666666666668
2023-09-10,17.733333333333334,80.70833333333333,7.6875,0.0,61.458333333333336
2023-09-11,17.916666666666668,81.29166666666667,6.145833333333333,0.0,48.666666666666664
2023-09-12,17.804166666666667,79.04166666666667,10.504166666666666,0.1,46.958333333333336
2023-09-13,16.783333333333335,77.70833333333333,8.391666666666667,0.0,15.75
2023-09-14,17.329166666666666,74.0,5.083333333333333,0.0,6.791666666666667
2023-09-15,17.45,81.83333333333333,6.554166666666667,0.1,67.125
2023-09-16,18.416666666666668,78.875,6.679166666666667,0.0,11.708333333333334
2023-09-17,18.345833333333335,78.95833333333333,5.816666666666666,0.0,33.041666666666664
2023-09-18,18.216666666666665,83.33333333333333,8.266666666666667,0.0,24.791666666666668
2023-09-19,18.204166666666666,82.83333333333333,7.691666666666666,0.0,56.291666666666664
2023-09-20,17.945833333333333,80.625,6.991666666666666,0.0,22.0
2023-09-21,17.358333333333334,83.66666666666667,8.129166666666666,0.0,55.458333333333336
2023-09-22,18.150000000000002,79.25,6.445833333333333,0.0,44.333333333333336
2023-09-23,17.9375,82.375,8.4125,0.0,47.791666666666664
2023-09-24,18.270833333333332,81.33333333333333,7.8875,0.0,47.416666666666664
2023-09-25,18.283333333333335,81.54166666666667,6.9375,0.0,46.041666666666664
2023-09-26,18.5125,77.20833333333333,7.4750000000000005,0.0,80.875
2023-09-27,17.745833333333334,76.45833333333333,7.766666666666667,0.0,74.08333333333333
2023-09-28,17.904166666666665,75.70833333333333,8.441666666666666,0.0,68.08333333333333
2023-09-29,17.054166666666667,79.20833333333333,8.358333333333333,0.0,3.0833333333333335
2023-09-30,18.225,75.45833333333333,7.5,0.0,19.5
2023-10-01,18.691666666666666,78.79166666666667,6.583333333333333,0.0,6.291666666666667
2023-10-02,18.533333333333335,79.5,7.770833333333333,0.0,58.833333333333336
2023-10-03,18.858333333333334,79.20833333333333,11.166666666666666,0.0,41.625
2023-10-04,17.883333333333333,80.58333333333333,9.158333333333333,0.0,84.58333333333333
2023-10-05,17.6375,76.29166666666667,8.299999999999999,0.0,59.125
2023-10-06,18.458333333333332,74.79166666666667,9.525,0.0,33.125
2023-10-07,17.270833333333332,80.70833333333333,9.6875,0.0,39.375
2023-10-08,16.833333333333332,83.125,9.3125,0.0,59.333333333333336
2023-10-09,17.345833333333335,81.375,8.920833333333333,0.0,57.0
2023-10-10,16.875,84.16666666666667,9.625,0.0,33.666666666666664
2023-10-11,17.087500000000002,83.125,10.354166666666666,0.0,39.958333333333336
2023-10-12,17.154166666666665,81.20833333333333,7.791666666666667,0.0,15.333333333333334
2023-10-13,18.066666666666666,75.08333333333333,7.308333333333334,0.0,54.041666666666664
2023-10-14,17.879166666666666,77.66666666666667,7.104166666666667,0.0,12.041666666666666
2023-10-15,17.820833333333333,79.91666666666667,7.366666666666667,0.0,34.583333333333336
2023-10-16,18.858333333333334,78.70833333333333,7.1125,0.0,4.666666666666667
2023-10-17,18.89166666666667,77.70833333333333,6.908333333333334,0.0,1.4583333333333333
2023-10-18,19.179166666666667,78.70833333333333,8.904166666666667,0.0,21.083333333333332
2023-10-19,18.679166666666667,81.70833333333333,7.45,0.0,8.791666666666666
2023-10-20,18.395833333333332,82.75,7.883333333333333,0.0,4.916666666666667
2023-10-21,19.0125,76.5,8.783333333333333,0.0,33.958333333333336
2023-10-22,18.908333333333335,78.45833333333333,8.637500000000001,0.0,37.875
2023-10-23,18.650000000000002,80.95833333333333,10.079166666666667,0.0,7.125
2023-10-24,17.604166666666668,83.04166666666667,9.695833333333333,0.0,33.375
2023-10-25,17.6375,81.41666666666667,7.841666666666666,0.0,69.58333333333333
2023-10-26,18.5,75.29166666666667,6.654166666666666,0.0,68.16666666666667
2023-10-27,18.058333333333334,74.95833333333333,8.0,0.0,75.20833333333333
2023-10-28,18.875,69.79166666666667,8.700000000000001,0.0,81.625
2023-10-29,19.979166666666668,66.45833333333333,9.954166666666667,0.0,40.416666666666664
2023-10-30,18.712500000000002,77.25,9.1625,0.0,59.041666666666664
2023-10-31,17.8875,85.66666666666667,8.083333333333334,0.0,59.0
2023-11-01,18.195833333333333,80.33333333333333,8.237499999999999,0.0,41.166666666666664
2023-11-02,17.95,76.33333333333333,9.7125,0.0,11.5
2023-11-03,17.708333333333332,76.25,6.7375,0.0,3.9166666666666665
2023-11-04,18.5625,67.5,7.220833333333334,0.0,0.4583333333333333
2023-11-05,18.212500000000002,72.625,7.904166666666668,0.0,40.625
2023-11-06,18.441666666666666,73.25,7.808333333333334,0.0,22.375
2023-11-07,17.633333333333333,80.16666666666667,9.1625,0.0,8.625
2023-11-08,18.195833333333333,76.33333333333333,6.604166666666667,0.0,54.083333333333336
2023-11-09,19.216666666666665,76.66666666666667,5.6375,0.0,38.375
2023-11-10,20.725,73.20833333333333,7.179166666666667,0.1,63.75
2023-11-11,19.141666666666666,80.0,8.658333333333333,0.0,9.791666666666666
2023-11-12,18.895833333333332,81.25,10.862499999999999,0.0,34.708333333333336
2023-11-13,18.554166666666667,82.29166666666667,9.708333333333334,0.0,39.0
2023-11-14,18.779166666666665,79.375,8.525,0.0,29.75
2023-11-15,18.587500000000002,78.04166666666667,9.6,0.0,73.0
2023-11-16,17.724999999999998,79.95833333333333,9.625,0.0,72.70833333333333
2023-11-17,17.970833333333335,75.75,10.579166666666667,0.0,70.29166666666667
2023-11-18,17.575,78.875,8.841666666666667,0.0,24.666666666666668
2023-11-19,18.366666666666667,75.375,7.154166666666666,0.0,4.208333333333333
2023-11-20,18.641666666666666,75.33333333333333,6.3374999999999995,0.0,48.666666666666664
2023-11-21,18.666666666666668,74.41666666666667,8.404166666666667,0.0,46.041666666666664
2023-11-22,18.920833333333334,76.375,8.7125,0.0,13.416666666666666
2023-11-23,19.129166666666666,77.75,8.85,0.0,56.458333333333336
2023-11-24,19.116666666666667,77.29166666666667,8.8125,0.0,53.041666666666664
2023-11-25,18.8625,77.5,8.016666666666667,0.0,69.95833333333333
2023-11-26,19.54583333333333,75.66666666666667,7.933333333333334,0.0,21.208333333333332
2023-11-27,19.395833333333332,77.91666666666667,9.3,0.0,4.083333333333333
2023-11-28,19.283333333333335,78.66666666666667,10.066666666666666,0.0,14.041666666666666
2023-11-29,18.974999999999998,76.41666666666667,7.820833333333333,0.0,22.708333333333332
2023-11-30,19.520833333333332,72.625,8.008333333333333,0.0,34.041666666666664
2023-12-01,19.591666666666665,75.125,9.145833333333334,0.0,52.458333333333336
2023-12-02,19.3125,77.54166666666667,9.883333333333333,0.0,1.25
2023-12-03,19.008333333333333,76.33333333333333,8.595833333333333,0.0,10.75
2023-12-04,19.2375,76.16666666666667,8.166666666666666,0.0,9.208333333333334
2023-12-05,19.116666666666667,75.95833333333333,7.854166666666667,0.0,17.166666666666668
2023-12-06,19.275000000000002,72.54166666666667,9.387500000000001,0.0,1.8333333333333333
2023-12-07,18.583333333333332,75.875,7.8999999999999995,0.0,1.375
2023-12-08,19.0625,72.45833333333333,9.166666666666666,0.0,7.875
2023-12-09,19.195833333333333,72.125,7.3374999999999995,0.0,95.41666666666667
2023-12-10,20.266666666666666,72.04166666666667,6.6375,0.0,29.041666666666668
2023-12-11,20.645833333333332,70.41666666666667,7.2124999999999995,0.0,83.08333333333333
2023-12-12,20.145833333333332,75.79166666666667,7.6375,0.0,82.58333333333333
2023-12-13,20.2,77.08333333333333,6.195833333333333,0.0,87.5
2023-12-14,21.395833333333332,70.83333333333333,7.229166666666667,0.1,54.708333333333336
2023-12-15,21.175,79.16666666666667,6.254166666666666,0.0,54.833333333333336
2023-12-16,21.641666666666666,78.66666666666667,5.833333333333333,0.0,56.541666666666664
2023-12-17,21.599999999999998,74.54166666666667,9.504166666666666,0.0,65.91666666666667
2023-12-18,21.47083333333333,75.16666666666667,7.8999999999999995,0.0,62.75
2023-12-19,21.4375,71.95833333333333,8.329166666666667,0.0,1.5833333333333333
2023-12-20,20.891666666666666,75.16666666666667,8.233333333333333,0.0,35.916666666666664
2023-12-21,20.775,76.54166666666667,9.5875,0.0,60.166666666666664
2023-12-22,20.129166666666666,77.29166666666667,8.004166666666666,0.0,14.041666666666666
2023-12-23,20.349999999999998,72.58333333333333,7.0125,0.0,18.291666666666668
2023-12-24,20.658333333333335,70.16666666666667,7.679166666666667,0.0,0.16666666666666666
2023-12-25,20.345833333333335,70.70833333333333,7.2749999999999995,0.0,20.5
2023-12-26,21.441666666666666,65.70833333333333,6.791666666666667,0.0,80.875
2023-12-27,21.5625,71.875,7.25,0.0,31.416666666666668
2023-12-28,22.566666666666666,66.41666666666667,7.583333333333333,0.0,40.791666666666664
2023-12-29,22.662499999999998,68.16666666666667,9.104166666666666,0.0,67.58333333333333
2023-12-30,21.95,74.58333333333333,9.525,0.0,80.54166666666667
2023-12-31,21.72083333333333,76.16666666666667,8.616666666666667,0.0,51.75
2024-01-01,21.095833333333335,79.125,7.954166666666667,0.0,13.25
2024-01-02,21.095833333333335,75.33333333333333,6.141666666666667,0.0,23.541666666666668
2024-01-03,20.991666666666667,73.04166666666667,8.0875,0.0,47.666666666666664
2024-01-04,21.245833333333334,73.58333333333333,7.7375,0.0,30.666666666666668
2024-01-05,21.458333333333332,74.29166666666667,9.370833333333334,0.0,2.1666666666666665
2024-01-06,21.220833333333335,76.75,8.591666666666667,0.0,1.4583333333333333
2024-01-07,21.333333333333332,76.41666666666667,9.575000000000001,0.0,3.5833333333333335
2024-01-08,21.620833333333334,72.66666666666667,7.066666666666666,0.0,53.5
2024-01-09,21.495833333333334,71.54166666666667,7.654166666666668,0.0,0.0
2024-01-10,21.666666666666668,74.66666666666667,6.029166666666666,0.0,13.625
2024-01-11,22.525000000000002,70.5,6.979166666666667,0.0,6.833333333333333
2024-01-12,22.454166666666666,74.5,7.895833333333333,0.0,9.041666666666666
2024-01-13,22.325,77.83333333333333,6.558333333333334,0.0,35.5
2024-01-14,21.925,76.625,8.058333333333334,0.0,9.0
2024-01-15,21.77916666666667,75.08333333333333,6.6000000000000005,0.0,12.416666666666666
2024-01-16,22.508333333333336,74.75,5.904166666666666,0.2,57.833333333333336
2024-01-17,22.775000000000002,74.45833333333333,7.366666666666667,0.0,84.125
2024-01-18,23.270833333333332,73.20833333333333,8.133333333333333,0.0,97.04166666666667
2024-01-19,23.34583333333333,74.20833333333333,7.7375,0.0,80.16666666666667
2024-01-20,23.416666666666668,72.54166666666667,6.0375000000000005,0.0,62.0
2024-01-21,24.041666666666668,70.75,7.0375000000000005,0.0,43.125
2024-01-22,23.820833333333336,73.75,8.387500000000001,0.0,43.333333333333336
2024-01-23,23.662499999999998,73.45833333333333,9.9125,0.0,53.958333333333336
2024-01-24,22.683333333333334,76.875,8.566666666666666,0.0,63.041666666666664
2024-01-25,23.3,71.375,7.5,0.0,7.958333333333333
2024-01-26,23.854166666666668,71.125,9.070833333333333,0.0,0.041666666666666664
2024-01-27,22.53333333333333,80.95833333333333,7.579166666666667,0.0,2.0416666666666665
2024-01-28,22.59166666666667,77.41666666666667,7.5375000000000005,0.0,0.9166666666666666
2024-01-29,22.733333333333334,76.95833333333333,7.1375,0.0,0.16666666666666666
2024-01-30,22.204166666666666,80.66666666666667,8.633333333333333,0.0,12.583333333333334
2024-01-31,22.087500000000002,79.08333333333333,6.616666666666667,0.0,21.375
2024-02-01,21.933333333333334,77.75,7.8125,0.0,8.541666666666666
2024-02-02,22.483333333333334,75.5,5.970833333333334,0.0,1.3333333333333333
2024-02-03,22.770833333333332,71.5,5.733333333333333,0.0,0.2916666666666667
2024-02-04,24.320833333333336,64.75,6.554166666666667,0.0,0.08333333333333333
2024-02-05,24.71666666666667,69.08333333333333,5.445833333333333,0.0,1.2083333333333333
2024-02-06,25.8125,67.04166666666667,7.120833333333334,0.0,0.4166666666666667
2024-02-07,25.820833333333336,66.75,9.420833333333333,0.0,0.0
2024-02-08,25.745833333333334,65.75,8.341666666666667,0.0,0.041666666666666664
2024-02-09,25.0,68.04166666666667,8.0125,0.0,4.833333333333333
2024-02-10,23.445833333333336,82.20833333333333,6.920833333333333,0.0,30.708333333333332
2024-02-11,23.087500000000002,80.41666666666667,8.254166666666666,0.0,62.708333333333336
2024-02-12,23.2625,76.33333333333333,6.2250000000000005,0.30000000000000004,99.91666666666667
2024-02-13,23.483333333333334,73.0,7.045833333333333,0.0,71.75
2024-02-14,23.620833333333334,73.25,7.858333333333333,0.0,60.958333333333336
2024-02-15,23.391666666666666,75.375,8.495833333333334,0.0,74.5
2024-02-16,22.825,75.25,7.329166666666667,0.0,100.0
2024-02-17,22.72083333333333,77.29166666666667,7.083333333333333,0.0,70.875
2024-02-18,23.041666666666668,73.75,6.3374999999999995,0.0,72.79166666666667
2024-02-19,24.22083333333333,71.66666666666667,6.0625,0.0,48.041666666666664
2024-02-20,24.2375,74.0,6.816666666666666,0.0,66.70833333333333
2024-02-21,25.016666666666666,69.91666666666667,9.4125,0.0,5.208333333333333
2024-02-22,25.9875,62.875,9.479166666666666,0.0,61.625
2024-02-23,25.758333333333336,62.125,9.229166666666666,0.0,39.541666666666664
2024-02-24,23.666666666666668,73.25,9.612499999999999,0.0,53.833333333333336
2024-02-25,23.462500000000002,72.125,8.104166666666666,0.2,88.29166666666667
2024-02-26,23.1375,72.66666666666667,8.299999999999999,0.0,91.16666666666667
2024-02-27,22.59583333333333,71.375,8.508333333333335,0.0,75.04166666666667
2024-02-28,21.916666666666668,73.04166666666667,7.2625,0.0,72.08333333333333
2024-02-29,22.28333333333333,72.95833333333333,6.741666666666667,0.0,73.75
2024-03-01,22.6375,71.5,5.583333333333333,0.0,77.79166666666667
2024-03-02,23.270833333333332,68.16666666666667,6.841666666666666,0.5,58.333333333333336
2024-03-03,23.291666666666668,69.20833333333333,6.758333333333333,0.0,21.416666666666668
2024-03-04,23.037499999999998,73.20833333333333,7.1499999999999995,0.0,16.666666666666668
2024-03-05,22.4875,74.70833333333333,7.4375,0.0,56.916666666666664
2024-03-06,22.241666666666664,74.875,7.258333333333333,0.0,26.875
2024-03-07,22.337500000000002,75.58333333333333,7.154166666666666,0.0,51.208333333333336
2024-03-08,21.745833333333334,80.70833333333333,8.345833333333333,0.0,65.45833333333333
2024-03-09,21.279166666666665,81.125,7.808333333333334,0.0,62.541666666666664
2024-03-10,21.516666666666666,76.5,7.066666666666666,0.0,37.458333333333336
2024-03-11,21.40416666666667,75.95833333333333,8.345833333333333,0.0,48.541666666666664
2024-03-12,21.337500000000002,76.20833333333333,8.295833333333333,1.1,57.666666666666664
2024-03-13,21.195833333333333,75.79166666666667,6.3500000000000005,0.0,55.291666666666664
2024-03-14,21.1875,76.33333333333333,5.595833333333334,0.0,48.458333333333336
2024-03-15,21.974999999999998,72.375,6.533333333333334,0.0,51.75
2024-03-16,22.575,72.79166666666667,5.841666666666666,0.0,37.5
2024-03-17,22.241666666666664,78.29166666666667,7.441666666666666,0.0,33.125
2024-03-18,22.116666666666664,78.20833333333333,6.879166666666666,0.0,86.83333333333333
2024-03-19,23.070833333333336,75.66666666666667,6.379166666666666,0.0,38.416666666666664
2024-03-20,22.8625,75.16666666666667,7.9624999999999995,0.0,26.541666666666668
2024-03-21,21.53333333333333,82.75,8.220833333333333,0.0,0.8333333333333334
2024-03-22,21.47083333333333,80.5,7.020833333333333,0.0,12.25
2024-03-23,21.191666666666666,79.29166666666667,8.245833333333334,0.0,53.875
2024-03-24,21.175,76.91666666666667,5.633333333333333,0.0,18.291666666666668
2024-03-25,21.8875,74.5,4.045833333333333,0.0,3.0416666666666665
2024-03-26,22.316666666666666,73.29166666666667,4.720833333333333,0.0,0.20833333333333334
2024-03-27,22.879166666666666,72.04166666666667,5.229166666666667,0.0,1.75
2024-03-28,22.629166666666666,76.5,6.516666666666667,0.0,1.625
2024-03-29,21.829166666666666,82.125,8.125,0.0,2.0
2024-03-30,21.212500000000002,84.04166666666667,7.983333333333333,0.0,3.3333333333333335
2024-03-31,21.079166666666666,82.375,7.416666666666667,0.0,7.0
2024-04-01,20.483333333333334,81.79166666666667,6.983333333333333,0.0,7.958333333333333
2024-04-02,20.837500000000002,75.83333333333333,6.216666666666666,0.0,21.333333333333332
2024-04-03,21.108333333333334,74.625,6.854166666666667,0.0,28.666666666666668
2024-04-04,20.929166666666667,73.58333333333333,7.704166666666667,0.0,57.333333333333336
2024-04-05,21.145833333333332,79.70833333333333,6.666666666666667,0.0,79.0
2024-04-06,20.7375,80.79166666666667,6.8875,0.0,85.91666666666667
2024-04-07,21.0,78.45833333333333,6.620833333333334,0.0,86.04166666666667
2024-04-08,20.733333333333334,80.54166666666667,5.158333333333333,0.0,96.25
2024-04-09,20.854166666666668,79.79166666666667,7.641666666666667,0.0,55.083333333333336
2024-04-10,20.816666666666666,77.66666666666667,6.329166666666667,0.0,32.833333333333336
2024-04-11,20.604166666666668,77.08333333333333,7.129166666666666,0.0,51.083333333333336
2024-04-12,20.308333333333334,80.875,7.383333333333333,0.0,58.25
2024-04-13,20.575,78.20833333333333,6.291666666666667,0.0,43.75
2024-04-14,21.433333333333334,70.95833333333333,8.929166666666667,0.0,20.041666666666668
2024-04-15,21.520833333333332,69.66666666666667,9.920833333333333,0.0,24.166666666666668
2024-04-16,21.1375,64.375,5.641666666666667,0.0,0.0
2024-04-17,19.712500000000002,79.70833333333333,5.091666666666667,0.0,9.416666666666666
2024-04-18,19.566666666666666,77.70833333333333,4.566666666666667,0.0,36.25
2024-04-19,19.870833333333334,74.70833333333333,4.620833333333334,0.0,14.916666666666666
2024-04-20,20.633333333333333,67.04166666666667,5.583333333333333,0.0,0.5416666666666666
2024-04-21,21.358333333333334,68.29166666666667,6.4125000000000005,0.0,3.5833333333333335
2024-04-22,20.541666666666668,77.5,6.720833333333334,0.0,31.708333333333332
2024-04-23,20.004166666666666,79.54166666666667,8.416666666666666,0.0,25.541666666666668
2024-04-24,19.741666666666667,78.83333333333333,7.9375,0.0,58.041666666666664
2024-04-25,19.162499999999998,82.125,6.75,0.0,18.541666666666668
2024-04-26,18.8875,81.33333333333333,7.066666666666666,0.0,27.958333333333332
2024-04-27,18.837500000000002,80.70833333333333,6.191666666666666,0.0,28.666666666666668
2024-04-28,19.220833333333335,78.58333333333333,5.954166666666667,0.0,6.916666666666667
2024-04-29,20.254166666666666,72.33333333333333,5.083333333333333,0.0,0.0
2024-04-30,19.991666666666667,77.45833333333333,7.404166666666668,0.0,0.041666666666666664
2024-05-01,19.816666666666666,80.79166666666667,6.591666666666666,0.0,25.541666666666668
2024-05-02,19.275000000000002,82.875,7.404166666666666,0.0,70.08333333333333
2024-05-03,19.358333333333334,78.45833333333333,8.020833333333334,0.0,70.20833333333333
2024-05-04,17.599999999999998,81.5,7.3875,0.0,22.708333333333332
2024-05-05,17.970833333333335,80.58333333333333,7.1000000000000005,0.0,16.875
2024-05-06,18.716666666666665,81.33333333333333,7.104166666666667,0.0,42.583333333333336
2024-05-07,18.133333333333333,79.83333333333333,9.9125,0.0,16.708333333333332
2024-05-08,17.120833333333334,79.66666666666667,8.450000000000001,0.0,29.75
2024-05-09,18.329166666666666,77.66666666666667,6.904166666666666,0.0,59.958333333333336
2024-05-10,17.904166666666665,79.91666666666667,9.133333333333333,0.0,67.41666666666667
2024-05-11,16.908333333333335,81.66666666666667,9.2875,0.0,29.666666666666668
2024-05-12,16.808333333333334,77.125,8.1875,0.0,58.291666666666664
2024-05-13,16.95,72.58333333333333,5.866666666666666,0.0,47.541666666666664
2024-05-14,16.991666666666667,79.25,6.6000000000000005,0.0,16.791666666666668
2024-05-15,17.675,80.29166666666667,6.6499999999999995,0.0,93.5
2024-05-16,17.629166666666666,81.75,9.195833333333333,0.0,37.166666666666664
2024-05-17,18.579166666666666,78.33333333333333,7.945833333333333,0.0,67.25
2024-05-18,18.25,78.70833333333333,7.916666666666667,0.0,33.583333333333336
2024-05-19,16.7,85.75,4.4375,0.0,47.875
2024-05-20,16.95,84.0,5.366666666666667,0.0,11.25
2024-05-21,16.75,83.58333333333333,6.075,0.0,57.333333333333336
2024-05-22,16.854166666666668,79.45833333333333,5.933333333333334,0.0,15.125
2024-05-23,16.258333333333333,81.25,7.3625,0.0,24.583333333333332
2024-05-24,17.037499999999998,75.83333333333333,4.766666666666667,0.0,10.666666666666666
2024-05-25,17.358333333333334,75.91666666666667,7.5375000000000005,0.0,10.333333333333334
2024-05-26,16.337500000000002,81.29166666666667,7.054166666666667,0.0,29.0
2024-05-27,16.045833333333334,79.41666666666667,6.675,0.0,8.458333333333334
2024-05-28,16.108333333333334,84.45833333333333,6.116666666666667,0.0,38.875
2024-05-29,16.0625,77.08333333333333,7.270833333333333,0.0,20.375
2024-05-30,16.125,86.58333333333333,5.533333333333334,0.0,40.875
2024-05-31,16.825,80.0,6.2250000000000005,0.0,26.125
2024-06-01,15.933333333333332,88.625,6.575,0.0,56.333333333333336
2024-06-02,16.320833333333333,87.54166666666667,5.0,0.0,79.20833333333333
2024-06-03,16.741666666666667,78.625,5.166666666666667,0.0,24.125
2024-06-04,16.929166666666667,77.66666666666667,5.7375,0.0,48.583333333333336
2024-06-05,16.970833333333335,78.04166666666667,6.116666666666667,0.0,4.25
2024-06-06,16.8,82.33333333333333,6.5125,0.0,12.416666666666666
2024-06-07,16.170833333333334,84.625,5.066666666666666,0.0,36.375
2024-06-08,17.320833333333333,79.91666666666667,5.570833333333333,0.0,34.083333333333336
2024-06-09,16.233333333333334,86.16666666666667,6.708333333333333,0.0,97.83333333333333
2024-06-10,16.337500000000002,82.04166666666667,6.408333333333334,0.0,78.70833333333333
2024-06-11,16.770833333333332,81.33333333333333,6.383333333333333,0.0,29.875
2024-06-12,16.825,86.41666666666667,6.433333333333334,0.0,89.5
2024-06-13,16.770833333333332,88.25,7.316666666666666,0.0,56.75
2024-06-14,16.458333333333332,87.25,8.033333333333333,0.0,46.0
2024-06-15,16.833333333333332,86.5,7.5375000000000005,0.0,61.75
2024-06-16,16.841666666666665,87.95833333333333,8.041666666666666,0.0,91.08333333333333
2024-06-17,16.708333333333332,82.29166666666667,7.645833333333333,0.0,73.54166666666667
2024-06-18,16.045833333333334,78.625,6.595833333333334,0.0,47.625
2024-06-19,15.216666666666667,77.66666666666667,7.220833333333334,0.0,41.0
2024-06-20,16.295833333333334,81.33333333333333,6.25,0.0,14.458333333333334
2024-06-21,15.875,84.70833333333333,7.304166666666667,0.0,32.083333333333336
2024-06-22,15.904166666666667,84.625,9.091666666666667,0.0,26.083333333333332
2024-06-23,16.099999999999998,89.0,5.379166666666666,0.0,83.58333333333333
2024-06-24,16.329166666666666,86.29166666666667,7.095833333333334,0.0,71.20833333333333
2024-06-25,16.175,80.875,8.4625,0.0,76.83333333333333
2024-06-26,15.558333333333332,80.83333333333333,6.491666666666667,0.0,64.70833333333333
2024-06-27,15.266666666666666,80.25,5.283333333333333,0.0,88.08333333333333
2024-06-28,16.495833333333334,76.70833333333333,5.929166666666666,0.0,86.79166666666667
2024-06-29,15.945833333333333,82.29166666666667,6.7375,0.0,51.125
2024-06-30,15.520833333333334,82.83333333333333,6.875,0.0,23.291666666666668
2024-07-01,15.283333333333333,87.75,3.975,0.0,61.208333333333336
2024-07-02,15.2125,86.95833333333333,5.225,0.0,41.583333333333336
2024-07-03,15.679166666666667,82.33333333333333,4.416666666666667,0.0,53.166666666666664
2024-07-04,15.895833333333334,85.16666666666667,5.666666666666667,0.0,93.5
2024-07-05,15.920833333333334,81.33333333333333,6.541666666666667,0.0,25.25
2024-07-06,15.929166666666667,80.75,7.216666666666666,0.0,64.04166666666667
2024-07-07,15.7875,78.79166666666667,7.5375000000000005,0.0,21.5
2024-07-08,15.495833333333332,82.0,8.258333333333333,0.0,26.75
2024-07-09,15.225,76.75,6.879166666666666,0.0,9.833333333333334
2024-07-10,14.7125,75.83333333333333,6.083333333333333,0.0,36.916666666666664
2024-07-11,14.362499999999999,67.70833333333333,9.020833333333334,0.0,32.041666666666664
2024-07-12,14.295833333333334,67.25,7.804166666666667,0.0,0.125
2024-07-13,14.079166666666666,71.20833333333333,7.5625,0.0,36.375
2024-07-14,14.283333333333333,79.41666666666667,7.429166666666667,0.0,14.708333333333334
2024-07-15,14.2875,84.0,5.770833333333333,0.0,45.541666666666664
2024-07-16,14.424999999999999,78.41666666666667,4.85,0.0,33.291666666666664
2024-07-17,15.033333333333333,72.5,4.770833333333333,0.0,0.9166666666666666
2024-07-18,15.866666666666667,71.45833333333333,5.1125,0.0,0.0
2024-07-19,15.7875,79.45833333333333,4.491666666666666,0.0,6.333333333333333
2024-07-20,15.8375,78.625,4.741666666666666,0.0,34.375
2024-07-21,15.6625,79.16666666666667,9.004166666666666,0.0,25.666666666666668
2024-07-22,15.408333333333333,85.04166666666667,9.1,0.0,72.25
2024-07-23,15.5875,81.70833333333333,10.362499999999999,0.0,26.666666666666668
2024-07-24,15.154166666666667,87.29166666666667,5.508333333333333,0.0,28.875
2024-07-25,15.758333333333333,82.83333333333333,4.591666666666667,0.0,34.708333333333336
2024-07-26,15.075000000000001,87.04166666666667,6.591666666666666,0.0,42.833333333333336
2024-07-27,15.054166666666667,84.45833333333333,5.520833333333333,0.0,48.625
2024-07-28,15.295833333333334,86.83333333333333,5.508333333333333,0.0,45.708333333333336
2024-07-29,16.029166666666665,83.29166666666667,5.304166666666666,0.0,31.791666666666668
2024-07-30,15.8125,85.83333333333333,5.820833333333333,0.0,59.458333333333336
2024-07-31,15.4,87.125,5.441666666666666,0.0,67.33333333333333
2024-08-01,15.975000000000001,86.41666666666667,6.125,0.0,32.875
2024-08-02,16.133333333333333,82.20833333333333,7.333333333333333,0.0,46.833333333333336
2024-08-03,15.6,81.66666666666667,7.95,0.0,31.416666666666668
2024-08-04,15.7875,84.54166666666667,7.329166666666667,0.0,24.708333333333332
2024-08-05,15.275,85.5,9.570833333333333,0.0,74.25
2024-08-06,15.470833333333333,77.79166666666667,9.045833333333333,0.0,55.958333333333336
2024-08-07,14.558333333333332,75.625,10.395833333333334,0.0,28.541666666666668
2024-08-08,14.833333333333334,79.625,5.779166666666666,0.0,38.875
2024-08-09,14.6875,79.875,5.720833333333332,0.0,37.583333333333336
2024-08-10,14.625,81.08333333333333,7.0249999999999995,0.0,69.58333333333333
2024-08-11,14.145833333333334,84.16666666666667,6.241666666666667,0.0,81.66666666666667
2024-08-12,14.6875,80.91666666666667,4.6875,0.0,69.625
2024-08-13,15.166666666666666,84.5,5.7875000000000005,0.0,23.041666666666668
2024-08-14,15.054166666666667,84.29166666666667,7.379166666666666,0.0,39.541666666666664
2024-08-15,14.983333333333334,85.20833333333333,7.733333333333333,0.0,58.333333333333336
2024-08-16,15.275,84.5,8.045833333333333,0.0,65.0
2024-08-17,15.504166666666668,84.45833333333333,6.229166666666667,0.0,20.333333333333332
2024-08-18,15.670833333333334,81.625,6.691666666666666,0.0,24.291666666666668
2024-08-19,15.941666666666668,85.58333333333333,7.566666666666666,0.0,46.208333333333336
2024-08-20,15.983333333333334,85.95833333333333,7.979166666666667,0.0,95.29166666666667
2024-08-21,16.016666666666666,80.08333333333333,10.75,0.0,68.375
2024-08-22,14.799999999999999,80.45833333333333,10.241666666666667,0.0,44.833333333333336
2024-08-23,14.379166666666668,76.125,6.6375,0.0,52.083333333333336
2024-08-24,15.395833333333334,78.04166666666667,7.429166666666667,0.0,19.166666666666668
2024-08-25,15.25,81.70833333333333,7.1875,0.0,7.0
2024-08-26,15.533333333333333,86.79166666666667,6.8625,0.0,45.166666666666664
2024-08-27,15.191666666666668,83.625,7.379166666666666,0.0,71.83333333333333
2024-08-28,15.358333333333334,80.375,7.508333333333333,0.0,88.16666666666667
2024-08-29,15.195833333333333,74.41666666666667,8.387500000000001,0.0,37.25
2024-08-30,14.708333333333334,74.58333333333333,11.475,0.0,29.708333333333332
2024-08-31,14.441666666666668,76.70833333333333,7.929166666666667,0.0,23.125
2024-09-01,14.308333333333332,82.91666666666667,7.199999999999999,0.0,18.708333333333332
2024-09-02,14.579166666666666,81.5,6.170833333333333,0.0,20.666666666666668
2024-09-03,15.245833333333332,79.25,6.8125,0.0,9.208333333333334
2024-09-04,15.366666666666667,81.875,8.216666666666667,0.0,32.916666666666664
2024-09-05,15.308333333333332,83.75,5.033333333333333,0.0,49.125
2024-09-06,15.933333333333332,79.625,5.408333333333334,0.0,44.875
2024-09-07,15.841666666666667,84.0,7.895833333333333,0.0,38.416666666666664
2024-09-08,15.825000000000001,84.83333333333333,7.5,0.0,58.125
2024-09-09,15.4375,85.75,7.3500000000000005,0.0,40.875
2024-09-10,16.162499999999998,76.91666666666667,6.245833333333334,0.0,22.666666666666668
2024-09-11,15.833333333333334,83.375,6.579166666666667,0.0,42.708333333333336
2024-09-12,15.637500000000001,80.04166666666667,7.716666666666666,0.0,66.58333333333333
2024-09-13,15.762500000000001,80.45833333333333,9.554166666666667,0.0,30.375
2024-09-14,15.475,82.79166666666667,9.016666666666667,0.0,27.541666666666668
2024-09-15,15.279166666666667,85.54166666666667,9.508333333333333,0.0,58.0
2024-09-16,15.65,79.54166666666667,5.541666666666667,0.0,40.583333333333336
2024-09-17,16.441666666666666,75.33333333333333,7.704166666666667,0.0,2.5833333333333335
2024-09-18,15.583333333333334,87.20833333333333,7.333333333333333,0.0,46.75
2024-09-19,16.1375,81.16666666666667,9.195833333333333,0.0,55.0
2024-09-20,15.545833333333334,81.66666666666667,6.433333333333334,0.0,52.125
2024-09-21,16.529166666666665,77.0,7.195833333333333,0.0,65.33333333333333
2024-09-22,16.6875,81.58333333333333,7.770833333333333,0.0,36.041666666666664
2024-09-23,16.183333333333334,87.16666666666667,7.875,0.0,68.625
2024-09-24,16.129166666666666,82.91666666666667,7.833333333333333,0.0,38.458333333333336
2024-09-25,15.708333333333334,83.16666666666667,7.958333333333333,0.0,63.875
2024-09-26,15.441666666666668,82.58333333333333,8.329166666666667,0.0,40.666666666666664
2024-09-27,15.875,75.375,6.3875,0.0,18.833333333333332
2024-09-28,16.133333333333333,79.16666666666667,6.9750000000000005,0.0,24.791666666666668
2024-09-29,17.258333333333333,77.625,7.083333333333333,0.0,30.333333333333332
2024-09-30,16.345833333333335,85.375,9.454166666666667,0.0,69.45833333333333
2024-10-01,16.291666666666668,84.08333333333333,9.5875,0.0,50.416666666666664
2024-10-02,16.045833333333334,82.45833333333333,7.741666666666667,0.0,49.041666666666664
2024-10-03,16.770833333333332,81.125,5.879166666666666,0.0,37.541666666666664
2024-10-04,17.962500000000002,77.25,6.579166666666667,0.0,38.291666666666664
2024-10-05,17.379166666666666,83.33333333333333,6.170833333333333,0.0,58.333333333333336
2024-10-06,18.616666666666667,75.95833333333333,5.0625,0.0,49.375
2024-10-07,18.554166666666667,80.41666666666667,5.7,0.2,45.833333333333336
2024-10-08,18.616666666666667,84.04166666666667,10.070833333333333,1.1,88.54166666666667
2024-10-09,18.204166666666666,79.79166666666667,11.179166666666667,0.0,78.41666666666667
2024-10-10,17.650000000000002,72.75,10.908333333333333,0.0,35.0
2024-10-11,17.041666666666668,68.41666666666667,7.008333333333333,0.0,2.7083333333333335
2024-10-12,17.224999999999998,77.41666666666667,6.4750000000000005,0.0,2.7083333333333335
2024-10-13,17.970833333333335,73.16666666666667,7.966666666666666,0.0,4.833333333333333
2024-10-14,16.816666666666666,84.58333333333333,8.966666666666667,0.0,49.791666666666664
2024-10-15,16.6875,81.375,6.5249999999999995,0.0,15.041666666666666
2024-10-16,17.591666666666665,76.16666666666667,6.866666666666667,0.0,2.9166666666666665
2024-10-17,16.883333333333333,81.95833333333333,8.299999999999999,0.0,16.5
2024-10-18,17.020833333333332,80.41666666666667,7.1499999999999995,0.0,44.0
2024-10-19,17.704166666666666,77.41666666666667,6.804166666666667,0.0,26.75
2024-10-20,17.462500000000002,76.70833333333333,6.966666666666666,0.0,1.0416666666666667
2024-10-21,17.55,70.125,7.5125,0.0,0.0
2024-10-22,16.983333333333334,75.79166666666667,9.133333333333333,0.0,1.7083333333333333
2024-10-23,16.912499999999998,81.625,9.833333333333334,0.0,3.2916666666666665
2024-10-24,17.045833333333334,82.58333333333333,9.049999999999999,0.0,14.0
2024-10-25,16.366666666666667,80.29166666666667,8.029166666666667,0.0,23.083333333333332
2024-10-26,16.775000000000002,79.875,7.679166666666667,0.0,26.375
2024-10-27,17.291666666666668,78.54166666666667,7.558333333333334,0.0,45.25
2024-10-28,17.541666666666668,81.375,6.895833333333333,0.0,3.4583333333333335
2024-10-29,17.854166666666668,81.375,8.841666666666667,0.0,23.708333333333332
2024-10-30,17.316666666666666,83.33333333333333,8.041666666666666,0.0,26.208333333333332
2024-10-31,17.82916666666667,79.54166666666667,7.508333333333333,0.0,51.25
2024-11-01,17.900000000000002,77.25,8.608333333333333,0.0,18.833333333333332
2024-11-02,17.337500000000002,78.91666666666667,8.333333333333334,0.0,22.541666666666668
2024-11-03,18.229166666666668,76.79166666666667,8.516666666666667,0.0,20.0
2024-11-04,17.970833333333335,80.20833333333333,9.325000000000001,0.0,11.875
2024-11-05,17.900000000000002,79.375,6.8374999999999995,0.0,18.333333333333332
2024-11-06,18.05,76.0,7.729166666666667,0.0,5.583333333333333
2024-11-07,17.7375,80.70833333333333,6.8875,0.0,62.708333333333336
2024-11-08,17.766666666666666,77.54166666666667,5.308333333333334,0.0,38.041666666666664
2024-11-09,18.445833333333333,73.70833333333333,6.316666666666666,0.0,40.458333333333336
2024-11-10,19.220833333333335,74.79166666666667,8.620833333333334,0.0,7.375
2024-11-11,19.279166666666665,77.625,7.754166666666666,0.0,4.416666666666667
2024-11-12,18.558333333333334,79.79166666666667,6.375,0.0,13.5
2024-11-13,18.958333333333332,75.33333333333333,4.816666666666666,0.0,83.20833333333333
2024-11-14,19.383333333333333,75.08333333333333,5.520833333333333,0.0,35.208333333333336
2024-11-15,19.220833333333335,76.16666666666667,6.045833333333333,0.0,9.458333333333334
2024-11-16,18.845833333333335,73.375,6.9375,0.0,37.916666666666664
2024-11-17,18.729166666666668,76.5,6.620833333333334,0.0,74.70833333333333
2024-11-18,18.7,78.125,6.679166666666667,0.0,63.708333333333336
2024-11-19,18.616666666666667,78.0,6.5249999999999995,0.0,77.95833333333333
2024-11-20,18.608333333333334,76.625,5.633333333333333,0.0,87.83333333333333
2024-11-21,19.145833333333332,73.04166666666667,5.420833333333333,0.0,64.41666666666667
2024-11-22,19.083333333333332,73.66666666666667,6.379166666666666,0.0,77.58333333333333
2024-11-23,19.391666666666666,77.375,7.129166666666666,0.0,91.20833333333333
2024-11-24,19.520833333333332,76.70833333333333,6.533333333333334,0.0,55.125
2024-11-25,20.108333333333334,72.41666666666667,5.120833333333334,0.5,76.45833333333333
2024-11-26,20.400000000000002,73.16666666666667,5.979166666666667,0.0,78.45833333333333
2024-11-27,20.616666666666667,72.25,6.116666666666667,0.0,62.791666666666664
2024-11-28,20.508333333333333,72.29166666666667,7.479166666666667,0.0,60.208333333333336
2024-11-29,19.979166666666668,73.5,8.0,0.0,66.375
2024-11-30,19.916666666666668,75.5,6.641666666666667,0.0,52.791666666666664
2024-12-01,19.654166666666665,77.54166666666667,6.6000000000000005,0.0,62.291666666666664
2024-12-02,19.208333333333332,77.04166666666667,5.545833333333333,0.0,68.33333333333333
2024-12-03,19.558333333333334,76.375,4.6000000000000005,0.0,87.5
2024-12-04,19.337500000000002,75.29166666666667,5.145833333333333,0.0,47.916666666666664
2024-12-05,19.162499999999998,75.5,6.395833333333333,0.0,42.125
2024-12-06,18.341666666666665,78.08333333333333,6.854166666666667,0.0,57.875
2024-12-07,18.3375,78.66666666666667,6.5125,0.0,50.041666666666664
2024-12-08,18.133333333333333,79.66666666666667,6.4624999999999995,0.0,89.08333333333333
2024-12-09,17.95,77.91666666666667,7.5625,0.0,98.625
2024-12-10,18.2375,73.04166666666667,6.883333333333333,0.0,36.041666666666664
2024-12-11,18.712500000000002,72.83333333333333,6.2,0.0,46.166666666666664
2024-12-12,18.825,73.875,5.9875,0.0,25.208333333333332
2024-12-13,18.558333333333334,74.08333333333333,6.270833333333333,0.0,37.708333333333336
2024-12-14,19.045833333333334,75.0,5.433333333333334,0.0,12.708333333333334
2024-12-15,19.645833333333332,76.58333333333333,7.141666666666667,0.0,33.041666666666664
2024-12-16,19.354166666666668,80.41666666666667,6.816666666666666,0.0,89.41666666666667
2024-12-17,19.375,79.33333333333333,7.570833333333333,0.0,69.25
2024-12-18,19.270833333333332,77.45833333333333,7.366666666666667,0.0,69.95833333333333
2024-12-19,19.141666666666666,75.91666666666667,5.333333333333333,0.0,65.08333333333333
2024-12-20,19.458333333333332,75.125,6.233333333333333,0.0,66.45833333333333
2024-12-21,19.470833333333335,79.625,6.833333333333333,0.0,29.5
2024-12-22,19.608333333333334,78.66666666666667,5.779166666666666,0.0,20.041666666666668
2024-12-23,20.416666666666668,74.95833333333333,6.133333333333333,0.0,40.916666666666664
2024-12-24,20.325,78.0,6.05,0.0,12.583333333333334
2024-12-25,19.695833333333333,78.16666666666667,6.991666666666667,0.0,1.25
2024-12-26,20.150000000000002,74.875,7.145833333333333,0.0,0.125
2024-12-27,20.2375,77.16666666666667,6.708333333333333,0.0,55.125
2024-12-28,20.537499999999998,76.54166666666667,8.495833333333334,0.0,32.875
2024-12-29,20.0625,77.04166666666667,7.370833333333334,0.0,35.791666666666664
2024-12-30,19.991666666666667,76.54166666666667,7.2749999999999995,0.0,57.75
2024-12-31,20.333333333333332,74.25,6.416666666666667,0.0,61.208333333333336
2025-01-01,20.42083333333333,74.375,5.791666666666667,0.0,41.625
2025-01-02,20.95,73.75,4.7875000000000005,0.0,74.25
2025-01-03,21.683333333333334,71.25,5.558333333333334,0.0,93.95833333333333
2025-01-04,23.0125,68.66666666666667,6.295833333333333,0.0,87.33333333333333
2025-01-05,22.308333333333334,75.29166666666667,5.395833333333333,0.0,72.29166666666667
2025-01-06,21.4875,79.45833333333333,6.454166666666667,0.0,50.583333333333336
2025-01-07,21.599999999999998,74.54166666666667,6.241666666666667,0.0,65.25
2025-01-08,21.445833333333336,71.625,5.466666666666668,0.0,42.333333333333336
2025-01-09,21.1375,73.29166666666667,6.266666666666667,0.0,45.166666666666664
2025-01-10,20.995833333333334,74.54166666666667,6.283333333333334,0.0,36.375
2025-01-11,20.945833333333333,72.04166666666667,5.7875000000000005,0.0,0.6666666666666666
2025-01-12,21.379166666666666,70.95833333333333,5.604166666666667,0.0,4.875
2025-01-13,21.474999999999998,73.33333333333333,5.058333333333334,0.0,0.0
2025-01-14,21.912499999999998,70.75,5.304166666666666,0.0,2.0833333333333335
2025-01-15,22.712500000000002,71.625,6.733333333333333,0.0,2.625
2025-01-16,22.416666666666668,76.45833333333333,6.670833333333333,0.0,2.125
2025-01-17,22.166666666666668,77.91666666666667,7.016666666666667,0.0,0.16666666666666666
2025-01-18,21.504166666666666,77.16666666666667,6.1125,0.0,31.625
2025-01-19,21.616666666666664,76.29166666666667,5.2749999999999995,0.0,52.125
2025-01-20,21.5125,73.5,6.05,0.0,87.45833333333333
2025-01-21,22.1875,68.91666666666667,6.570833333333333,0.0,45.458333333333336
2025-01-22,22.258333333333336,69.54166666666667,6.379166666666666,0.0,65.75
2025-01-23,22.204166666666666,74.95833333333333,6.3374999999999995,0.0,77.83333333333333
2025-01-24,22.349999999999998,71.16666666666667,6.658333333333334,0.0,81.41666666666667
2025-01-25,22.295833333333334,71.08333333333333,7.058333333333334,0.0,71.58333333333333
2025-01-26,22.245833333333334,71.20833333333333,5.8125,0.0,44.541666666666664
2025-01-27,21.71666666666667,74.41666666666667,6.658333333333334,0.0,53.833333333333336
2025-01-28,21.958333333333332,72.08333333333333,4.854166666666667,0.0,75.79166666666667
2025-01-29,22.462500000000002,71.79166666666667,5.641666666666667,0.0,68.08333333333333
2025-01-30,22.879166666666666,70.04166666666667,6.3,0.0,29.25
2025-01-31,22.775000000000002,72.75,6.920833333333333,0.0,8.791666666666666
2025-02-01,22.566666666666666,74.58333333333333,6.958333333333333,0.0,1.2916666666666667
2025-02-02,23.241666666666664,72.16666666666667,6.129166666666666,0.0,17.25
2025-02-03,22.829166666666666,74.04166666666667,5.75,0.0,22.416666666666668
2025-02-04,23.391666666666666,66.91666666666667,5.429166666666667,0.0,12.166666666666666
2025-02-05,23.099999999999998,66.83333333333333,6.625,0.0,7.166666666666667
2025-02-06,23.570833333333336,68.91666666666667,5.416666666666667,0.0,1.125
2025-02-07,24.1125,67.41666666666667,5.104166666666667,0.0,9.916666666666666
2025-02-08,24.266666666666666,67.875,5.8999999999999995,0.0,21.708333333333332
2025-02-09,24.325,68.04166666666667,5.916666666666667,0.0,3.375
2025-02-10,25.40416666666667,64.5,5.220833333333333,0.0,5.5
2025-02-11,25.708333333333332,64.95833333333333,6.279166666666666,0.0,23.291666666666668
2025-02-12,25.1375,68.29166666666667,6.845833333333334,0.0,63.583333333333336
2025-02-13,24.866666666666664,68.54166666666667,6.4375,0.0,47.208333333333336
2025-02-14,24.441666666666666,69.20833333333333,5.670833333333333,0.30000000000000004,70.875
2025-02-15,24.1375,73.5,6.670833333333333,0.0,64.25
2025-02-16,23.829166666666666,72.16666666666667,8.266666666666667,0.0,62.583333333333336
2025-02-17,23.47083333333333,71.75,6.2875000000000005,0.0,96.25
2025-02-18,22.820833333333336,71.08333333333333,4.5625,0.0,83.16666666666667
2025-02-19,23.745833333333334,65.95833333333333,6.329166666666667,0.1,73.29166666666667
2025-02-20,23.695833333333336,66.20833333333333,6.9750000000000005,0.0,42.583333333333336
2025-02-21,23.712500000000002,65.91666666666667,6.6000000000000005,0.0,45.958333333333336
2025-02-22,23.125,68.54166666666667,6.720833333333334,0.0,39.625
2025-02-23,23.291666666666668,67.79166666666667,5.2749999999999995,0.0,15.708333333333334
2025-02-24,23.420833333333334,68.75,5.645833333333333,0.0,7.958333333333333
2025-02-25,23.5125,69.20833333333333,6.083333333333333,0.0,4.5
2025-02-26,23.6875,71.45833333333333,5.320833333333334,0.0,11.083333333333334
2025-02-27,24.133333333333336,69.375,4.425,0.0,2.375
2025-02-28,24.570833333333336,66.5,5.679166666666667,0.0,30.708333333333332
2025-03-01,23.679166666666664,71.08333333333333,5.641666666666667,0.0,4.625
2025-03-02,23.420833333333334,71.66666666666667,6.6000000000000005,0.0,54.416666666666664
2025-03-03,22.525000000000002,73.75,6.016666666666667,0.0,90.75
2025-03-04,21.78333333333333,73.58333333333333,5.1125,0.0,64.5
2025-03-05,21.991666666666664,70.41666666666667,4.533333333333333,0.0,68.83333333333333
2025-03-06,22.65833333333333,67.70833333333333,4.929166666666666,0.0,96.29166666666667
2025-03-07,23.2,63.041666666666664,7.029166666666666,0.0,81.5
2025-03-08,22.329166666666666,65.125,5.1000000000000005,0.0,89.83333333333333
2025-03-09,22.695833333333336,67.33333333333333,3.8625000000000003,0.0,95.79166666666667
2025-03-10,23.304166666666664,69.5,5.358333333333333,0.0,73.91666666666667
2025-03-11,22.329166666666666,76.33333333333333,4.795833333333333,0.0,1.2083333333333333
2025-03-12,22.258333333333336,75.33333333333333,5.645833333333333,0.0,0.0
2025-03-13,21.724999999999998,77.79166666666667,4.3999999999999995,0.0,46.458333333333336
2025-03-14,21.7625,75.45833333333333,4.745833333333334,0.0,53.791666666666664
2025-03-15,21.78333333333333,72.45833333333333,5.883333333333333,0.0,13.291666666666666
2025-03-16,21.579166666666666,70.79166666666667,6.529166666666666,0.0,26.75
2025-03-17,20.829166666666666,75.125,6.141666666666667,0.0,29.458333333333332
2025-03-18,20.816666666666666,75.66666666666667,5.354166666666667,0.0,54.333333333333336
2025-03-19,21.033333333333335,71.875,5.8500000000000005,0.0,10.916666666666666
2025-03-20,21.087500000000002,68.95833333333333,5.416666666666667,0.0,0.0
2025-03-21,20.891666666666666,71.20833333333333,5.120833333333334,0.0,50.291666666666664
2025-03-22,20.958333333333332,70.91666666666667,4.8999999999999995,0.0,0.6666666666666666
2025-03-23,21.370833333333334,69.20833333333333,4.583333333333333,0.0,0.0
2025-03-24,21.25,70.16666666666667,4.920833333333333,0.0,28.625
2025-03-25,21.454166666666666,70.375,4.841666666666667,0.0,18.208333333333332
2025-03-26,22.083333333333332,70.58333333333333,5.520833333333333,0.0,25.375
2025-03-27,22.245833333333334,71.125,5.941666666666666,0.0,88.25
2025-03-28,21.587500000000002,74.79166666666667,6.345833333333334,0.0,66.375
2025-03-29,21.895833333333332,73.25,6.0249999999999995,0.0,55.708333333333336
2025-03-30,21.275000000000002,75.54166666666667,6.908333333333334,0.0,9.583333333333334
2025-03-31,20.320833333333333,75.41666666666667,5.058333333333334,0.0,17.291666666666668
2025-04-01,20.733333333333334,70.45833333333333,5.6000000000000005,0.0,66.79166666666667
2025-04-02,20.483333333333334,72.70833333333333,6.033333333333334,0.0,63.291666666666664
2025-04-03,20.204166666666666,76.04166666666667,4.866666666666666,0.0,51.208333333333336
2025-04-04,20.525000000000002,74.41666666666667,4.795833333333333,0.0,31.041666666666668
2025-04-05,20.745833333333334,74.70833333333333,5.604166666666667,0.0,41.333333333333336
2025-04-06,20.558333333333334,74.91666666666667,6.229166666666667,0.0,11.5
2025-04-07,20.037499999999998,75.95833333333333,5.8,0.0,0.0
2025-04-08,20.150000000000002,76.41666666666667,5.441666666666666,0.0,0.0
2025-04-09,20.270833333333332,75.58333333333333,6.108333333333333,0.0,0.041666666666666664
2025-04-10,19.8875,74.04166666666667,5.908333333333334,0.0,0.125
2025-04-11,20.0125,73.625,5.2625,0.0,1.625
2025-04-12,19.754166666666666,72.29166666666667,6.904166666666666,0.0,0.0
2025-04-13,19.229166666666668,76.45833333333333,5.204166666666667,0.0,3.4166666666666665
2025-04-14,19.32916666666667,78.875,6.533333333333332,0.0,18.458333333333332
2025-04-15,18.525000000000002,79.375,6.341666666666668,0.0,0.9583333333333334
2025-04-16,18.254166666666666,80.83333333333333,4.883333333333334,0.0,2.8333333333333335
2025-04-17,18.462500000000002,74.75,4.608333333333333,0.0,7.375
2025-04-18,18.525000000000002,71.75,4.591666666666667,0.0,2.3333333333333335
2025-04-19,18.616666666666667,73.45833333333333,5.004166666666667,0.0,46.75
2025-04-20,19.05,71.79166666666667,3.9499999999999997,0.0,87.08333333333333
2025-04-21,19.625,70.16666666666667,4.575,0.0,99.79166666666667
2025-04-22,19.875,73.66666666666667,5.854166666666667,0.0,29.416666666666668
2025-04-23,19.520833333333332,75.66666666666667,6.216666666666666,0.0,0.20833333333333334
2025-04-24,18.691666666666666,80.45833333333333,4.066666666666666,0.0,5.791666666666667
2025-04-25,18.6125,78.16666666666667,3.8625000000000003,0.0,32.25
2025-04-26,18.904166666666665,76.0,3.7708333333333335,0.0,65.25
2025-04-27,18.770833333333332,79.625,4.154166666666667,0.0,44.708333333333336
2025-04-28,18.283333333333335,78.83333333333333,4.833333333333333,0.0,39.541666666666664
2025-04-29,18.133333333333333,77.75,5.283333333333333,0.0,48.458333333333336
2025-04-30,18.308333333333334,75.95833333333333,5.641666666666667,0.0,1.875
2025-05-01,18.441666666666666,75.20833333333333,6.583333333333333,1.2000000000000002,75.83333333333333
2025-05-02,17.900000000000002,77.54166666666667,5.7875000000000005,0.0,83.625
2025-05-03,17.966666666666665,79.54166666666667,4.895833333333333,0.0,47.0
2025-05-04,17.691666666666666,82.125,4.4750000000000005,0.0,86.91666666666667
2025-05-05,17.866666666666667,79.41666666666667,4.779166666666667,0.0,70.91666666666667
2025-05-06,17.525000000000002,79.25,5.033333333333333,0.0,49.666666666666664
2025-05-07,17.454166666666666,78.91666666666667,4.920833333333333,0.0,37.916666666666664
2025-05-08,17.845833333333335,78.16666666666667,5.379166666666666,0.0,1.9166666666666667
2025-05-09,17.775000000000002,78.41666666666667,4.979166666666667,0.0,36.375
2025-05-10,18.004166666666666,76.0,3.545833333333333,0.0,15.041666666666666
2025-05-11,18.066666666666666,77.20833333333333,4.5874999999999995,0.0,0.2916666666666667
2025-05-12,17.204166666666666,82.83333333333333,4.245833333333334,0.0,17.833333333333332
2025-05-13,17.55,76.5,4.604166666666667,0.0,35.75
2025-05-14,17.25,78.125,4.420833333333333,0.0,99.79166666666667
2025-05-15,17.595833333333335,79.29166666666667,4.570833333333334,0.0,42.0
2025-05-16,17.95,75.33333333333333,4.391666666666667,0.0,5.75
2025-05-17,18.345833333333335,79.58333333333333,5.216666666666667,0.0,4.291666666666667
2025-05-18,17.891666666666666,83.79166666666667,5.8,0.0,59.333333333333336
2025-05-19,18.191666666666666,79.66666666666667,6.358333333333333,0.0,44.958333333333336
2025-05-20,17.375,84.08333333333333,5.104166666666667,0.0,50.416666666666664
2025-05-21,17.383333333333333,82.125,4.875,0.0,15.458333333333334
2025-05-22,17.504166666666666,83.58333333333333,3.754166666666667,0.0,10.0
2025-05-23,17.55,80.04166666666667,4.75,0.0,15.25
2025-05-24,17.212500000000002,81.08333333333333,4.229166666666667,0.0,74.0
2025-05-25,17.666666666666668,78.66666666666667,5.5125,0.0,49.541666666666664
2025-05-26,16.545833333333334,80.70833333333333,5.7124999999999995,0.0,57.083333333333336
2025-05-27,16.6125,79.66666666666667,4.891666666666667,0.0,41.583333333333336
2025-05-28,16.433333333333334,76.5,4.195833333333334,0.0,25.208333333333332
2025-05-29,16.345833333333335,75.70833333333333,4.679166666666666,0.0,11.166666666666666
2025-05-30,16.0125,81.45833333333333,4.095833333333333,0.0,37.666666666666664
2025-05-31,16.287499999999998,78.45833333333333,4.254166666666667,0.0,39.125
2025-06-01,16.3625,77.08333333333333,4.391666666666667,0.0,6.583333333333333
2025-06-02,16.708333333333332,76.16666666666667,4.5625,0.0,12.208333333333334
2025-06-03,16.716666666666665,83.95833333333333,4.641666666666667,0.0,94.58333333333333
2025-06-04,16.425,87.33333333333333,5.55,0.0,88.5
2025-06-05,16.595833333333335,86.04166666666667,5.4875,0.0,89.41666666666667
2025-06-06,17.241666666666667,82.20833333333333,5.891666666666667,0.0,73.70833333333333
2025-06-07,16.529166666666665,85.91666666666667,6.8625,0.0,57.125
2025-06-08,16.204166666666666,85.5,4.183333333333334,0.0,58.166666666666664
2025-06-09,16.470833333333335,85.20833333333333,3.0208333333333335,0.0,85.875
2025-06-10,16.712500000000002,75.5,3.3666666666666667,0.0,18.083333333333332
2025-06-11,17.229166666666668,77.08333333333333,3.154166666666667,0.0,18.375
2025-06-12,17.354166666666668,77.41666666666667,7.020833333333333,0.0,61.833333333333336
2025-06-13,17.733333333333334,83.54166666666667,4.533333333333333,0.1,79.95833333333333
2025-06-14,17.316666666666666,78.625,6.3875,0.0,28.666666666666668
2025-06-15,16.633333333333333,81.125,4.116666666666666,0.0,53.0
2025-06-16,16.5125,77.91666666666667,5.8374999999999995,0.0,39.958333333333336
2025-06-17,15.887500000000001,82.54166666666667,6.516666666666667,0.0,36.416666666666664
2025-06-18,16.191666666666666,81.33333333333333,6.329166666666667,0.0,9.916666666666666
2025-06-19,15.929166666666667,78.79166666666667,4.016666666666667,0.0,16.291666666666668
2025-06-20,15.65,82.375,4.054166666666666,0.0,28.041666666666668
2025-06-21,15.066666666666668,82.70833333333333,5.0625,0.0,64.58333333333333
2025-06-22,14.65,79.125,4.333333333333333,0.0,73.54166666666667
2025-06-23,15.470833333333333,79.29166666666667,4.704166666666667,0.0,58.75
2025-06-24,15.579166666666666,76.0,4.25,0.0,14.625
2025-06-25,17.329166666666666,71.625,3.816666666666667,0.0,33.291666666666664
2025-06-26,16.904166666666665,81.41666666666667,6.458333333333333,0.0,23.041666666666668
2025-06-27,16.212500000000002,85.08333333333333,4.958333333333333,0.0,68.625
2025-06-28,16.4875,82.54166666666667,7.970833333333334,0.2,61.375
2025-06-29,15.316666666666668,81.29166666666667,4.241666666666666,0.0,9.083333333333334
2025-06-30,15.3375,81.83333333333333,2.9458333333333333,0.0,39.5
2025-07-01,15.133333333333333,84.41666666666667,3.8625000000000003,0.0,50.5
2025-07-02,14.604166666666666,85.33333333333333,2.775,0.0,40.708333333333336
2025-07-03,14.895833333333334,78.875,3.466666666666667,0.0,2.125
2025-07-04,16.058333333333334,78.58333333333333,3.341666666666667,0.0,17.791666666666668
2025-07-05,16.554166666666667,77.91666666666667,4.2875000000000005,0.0,78.625
2025-07-06,16.462500000000002,80.875,6.391666666666667,0.0,38.333333333333336
2025-07-07,15.629166666666668,84.875,4.404166666666667,0.0,79.41666666666667
2025-07-08,16.391666666666666,80.79166666666667,4.554166666666666,0.0,40.958333333333336
2025-07-09,15.658333333333333,81.75,4.883333333333334,0.0,42.166666666666664
2025-07-10,14.841666666666667,79.54166666666667,5.279166666666667,0.0,53.791666666666664
2025-07-11,14.616666666666667,79.04166666666667,4.2250000000000005,0.0,9.75
2025-07-12,14.658333333333333,80.20833333333333,4.858333333333333,0.0,13.791666666666666
2025-07-13,14.958333333333334,83.29166666666667,5.691666666666666,0.0,15.0
2025-07-14,14.883333333333333,85.125,6.883333333333333,0.0,34.041666666666664
2025-07-15,14.908333333333333,82.0,6.395833333333333,0.0,48.0
2025-07-16,14.645833333333334,79.125,4.329166666666667,0.0,44.416666666666664
2025-07-17,14.633333333333333,79.45833333333333,3.158333333333333,0.0,39.25
2025-07-18,14.725,81.75,4.695833333333334,0.0,30.75
2025-07-19,14.841666666666667,84.16666666666667,5.016666666666667,0.0,43.083333333333336
2025-07-20,14.879166666666668,86.875,4.429166666666666,0.0,36.833333333333336
2025-07-21,14.645833333333334,87.20833333333333,4.195833333333334,0.0,67.95833333333333
2025-07-22,14.625,81.83333333333333,4.179166666666666,0.0,29.375
2025-07-23,14.833333333333334,75.91666666666667,4.875,0.0,4.125
2025-07-24,14.541666666666666,85.33333333333333,5.283333333333333,0.0,28.875
2025-07-25,14.716666666666667,84.20833333333333,4.970833333333333,0.0,40.875
2025-07-26,15.325000000000001,83.08333333333333,5.191666666666666,0.0,49.833333333333336
2025-07-27,15.445833333333333,77.41666666666667,6.179166666666667,0.0,42.458333333333336
2025-07-28,15.487499999999999,85.58333333333333,4.2749999999999995,0.0,92.83333333333333
2025-07-29,15.875,88.04166666666667,3.9125,0.0,72.33333333333333
2025-07-30,15.954166666666666,86.79166666666667,4.591666666666667,0.0,67.08333333333333
2025-07-31,16.925,81.95833333333333,5.029166666666667,0.0,29.208333333333332
2025-08-01,16.754166666666666,82.625,8.0,0.0,19.833333333333332
2025-08-02,16.3125,88.625,4.833333333333333,0.0,63.208333333333336
2025-08-03,15.9375,83.79166666666667,3.3166666666666664,0.0,43.291666666666664
2025-08-04,15.608333333333334,84.29166666666667,3.4,0.0,51.0
2025-08-05,16.004166666666666,83.70833333333333,4.408333333333333,0.0,43.708333333333336
2025-08-06,15.245833333333332,85.33333333333333,4.375,0.0,67.91666666666667
2025-08-07,15.758333333333333,78.08333333333333,4.2625,0.0,24.791666666666668
2025-08-08,15.0,80.875,3.8000000000000003,0.0,31.875
2025-08-09,14.970833333333333,80.33333333333333,4.875,0.0,1.4166666666666667
2025-08-10,14.604166666666666,84.125,5.504166666666666,0.0,29.458333333333332
2025-08-11,14.424999999999999,81.25,3.3666666666666667,0.0,31.958333333333332
2025-08-12,14.799999999999999,79.375,3.420833333333333,0.0,1.5416666666666667
2025-08-13,15.1,79.375,2.954166666666667,0.0,3.4166666666666665
2025-08-14,15.570833333333333,79.70833333333333,3.6458333333333335,0.0,13.541666666666666
2025-08-15,15.674999999999999,78.25,4.925,0.0,5.5
2025-08-16,15.1,85.20833333333333,4.308333333333334,0.4,82.79166666666667
2025-08-17,16.662499999999998,79.83333333333333,3.8041666666666667,0.0,17.458333333333332
2025-08-18,15.883333333333333,80.25,4.6625,0.2,58.041666666666664
2025-08-19,16.320833333333333,68.125,7.070833333333333,0.0,45.333333333333336
2025-08-20,16.108333333333334,74.16666666666667,4.604166666666667,0.0,19.458333333333332
2025-08-21,15.691666666666668,80.91666666666667,5.295833333333333,0.0,65.58333333333333
2025-08-22,16.2625,74.08333333333333,7.8,0.0,83.625
2025-08-23,14.908333333333333,75.375,8.9375,0.0,11.291666666666666
2025-08-24,14.35,71.04166666666667,6.0,0.0,24.458333333333332
2025-08-25,13.887500000000001,69.91666666666667,4.9875,0.0,3.4583333333333335
2025-08-26,14.487499999999999,71.66666666666667,4.633333333333334,0.0,2.9583333333333335
2025-08-27,15.383333333333333,71.125,5.208333333333333,0.0,0.6666666666666666
2025-08-28,14.470833333333333,80.95833333333333,4.529166666666667,0.0,52.875
2025-08-29,15.704166666666666,72.41666666666667,5.0249999999999995,0.0,66.125
2025-08-30,15.470833333333333,70.875,8.270833333333334,0.0,27.0
2025-08-31,14.816666666666668,70.0,6.5,0.0,0.041666666666666664
